-- Adminer 4.7.8 MySQL dump

SET NAMES utf8;
SET time_zone = '+00:00';
SET foreign_key_checks = 0;
SET sql_mode = 'NO_AUTO_VALUE_ON_ZERO';

DROP TABLE IF EXISTS `cmd_apply`;
CREATE TABLE `cmd_apply` (
  `id` int(10) unsigned NOT NULL AUTO_INCREMENT,
  `pref_id` smallint(5) unsigned DEFAULT NULL,
  `name` varchar(255) NOT NULL,
  `shop_name` varchar(255) NOT NULL,
  `order_mail` varchar(255) NOT NULL,
  `login_id` varchar(255) NOT NULL,
  `company_name` varchar(255) DEFAULT NULL,
  `postal_code` varchar(255) DEFAULT NULL,
  `addr01` varchar(255) DEFAULT NULL,
  `addr02` varchar(255) DEFAULT NULL,
  `representative` varchar(255) DEFAULT NULL,
  `founded_at` varchar(255) DEFAULT NULL,
  `capital` varchar(255) DEFAULT NULL,
  `contact` varchar(255) DEFAULT NULL,
  `stripe_id` varchar(255) DEFAULT NULL,
  `create_date` datetime NOT NULL COMMENT '(DC2Type:datetimetz)',
  `charge_enabled` smallint(6) DEFAULT 0,
  `password` varchar(255) DEFAULT NULL,
  `status` smallint(6) DEFAULT 0,
  `exp_online_shop` smallint(6) DEFAULT NULL,
  `open_schedule` date DEFAULT NULL,
  `inquiry_content` longtext DEFAULT NULL,
  `uuid` varchar(255) DEFAULT NULL,
  `phone_number` varchar(255) DEFAULT NULL,
  `shop_name_kana` varchar(255) DEFAULT NULL,
  PRIMARY KEY (`id`),
  KEY `IDX_3125B573E171EF5F` (`pref_id`),
  CONSTRAINT `FK_3125B573E171EF5F` FOREIGN KEY (`pref_id`) REFERENCES `mtb_pref` (`id`)
) ENGINE=InnoDB DEFAULT CHARSET=utf8;

INSERT INTO `cmd_apply` (`id`, `pref_id`, `name`, `shop_name`, `order_mail`, `login_id`, `company_name`, `postal_code`, `addr01`, `addr02`, `representative`, `founded_at`, `capital`, `contact`, `stripe_id`, `create_date`, `charge_enabled`, `password`, `status`, `exp_online_shop`, `open_schedule`, `inquiry_content`, `uuid`, `phone_number`, `shop_name_kana`) VALUES
(1,	27,	'名前',	'大平',	'doc@hotmail.com',	'test27163',	'アーキテクトラボ',	'5300001',	'大阪市北区梅田',	'大阪市北区梅田',	'test2',	'1900-01-01',	NULL,	NULL,	NULL,	'2021-05-05 07:39:11',	0,	'lSDY.fn[Au',	1,	0,	NULL,	NULL,	NULL,	NULL,	NULL),
(2,	26,	'ライリー',	'rileyshopname',	'riley@subspire.co.jp',	'rileyshop',	'株式会社サブスパイア',	'6293101',	'京丹後市網野町網野',	'123',	'ライリー',	'1906-03-03',	NULL,	NULL,	'acct_1IszSX2VceeK7RZT',	'2021-05-12 01:13:20',	1,	'kCOVeIqDz?',	1,	0,	'2022-03-05',	'test11',	NULL,	NULL,	NULL),
(3,	28,	'大下克己',	'ネギマッチョ',	'info@tspc.co.jp',	'izushi-negi2',	'TSPC株式会社',	'668',	'豊岡市',	'三坂町４－４',	'山本太郎',	'2018-10-01',	NULL,	NULL,	NULL,	'2021-05-20 06:46:52',	0,	'P2(8BS*2GF',	1,	0,	'2021-10-01',	'資料送付依頼',	NULL,	NULL,	NULL),
(4,	28,	'山本',	'てすと申請',	'hikonyan007z1@gmail.com',	'yamamoto1',	'テスト会社',	'6680021',	'豊岡市泉町',	'５',	'山本太郎',	'1900-01-01',	NULL,	NULL,	'acct_1IupoU2YFYnA6iqh',	'2021-05-25 02:03:51',	1,	'x[Dx(SRjpf',	1,	0,	NULL,	NULL,	NULL,	NULL,	NULL),
(5,	28,	'てすと２',	'てすと２',	'abc1@tspc.co.jp',	'yamamoto4',	'TSPC株式会社',	'668',	'豊岡市5',	'５',	'テスト',	'1900-01-01',	NULL,	NULL,	'acct_1Iuu3N2Xv7bxqAyJ',	'2021-05-25 02:41:00',	1,	'ASS*f]hb!e',	1,	0,	NULL,	NULL,	NULL,	NULL,	NULL),
(6,	26,	'テスト名',	'テストショップ名',	'theall_test1@mailinator.com',	'theall_test1',	'テスト１',	'6293101',	'京丹後市網野町網野',	'123',	'テスト代表者',	'1900-01-01',	NULL,	NULL,	'acct_1IvAjt2YOalnf74M',	'2021-05-26 00:28:38',	1,	'reXgZQ!RaS',	1,	0,	NULL,	NULL,	NULL,	NULL,	NULL),
(8,	27,	'名前',	'test2',	'deran43094@slowimo.com',	'test2',	'アーキテクトラボ',	'5300001',	'大阪市北区梅田',	'大阪市北区梅田',	'test2',	NULL,	NULL,	NULL,	NULL,	'2021-06-01 13:16:27',	0,	NULL,	3,	0,	NULL,	NULL,	'09a5ngm02jpv9XIK0OcQrOS2m',	NULL,	NULL),
(9,	27,	'名前',	'test2',	'deran43094@slowimo.com',	'test2',	'アーキテクトラボ',	'5300001',	'大阪市北区梅田',	'大阪市北区梅田',	'test2',	NULL,	NULL,	NULL,	NULL,	'2021-06-01 13:47:23',	0,	NULL,	0,	0,	NULL,	NULL,	'FftEYwmwlrOIvFlGx7qL5Hj6g',	NULL,	NULL),
(34,	27,	'名前',	'test2',	'foyeyi1426@luxiu2.com',	'test2',	'アーキテクトラボ',	'5300001',	'大阪市北区梅田',	'西梅田1丁目6-8',	'代表者',	NULL,	NULL,	NULL,	NULL,	'2021-11-25 09:53:04',	0,	NULL,	0,	0,	NULL,	NULL,	'lOQcTlMh5VT2QuADyEClt3yV7',	NULL,	NULL),
(35,	28,	'小川',	'Veggie de ＋',	'maehara@tspc.co.jp',	'yamada4162',	'Veggie de ＋',	'6680244',	'豊岡市出石町上野',	'34',	'小川',	'1900-01-01',	NULL,	NULL,	'acct_1K68Ur2Z6srEuGzt',	'2021-11-26 05:49:00',	1,	'zq75h!D22p',	1,	0,	NULL,	'設立　未入力\r\n予定時期　未入力',	'zwBUzcMMk6mmTL1YjUH8K8ned',	NULL,	NULL),
(36,	13,	'石原慎太郎',	'coachもどき',	'ohshita@tspc.co.jp',	'coach',	'abcマート',	'1030022',	'中央区日本橋室町',	'3-6',	'テスト太郎',	NULL,	NULL,	NULL,	NULL,	'2022-02-01 07:30:04',	0,	NULL,	0,	0,	NULL,	'会員のメールアドレスでテスト',	'2dsEY4rf2zVl06TqRBjuT7zpG',	NULL,	NULL),
(37,	13,	'鈴木 一郎',	'モノジロウ',	'tanabe.working+mono@gmail.com',	'monojiro1',	'合資会社モノジロウ',	'2010001',	'狛江市西野川',	'123',	'鈴木次郎',	NULL,	NULL,	NULL,	'acct_1KaZKW2VqjbTeqSY',	'2022-03-07 05:38:57',	1,	'zSu7XF!bG8',	1,	0,	NULL,	NULL,	'j7yHPtBDSyIgO2gzjqeHpCtTS',	NULL,	NULL),
(38,	13,	'西郷　真央',	'西郷どん',	'the_all_test_1@mailinator.com',	'saigou',	'有限会社　西郷',	'1010021',	'千代田区外神田',	'3丁目15-5',	'西郷代表',	NULL,	NULL,	NULL,	NULL,	'2022-03-08 02:20:12',	0,	NULL,	3,	0,	NULL,	NULL,	'FVFdKZzPo8k3ZRbrAFbi1guc7',	NULL,	NULL),
(39,	13,	'西郷　真央',	'西郷どん',	'the_all_test_1@mailinator.com',	'saigou',	'有限会社　西郷',	'1010021',	'千代田区外神田',	'3丁目15-5',	'西郷代表',	NULL,	NULL,	NULL,	'acct_1KatVB2Us6YwxjKp',	'2022-03-08 02:25:41',	1,	')4.QzmbxfT',	1,	0,	NULL,	NULL,	'g5Yd15rrNZ94vchkrW3C6xahm',	NULL,	NULL),
(40,	26,	'youhei123',	'テストショップ２',	'test1233113231223@mailinator.com',	'youhei331',	'kaisya',	'6293574',	'京丹後市久美浜町',	'333',	'youhei',	'1996',	NULL,	NULL,	'acct_1KivXQ2aQOSS1qpY',	'2022-03-30 06:56:32',	1,	'CpJbR*CJMJ',	2,	0,	NULL,	NULL,	'tRkOI3Xq5iNOLbpM3RsmmIz1m',	NULL,	NULL),
(41,	26,	'youhei123',	'テストショップ２',	'yyecun505@gmail.com',	'youhei331',	'kaisya',	'6293574',	'京丹後市久美浜町市場',	'333',	'youhei',	NULL,	NULL,	NULL,	NULL,	'2022-03-31 06:42:16',	0,	NULL,	3,	0,	NULL,	NULL,	'ASS0nhZ2iXDoEMZbcfCck3VQG',	NULL,	NULL),
(42,	26,	'youhei1231',	'テストショップ3',	'test12331132312232@mailinator.com',	'youhei331',	'kaisya',	'6293574',	'京丹後市久美浜町市場',	'11',	'youhei',	NULL,	NULL,	NULL,	NULL,	'2022-03-31 06:47:10',	0,	NULL,	3,	0,	NULL,	NULL,	'nFOWJJo0lTreNj5jsEal4x6mx',	NULL,	NULL),
(43,	26,	'youhei1231',	'テストショップ3',	'test12331132312232@mailinator.com',	'youhei331',	'kaisya',	'6293574',	'京丹後市久美浜町市場',	'11',	'youhei',	NULL,	NULL,	NULL,	NULL,	'2022-03-31 06:58:06',	0,	NULL,	2,	0,	NULL,	NULL,	'WRwhqslMEXIJJWopF6xGg0Zeh',	NULL,	NULL),
(44,	26,	'youhei1231',	'テストショップ3',	'test12331132312232@mailinator.com',	'youhei331',	'kaisya',	'6293574',	'京丹後市久美浜町市場',	'11',	'youhei',	NULL,	NULL,	NULL,	NULL,	'2022-03-31 06:58:15',	0,	'RUPoe)0j]f',	0,	0,	NULL,	NULL,	'cvED3Pbybgl6DiZvIg2E9ThVV',	NULL,	NULL),
(45,	26,	'youhei1231',	'テストショップ3',	'test12331132312232@mailinator.com',	'youhei331',	'kaisya',	'6293574',	'京丹後市久美浜町市場',	'11',	'youhei',	NULL,	NULL,	NULL,	NULL,	'2022-03-31 06:59:10',	0,	'0!GP!0rsDv',	0,	0,	NULL,	NULL,	'DgSXWdZXWR32113Rg2Uepjr9p',	NULL,	NULL),
(46,	26,	'youhei1231',	'テストショップ3',	'test1233112312232@mailinator.com',	'youhei331',	'kaisya',	'6293574',	'京丹後市久美浜町市場',	'11',	'youhei',	NULL,	NULL,	NULL,	NULL,	'2022-03-31 07:11:23',	0,	'(clsNKFq]8',	2,	0,	NULL,	NULL,	'Dwezv3dsUjSRWifzpwlNRBO4D',	NULL,	NULL),
(47,	26,	'youhei1231',	'テストショップ3',	'yyecun505@gmail.com',	'youhei331',	'kaisya',	'6293574',	'京丹後市久美浜町市場',	'11',	'youhei',	NULL,	NULL,	NULL,	NULL,	'2022-04-01 01:08:07',	0,	NULL,	3,	0,	NULL,	NULL,	'X5iZAGstWJpyUZqFLGrTFf7VA',	NULL,	NULL),
(48,	26,	'youhei1231test',	'テストショップ3',	'the_all_test1@mailinator.com',	'youhei_test11',	'kaisya',	'6293574',	'京丹後市久美浜町',	'333',	'youhei',	'1996',	NULL,	NULL,	'acct_1Kl6OR2YhHomP8R2',	'2022-04-01 04:47:57',	1,	'O]()5!!-rW',	1,	0,	NULL,	NULL,	'wVZ3Ja0zFkVURDAHyxBI1gMx1',	NULL,	NULL),
(49,	26,	'youhei1231test1',	'テストショップ3',	'the_all_test2@mailinator.com',	'youhei_test1',	'kaisya2',	'6293574',	'京丹後市久美浜町市場',	'2',	'youhei1',	'1997',	NULL,	NULL,	NULL,	'2022-04-01 04:55:15',	0,	NULL,	0,	0,	NULL,	NULL,	'lvTYSwJAM2Zs1gvXhnG3nWoNM',	NULL,	NULL),
(50,	26,	'youhei1231test1',	'テストショップ3',	'the_all_test2@mailinator.com',	'youhei_test12',	'kaisya2',	'6293574',	'京丹後市久美浜町市場',	'2',	'youhei1',	'1997',	NULL,	NULL,	NULL,	'2022-04-01 04:55:29',	0,	'hzF*G?ln43',	1,	0,	NULL,	NULL,	'q2XKHGNlQLasMFOv04rL6Whh8',	NULL,	NULL),
(51,	26,	'youhei1231test1',	'テストショップ3',	'the_all_test2@mailinator.com',	'youhei_test1',	'kaisya2',	'6293574',	'京丹後市久美浜町市場',	'2',	'youhei1',	'1997',	NULL,	NULL,	NULL,	'2022-04-01 04:55:54',	0,	NULL,	0,	0,	NULL,	NULL,	'cz1aN2ng5GGN9lKe0PxfAjv4G',	NULL,	NULL),
(52,	26,	'youhei1231test1',	'テストショップ4',	'the_all_test3@mailinator.com',	'youhei_test1',	'kaisya2',	'6293574',	'京丹後市久美浜町市場',	'2',	'youhei1',	'1997',	NULL,	NULL,	NULL,	'2022-04-01 04:56:27',	0,	'm4(UnglE9u',	1,	0,	NULL,	NULL,	'JacJoTVdma3oh2RGyXmxN9W9P',	NULL,	NULL),
(53,	26,	'test1',	'test1',	'the_all_test4@mailinator.com',	'test111',	'kaisya3',	'6293574',	'京丹後市久美浜町',	'22',	'youhei3',	NULL,	NULL,	NULL,	'acct_1Kjf5G2Y74ppQOkf',	'2022-04-01 05:17:30',	1,	'9ViiPWuI-U',	1,	0,	NULL,	NULL,	'RUqa4nGPGlFUtNHTNPU8gZYXP',	NULL,	NULL),
(54,	28,	'上島龍平',	'上島',	'the_all_test_4@mailinator.com',	'the_all_test_4',	'uesima.co.',	'6680045',	'豊岡市城南町',	'235',	'uesima',	NULL,	NULL,	NULL,	'acct_1KyUQt2ZTNxRlF0S',	'2022-05-12 05:13:13',	1,	'DvRbqj[k[N',	1,	0,	NULL,	NULL,	'RtG17Louk9bEKb2XlkfoKmWJ3',	NULL,	NULL),
(55,	13,	'西村優奈',	'ゴルフ６',	'the_all_test6@mailinator.com',	'golf6',	'ええでごるふ',	'1030005',	'中央区日本橋久松町',	'3-5',	'西村太郎',	'2000/1/5',	NULL,	NULL,	NULL,	'2022-05-12 06:32:31',	0,	NULL,	3,	0,	NULL,	NULL,	'zrGElZWAjBP4PXurGSXFgpzrA',	'090-1234-3355',	'ゴルフ'),
(56,	13,	'西村優奈',	'ゴルフ６',	'the_all_test6@mailinator.com',	'golf6',	'ええでごるふ',	'1030005',	'中央区日本橋久松町',	'3-5',	'西村太郎',	'2000/1/5',	NULL,	NULL,	NULL,	'2022-05-12 06:34:24',	0,	'Z47]kG1M*S',	1,	0,	NULL,	NULL,	'VQczt9Y6yeVJ3Agnswhp5yiLq',	'090-1234-3355',	'ゴルフ'),
(57,	13,	'西村優奈',	'ゴルフ６',	'the_all_test6@mailinator.com',	'golf6',	'ええでごるふ',	'1030005',	'中央区日本橋久松町',	'3-5',	'西村太郎',	'2000/1/5',	NULL,	NULL,	NULL,	'2022-05-12 06:34:51',	0,	NULL,	3,	0,	NULL,	NULL,	'J52ypVCLTiuQN7FgBoa6rwpV7',	'090-1234-3355',	'ゴルフ'),
(58,	26,	'テスト５',	'てすと５',	'riley+test5@subspire.co.jp',	'testfive',	'test five',	'6293421',	'京丹後市久美浜町葛野',	'123',	'riley',	NULL,	NULL,	NULL,	'acct_1NNcAVFPMyXG15IV',	'2023-06-27 13:38:27',	1,	'!Lv2Cg6OaN',	1,	0,	NULL,	NULL,	'nlRxOEAv6fsZpz0f7Ii1cKMn9',	'123-1234-1234',	'テストファイブ'),
(59,	28,	'山下　美憂',	'スリクソン',	'the_all_test_7@mailinator.com',	'srixon',	'スリクソン株式会社',	'6680044',	'豊岡市山王町',	'3-8',	'山下美優',	'1980/10/10',	NULL,	NULL,	'acct_1NQ1fKFaFYnZev9v',	'2023-07-04 05:16:19',	1,	'MqEBA.*AyL',	1,	0,	'2023-08-01',	NULL,	'6BS4XwcHt6FuHeIo3prmczbdS',	'0796-23-5555',	'スリクソン');

DROP TABLE IF EXISTS `cmd_blog`;
CREATE TABLE `cmd_blog` (
  `id` int(10) unsigned NOT NULL AUTO_INCREMENT,
  `blog_type_id` smallint(5) unsigned DEFAULT NULL,
  `category_id` int(10) unsigned DEFAULT NULL,
  `title` longtext NOT NULL,
  `content` longtext DEFAULT NULL,
  `publish_date` datetime DEFAULT NULL COMMENT '(DC2Type:datetimetz)',
  `visible` tinyint(1) NOT NULL DEFAULT 1,
  `thumbnail` varchar(255) DEFAULT NULL,
  `create_date` datetime NOT NULL COMMENT '(DC2Type:datetimetz)',
  `update_date` datetime NOT NULL COMMENT '(DC2Type:datetimetz)',
  PRIMARY KEY (`id`),
  KEY `IDX_1950CE1D29BA3110` (`blog_type_id`),
  KEY `IDX_1950CE1D12469DE2` (`category_id`),
  CONSTRAINT `FK_1950CE1D12469DE2` FOREIGN KEY (`category_id`) REFERENCES `cmd_content_category` (`id`),
  CONSTRAINT `FK_1950CE1D29BA3110` FOREIGN KEY (`blog_type_id`) REFERENCES `cme_blog_type` (`id`)
) ENGINE=InnoDB DEFAULT CHARSET=utf8;

INSERT INTO `cmd_blog` (`id`, `blog_type_id`, `category_id`, `title`, `content`, `publish_date`, `visible`, `thumbnail`, `create_date`, `update_date`) VALUES
(1,	1,	1,	'いよいよという時に言葉が出ない',	'<p>いよいよという時に言葉が出ない。 私は気が短いし、口も軽い男だ。 ３年前に東京へ来て以来ここに住んでいる。 村人たちは皆、行方不明になった猫を探すために山の中へでかけた。 日没は言葉では表現できないほど美しかった。 ８ギガバイトのハードディスクがあれば十分だと思います。 彼氏が留置所に入って10日経ちました。 いや、大丈夫だ。 ああいう洗練された人々の中で、自分はまったく場違いな気がした。 誰にでも長所と短所がある。</p>\r\n\r\n<p>いろいろな意味で、正直が最善の策であることは言うまでもない。 エジソンの成功は知性と勤勉との結果でもある。 あの方が言われる事を、何でもしてあげて下さい。 イベントが成功したのは貴殿のたゆみ無い努力と献身のおかげです。 村人たちは皆、行方不明になった猫を探すために山の中へでかけた。 イルカは頭のよい遊び好きな生き物だ。 あの方が言われる事を、何でもしてあげて下さい。 あなたは船で旅行をしますか、飛行機でしますか。 いい手品師になろうと本気で思っている。 イベントが成功したのは貴殿のたゆみ無い努力と献身のおかげです。</p>\r\n\r\n<p>イングランドはその試合に勝つだろう。 日本人ならそんなことはけっしてしないでしょう。 ここで写真を撮らないでください。 インフレを抑制しようとして金融政策に偏重すると、金融、したがって景気を必要以上に締め付けることになりかねない。 ログアウトするんじゃなかったよ。 いろいろな国へ行ったがやっぱり日本が一番いい。 ３人のうちの１人が芝刈り機で私の庭を大雑把にさっと刈り、もう一人が妻の庭の端の伸びた雑草をさっと２、３回刈り、残りの一人はトラックに上がってタバコをすっていた。 インクで書かなければだめですか。 いままで誰もその山頂に到達できていない。 インターネットのテクノロジーは日進月歩、いや、秒進分歩で進歩している。</p>\r\n\r\n<p>イングランドはその試合に勝つだろう。 Ａ ｓｐｏｔ ｏｆ ｓｈｕｔ―ｅｙｅ は、また猫のいねむりともいわれている。猫は１度に２〜３分しか寝ない癖があるからだ。 ＡＢＣ社のガードナー氏は、２月２０日から２７日までマリオットホテルに滞在中で、ぜひあなたに会いたいとのことです。 インクで書かなければだめですか。 イルカは人間に次いで最も知能が高く、やがては彼らとの対話も夢ではないと考えている科学者もいる。 ２、３年でフランス語に熟達するのはきわめて難しい。 いやあ、見事に晴れ渡った秋の日になったね。これが台風一過というやつかね。 授業は八時三十分から始まるから。 何時ですか。 この天気とは気長に付き合っていくしかない。</p>\r\n\r\n<p>そんな不当な提案は、拒否すべきだったのに。 エヴェレスト山は海抜２９、００２フィートです。 そうしたなかで急速な進歩を遂げてきたのが、ITである。 ９時半の電車に乗れば、何時に秋田につきますか。 汚い行為の報いは必ず自分に返ってくる。 １か月あまり名古屋に居たことがある。 あんたらの名前なんか興味ないね。どうせこの仕事が終わるとお別れだ。 ログアウトするんじゃなかったよ。 ああ、怖かった。 エジソンの成功は知性と勤勉との結果でもある。</p>',	'2021-02-18 13:18:00',	1,	'space-602e6935934cc_2021_02_18_22_18_45.jpg',	'2021-02-18 13:18:47',	'2021-02-18 13:18:47'),
(2,	1,	2,	'あなたは大学で何を勉強したいのですか。',	'<p>あなたは大学で何を勉強したいのですか。 あなたは船で旅行をしますか、飛行機でしますか。 あんたらの名前なんか興味ないね。どうせこの仕事が終わるとお別れだ。 １か月あまり名古屋に居たことがある。 日本人ならそんなことはけっしてしないでしょう。 ２、３ページの英語を訳すのに２時間以上もかかりました。 ３年前に東京へ来て以来ここに住んでいる。 インクで書かなければだめですか。 いまにも絶滅しようとしている野生動物もいます。 ブラウンさんをお願いします。</p>\r\n\r\n<p><img src=\"/html/upload/save_image/admin/image-602e6960437e3_2021_02_18_22_19_28.png\" style=\"height:471px; width:800px\" /></p>\r\n\r\n<p>今日はとても暑い。 これが探していたものだ」と彼は叫んだ。 汚い行為の報いは必ず自分に返ってくる。 すぐに諦めて昼寝をするかも知れない。 イベントが成功したのは貴殿のたゆみ無い努力と献身のおかげです。 ７月の天候はだいたい暑い。 彼は、詩人ではなくて小説家だ。 いや、大丈夫だ。 エコロジーのために堪え忍ぶのではなく、自然と調和した住環境の快適性が必要である。 彼は、詩人ではなくて小説家だ。</p>\r\n\r\n<p><strong>いままで誰もその山頂に到達できていな</strong>い。 おはよう」とトムは微笑みながら言った。 ７月には七夕がある。 今日はとても暑い。 イメージはマスコミの情報に形成される。 信用して」と彼は言った。 イメージはマスコミの情報に形成される。 イメージはマスコミの情報に形成される。 いろいろな国へ行ったがやっぱり日本が一番いい。 イルカは人間に次いで最も知能が高く、やがては彼らとの対話も夢ではないと考えている科学者もいる。</p>\r\n\r\n<p>彼は、<u>詩人ではなくて小説家だ。 </u>「<em>怒ると彼はトラになる</em>」というのは隠喩の例である。 イルカは人間に次いで最も知能が高く、やがては彼らとの対話も夢ではないと考えている科学者もいる。 肩慣らしには丁度いいかも。 そんな不当な提案は、拒否すべきだったのに。 ７月の天候はだいたい暑い。 イルカは人間に次いで最も知能が高く、やがては彼らとの対話も夢ではないと考えている科学者もいる。 いい誕生日を迎えられますように。 彼氏が留置所に入って10日経ちました。 10分だけ付き合おう。</p>\r\n\r\n<p>インターネットのテクノロジーは日進月歩、いや、秒進分歩で進歩している。 信用して」と彼は言った。 あら、申し訳ございません。 ３人のうちの１人が芝刈り機で私の庭を大雑把にさっと刈り、もう一人が妻の庭の端の伸びた雑草をさっと２、３回刈り、残りの一人はトラックに上がってタバコをすっていた。 おはよう」とトムは微笑みながら言った。 イングランドはその試合に勝つだろう。 10分だけ付き合おう。 彼氏が留置所に入って10日経ちました。 すぐに諦めて昼寝をするかも知れない。 きょう何を昼食に食べましたか。</p>',	'2021-02-18 13:19:00',	1,	NULL,	'2021-02-18 13:19:44',	'2021-02-24 09:37:38'),
(7,	2,	4,	'１１時になっているよ。 彼は約束を破った',	'<p>１１時になっているよ。 彼は約束を破った。 授業は八時三十分から始まるから。 あら、申し訳ございません。 １１時になっているよ。 イングランドはその試合に勝つだろう。 授業は八時三十分から始まるから。 エコロジーのために堪え忍ぶのではなく、自然と調和した住環境の快適性が必要である。 ７月には七夕がある。 いや、大丈夫だ。</p>\r\n\r\n<p>いやしくも何かをするなら、じょうずにやりなさい。 いまだかつて偉大なもので熱烈な精神なくして成し遂げられたものは何もない。 いまだかつて偉大なもので熱烈な精神なくして成し遂げられたものは何もない。 これが探していたものだ」と彼は叫んだ。 いや、大丈夫だ。 ああいう洗練された人々の中で、自分はまったく場違いな気がした。 あなたは大学で何を勉強したいのですか。 イメージはマスコミの情報に形成される。 あんたらの名前なんか興味ないね。どうせこの仕事が終わるとお別れだ。 ああいう洗練された人々の中で、自分はまったく場違いな気がした。</p>\r\n\r\n<p>驚かない所をみると知ってたのね。 ９時半の電車に乗れば、何時に秋田につきますか。 １９８４年の８月、私は仕事でたまたま沖縄に行く事になった。 ９０歳以上生きることは決してまれではない。 何時ですか。 あなたは大学で何を勉強したいのですか。 イベントが成功したのは貴殿のたゆみ無い努力と献身のおかげです。 あんたらの名前なんか興味ないね。どうせこの仕事が終わるとお別れだ。 いつの日か人間は砂漠を開拓して農業に利用するだろう。 ＡＳＥＡＮという文字は東南アジア諸国連合を表します。</p>\r\n\r\n<p>６ヵ月靴を買っていない。新しいのを買ってよい頃だ。 ３人のうちの１人が芝刈り機で私の庭を大雑把にさっと刈り、もう一人が妻の庭の端の伸びた雑草をさっと２、３回刈り、残りの一人はトラックに上がってタバコをすっていた。 いい手品師になろうと本気で思っている。 授業は八時三十分から始まるから。 うちは黒１匹、白２匹で、３匹の猫を飼っている。 ７月には七夕がある。 彼は約束を破った。 きょう何を昼食に食べましたか。 ９時半の電車に乗れば、何時に秋田につきますか。 学校まで１０分で歩いて行ける。</p>\r\n\r\n<p>彼らのコミュニケーションは我々が考えてきたものよりはるかに複雑かもしれません。 村人たちは皆、行方不明になった猫を探すために山の中へでかけた。 社長さんの車種と色は？ この天気とは気長に付き合っていくしかない。 そうしたなかで急速な進歩を遂げてきたのが、ITである。 「ハムレット」はこれまでで最もおもしろい戯曲だと言われている。 「これはとてもおもしろそうだね」とひろしが言います。 イベントが成功したのは貴殿のたゆみ無い努力と献身のおかげです。 社長さんの車種と色は？ １か月あまり名古屋に居たことがある。</p>',	'2021-02-19 03:14:00',	1,	'aqua-60346328e394f_2021_02_23_11_06_32.jpg',	'2021-02-19 03:14:54',	'2022-02-23 06:17:04'),
(8,	2,	5,	'test333',	'<p>test333</p>',	'2021-02-19 03:46:00',	1,	'cornfield-4240209__340-603464595c1dc_2021_02_23_11_11_37.jpg',	'2021-02-19 03:46:38',	'2021-02-23 02:11:38'),
(9,	2,	5,	'その２',	'<p>１１時になっているよ。 彼は約束を破った。 授業は八時三十分から始まるから。 あら、申し訳ございません。 １１時になっているよ。 イングランドはその試合に勝つだろう。 授業は八時三十分から始まるから。 エコロジーのために堪え忍ぶのではなく、自然と調和した住環境の快適性が必要である。 ７月には七夕がある。 いや、大丈夫だ。</p>\r\n\r\n<p>いやしくも何かをするなら、じょうずにやりなさい。 いまだかつて偉大なもので熱烈な精神なくして成し遂げられたものは何もない。 いまだかつて偉大なもので熱烈な精神なくして成し遂げられたものは何もない。 これが探していたものだ」と彼は叫んだ。 いや、大丈夫だ。 ああいう洗練された人々の中で、自分はまったく場違いな気がした。 あなたは大学で何を勉強したいのですか。 イメージはマスコミの情報に形成される。 あんたらの名前なんか興味ないね。どうせこの仕事が終わるとお別れだ。 ああいう洗練された人々の中で、自分はまったく場違いな気がした。</p>\r\n\r\n<p>驚かない所をみると知ってたのね。 ９時半の電車に乗れば、何時に秋田につきますか。 １９８４年の８月、私は仕事でたまたま沖縄に行く事になった。 ９０歳以上生きることは決してまれではない。 何時ですか。 あなたは大学で何を勉強したいのですか。 イベントが成功したのは貴殿のたゆみ無い努力と献身のおかげです。 あんたらの名前なんか興味ないね。どうせこの仕事が終わるとお別れだ。 いつの日か人間は砂漠を開拓して農業に利用するだろう。 ＡＳＥＡＮという文字は東南アジア諸国連合を表します。</p>\r\n\r\n<p>６ヵ月靴を買っていない。新しいのを買ってよい頃だ。 ３人のうちの１人が芝刈り機で私の庭を大雑把にさっと刈り、もう一人が妻の庭の端の伸びた雑草をさっと２、３回刈り、残りの一人はトラックに上がってタバコをすっていた。 いい手品師になろうと本気で思っている。 授業は八時三十分から始まるから。 うちは黒１匹、白２匹で、３匹の猫を飼っている。 ７月には七夕がある。 彼は約束を破った。 きょう何を昼食に食べましたか。 ９時半の電車に乗れば、何時に秋田につきますか。 学校まで１０分で歩いて行ける。</p>\r\n\r\n<p>彼らのコミュニケーションは我々が考えてきたものよりはるかに複雑かもしれません。 村人たちは皆、行方不明になった猫を探すために山の中へでかけた。 社長さんの車種と色は？ この天気とは気長に付き合っていくしかない。 そうしたなかで急速な進歩を遂げてきたのが、ITである。 「ハムレット」はこれまでで最もおもしろい戯曲だと言われている。 「これはとてもおもしろそうだね」とひろしが言います。 イベントが成功したのは貴殿のたゆみ無い努力と献身のおかげです。 社長さんの車種と色は？ １か月あまり名古屋に居たことがある。</p>',	'2021-02-19 06:51:00',	1,	'corn-691634__340-60346449e0d3d_2021_02_23_11_11_21.jpg',	'2021-02-19 06:51:42',	'2021-02-23 02:11:24'),
(10,	2,	5,	'その３',	'<p>１１時になっているよ。 彼は約束を破った。 授業は八時三十分から始まるから。 あら、申し訳ございません。 １１時になっているよ。 イングランドはその試合に勝つだろう。 授業は八時三十分から始まるから。 エコロジーのために堪え忍ぶのではなく、自然と調和した住環境の快適性が必要である。 ７月には七夕がある。 いや、大丈夫だ。</p>\r\n\r\n<p>いやしくも何かをするなら、じょうずにやりなさい。 いまだかつて偉大なもので熱烈な精神なくして成し遂げられたものは何もない。 いまだかつて偉大なもので熱烈な精神なくして成し遂げられたものは何もない。 これが探していたものだ」と彼は叫んだ。 いや、大丈夫だ。 ああいう洗練された人々の中で、自分はまったく場違いな気がした。 あなたは大学で何を勉強したいのですか。 イメージはマスコミの情報に形成される。 あんたらの名前なんか興味ないね。どうせこの仕事が終わるとお別れだ。 ああいう洗練された人々の中で、自分はまったく場違いな気がした。</p>\r\n\r\n<p>驚かない所をみると知ってたのね。 ９時半の電車に乗れば、何時に秋田につきますか。 １９８４年の８月、私は仕事でたまたま沖縄に行く事になった。 ９０歳以上生きることは決してまれではない。 何時ですか。 あなたは大学で何を勉強したいのですか。 イベントが成功したのは貴殿のたゆみ無い努力と献身のおかげです。 あんたらの名前なんか興味ないね。どうせこの仕事が終わるとお別れだ。 いつの日か人間は砂漠を開拓して農業に利用するだろう。 ＡＳＥＡＮという文字は東南アジア諸国連合を表します。</p>\r\n\r\n<p>６ヵ月靴を買っていない。新しいのを買ってよい頃だ。 ３人のうちの１人が芝刈り機で私の庭を大雑把にさっと刈り、もう一人が妻の庭の端の伸びた雑草をさっと２、３回刈り、残りの一人はトラックに上がってタバコをすっていた。 いい手品師になろうと本気で思っている。 授業は八時三十分から始まるから。 うちは黒１匹、白２匹で、３匹の猫を飼っている。 ７月には七夕がある。 彼は約束を破った。 きょう何を昼食に食べましたか。 ９時半の電車に乗れば、何時に秋田につきますか。 学校まで１０分で歩いて行ける。</p>\r\n\r\n<p>彼らのコミュニケーションは我々が考えてきたものよりはるかに複雑かもしれません。 村人たちは皆、行方不明になった猫を探すために山の中へでかけた。 社長さんの車種と色は？ この天気とは気長に付き合っていくしかない。 そうしたなかで急速な進歩を遂げてきたのが、ITである。 「ハムレット」はこれまでで最もおもしろい戯曲だと言われている。 「これはとてもおもしろそうだね」とひろしが言います。 イベントが成功したのは貴殿のたゆみ無い努力と献身のおかげです。 社長さんの車種と色は？ １か月あまり名古屋に居たことがある。</p>',	'2021-02-19 06:52:00',	1,	'back_image-60346433171de_2021_02_23_11_10_59.jpg',	'2021-02-19 06:52:14',	'2021-02-24 09:34:56'),
(11,	2,	5,	'ラーメン特集！',	'<p>寒い日も暑い日もみんな大好きラーメン。</p>\r\n\r\n<p>&nbsp;</p>\r\n\r\n<p><img src=\"/html/upload/save_image/admin/42192234_m-1-1080x720-602f6c50c960f_2021_02_19_16_44_16.jpg\" style=\"height:213px; width:320px\" /></p>',	'2021-02-19 07:40:00',	1,	'Shoyu_ramen,_at_Kasukabe_Station_(2014.05.05)_2-602f6c4ab1779_2021_02_19_16_44_10.jpg',	'2021-02-19 07:45:02',	'2021-02-24 09:34:31'),
(12,	2,	5,	'情報発信サイト 001',	'<p><img src=\"/html/upload/save_image/admin/image-602fa4640c983_2021_02_19_20_43_32.png\" style=\"height:396px; width:404px\" /></p>',	'2021-02-19 11:43:00',	1,	'2025_vacation_rentals_03-602fa46e3a70f_2021_02_19_20_43_42.jpg',	'2021-02-19 11:44:06',	'2021-02-19 11:44:06'),
(13,	2,	6,	'御霊神社',	'<p>御霊神社の祭神は宇賀御霊大神であって元来稲を主宰し給う神を祀ったことから五穀豊穣商売繁昌の神として崇められてきました。<br />\r\nしかしこの本社を御霊神社と云うのは明智光秀公を祀ったことに由来しています。光秀公は織田信長公を倒したことから逆臣の名を史上に遺していますが、彼は丹波に於て諸豪が所々に割拠していたものを平定しその拠点として福知山城を修造し、由良川に長い堤防を構築して其流路を転じ、氾濫を防ぎ、ここに城下町を建築するに当たっては地子を命ずるなど、種々善政を施したので郷民は悦服しました。生前人々に慕われて居たものが冤罪（エンザイ）を蒙った様な場合に、その御霊を慰めようとした御霊社が各地にあり、本社もその一例であります。</p>\r\n\r\n<p>&nbsp;</p>\r\n\r\n<p><img src=\"/html/upload/save_image/admin/20210116_143015-62185e192bf6f_2022_02_25_13_42_01.jpg\" style=\"height:300px; width:135px\" />&nbsp; <img src=\"/html/upload/save_image/admin/20210116_143430-62185e41b2614_2022_02_25_13_42_41.jpg\" style=\"height:200px; width:444px\" /></p>\r\n\r\n<p>アクセス</p>\r\n\r\n<p>住所：〒620-0038<br />\r\n京都府福知山市西中ノ町238</p>\r\n\r\n<p>&nbsp;</p>',	'2020-02-23 01:49:00',	1,	'20210116_143317-6034629bf1ccd_2021_02_23_11_04_11.jpg',	'2021-02-23 02:01:06',	'2022-02-25 04:44:33'),
(14,	1,	1,	'test',	'<p>test</p>',	'2021-06-15 12:47:00',	1,	'20201008_103646-621591072efa4_2022_02_23_10_42_31.jpg',	'2021-06-15 12:47:45',	'2022-02-23 01:44:02'),
(15,	1,	9,	'新規オープンしました',	'<p>このたび新規オープンしました</p>\r\n\r\n<p>あああああああ</p>\r\n\r\n<p><strong>ｄｄｄｄｄｄｄｇｇｇ</strong></p>\r\n\r\n<p>&nbsp;</p>\r\n\r\n<p><span style=\"font-size:22px\">ｇｇｇｇｇｇ</span></p>\r\n\r\n<p><span style=\"font-size:22px\">ｈｈｈｈｈ</span></p>\r\n\r\n<p>&nbsp;</p>\r\n\r\n<p>ｈｈｈｈ</p>',	'2022-02-25 01:44:00',	0,	'20210113_152018-621591df10ba5_2022_02_23_10_46_07.jpg',	'2022-02-23 01:46:10',	'2022-02-23 01:48:12'),
(16,	1,	9,	'適当',	'<p>店って</p>',	'2022-02-23 01:49:00',	1,	NULL,	'2022-02-23 01:50:14',	'2022-02-23 01:50:14');

DROP TABLE IF EXISTS `cmd_blog_tag`;
CREATE TABLE `cmd_blog_tag` (
  `blog_id` int(10) unsigned NOT NULL,
  `tag_id` int(10) unsigned NOT NULL,
  `create_date` datetime NOT NULL COMMENT '(DC2Type:datetimetz)',
  PRIMARY KEY (`blog_id`,`tag_id`),
  KEY `IDX_A9706FE5DAE07E97` (`blog_id`),
  KEY `IDX_A9706FE5BAD26311` (`tag_id`),
  CONSTRAINT `FK_A9706FE5BAD26311` FOREIGN KEY (`tag_id`) REFERENCES `cmd_content_tag` (`id`),
  CONSTRAINT `FK_A9706FE5DAE07E97` FOREIGN KEY (`blog_id`) REFERENCES `cmd_blog` (`id`)
) ENGINE=InnoDB DEFAULT CHARSET=utf8;

INSERT INTO `cmd_blog_tag` (`blog_id`, `tag_id`, `create_date`) VALUES
(2,	7,	'2021-02-24 09:37:38'),
(7,	1,	'2022-02-23 06:17:04'),
(7,	2,	'2022-02-23 06:17:04'),
(7,	3,	'2022-02-23 06:17:04'),
(7,	4,	'2022-02-23 06:17:04'),
(7,	5,	'2022-02-23 06:17:04'),
(7,	6,	'2022-02-23 06:17:04'),
(10,	3,	'2021-02-24 09:34:56'),
(10,	5,	'2021-02-24 09:34:56'),
(10,	6,	'2021-02-24 09:34:56'),
(11,	3,	'2021-02-24 09:34:31'),
(13,	1,	'2022-02-25 04:44:33'),
(14,	13,	'2022-02-23 01:44:02'),
(14,	14,	'2022-02-23 01:44:02'),
(14,	15,	'2022-02-23 01:44:02'),
(15,	8,	'2022-02-23 01:48:12'),
(15,	13,	'2022-02-23 01:48:12'),
(15,	14,	'2022-02-23 01:48:12'),
(15,	15,	'2022-02-23 01:48:12'),
(15,	17,	'2022-02-23 01:48:12');

DROP TABLE IF EXISTS `cmd_buyer_commitment`;
CREATE TABLE `cmd_buyer_commitment` (
  `id` int(10) unsigned NOT NULL AUTO_INCREMENT,
  `product_id` int(10) unsigned DEFAULT NULL,
  `image` varchar(255) DEFAULT NULL,
  `title` varchar(255) DEFAULT NULL,
  `content` longtext DEFAULT NULL,
  PRIMARY KEY (`id`),
  KEY `IDX_5CAB879C4584665A` (`product_id`),
  CONSTRAINT `FK_5CAB879C4584665A` FOREIGN KEY (`product_id`) REFERENCES `dtb_product` (`id`)
) ENGINE=InnoDB DEFAULT CHARSET=utf8;

INSERT INTO `cmd_buyer_commitment` (`id`, `product_id`, `image`, `title`, `content`) VALUES
(1,	2,	'0323040809_6058eb19a3801.png',	'ー素材\r\n産最高農本わらび使用',	'国産本藤粉の中でも、一度にわずかしか採れず、雑味の少ない\r\n国産Aランク(最高ランク)本藤粉をふんだんに使用しておりま'),
(2,	2,	'0323041331_6058ec5b9cda1.png',	'ー製法\r\n京都老舗の熟練職人の技',	'熱伝導の良い特製の小さな銅鍋を使用し、熟練の職人の技巧で\r\nある「本練り」と呼ばれる方法で練り上げます。 機械を使用し\r\nない手作りのため、一日にお作り出来る数に限りがございます\r\nので、ご来店の際にはお電話でのご予約をお勧めいたします。\r\nfrtj'),
(3,	2,	'0323041351_6058ec6f150a0.png',	'ーこだわり\r\n最高級京きな粉と抹茶きな粉',	'厳選された丹波産の黒豆から作った、ふんわりときめ細やかな\r\n「京きなこ」と「抹茶まきな粉]をお付け致しました。 わらび餅\r\nに直接かけても、お皿に移して、きな粉をつけながらでも美味\r\nしくお召し上がりいただけます。 お好みのお召し上がり方で、\r\n最上のひと時をお楽しみください。\r\ndfh045uyh');

DROP TABLE IF EXISTS `cmd_buyer_review`;
CREATE TABLE `cmd_buyer_review` (
  `id` int(10) unsigned NOT NULL AUTO_INCREMENT,
  `product_id` int(10) unsigned DEFAULT NULL,
  `image` varchar(255) DEFAULT NULL,
  `title` varchar(255) DEFAULT NULL,
  `content` longtext DEFAULT NULL,
  PRIMARY KEY (`id`),
  KEY `IDX_5D54EEF04584665A` (`product_id`),
  CONSTRAINT `FK_5D54EEF04584665A` FOREIGN KEY (`product_id`) REFERENCES `dtb_product` (`id`)
) ENGINE=InnoDB DEFAULT CHARSET=utf8;


DROP TABLE IF EXISTS `cmd_content_category`;
CREATE TABLE `cmd_content_category` (
  `id` int(10) unsigned NOT NULL AUTO_INCREMENT,
  `blog_type_id` smallint(5) unsigned DEFAULT NULL,
  `category_name` tinytext NOT NULL,
  `sort_no` smallint(5) unsigned NOT NULL DEFAULT 0,
  `create_date` datetime NOT NULL COMMENT '(DC2Type:datetimetz)',
  `update_date` datetime NOT NULL COMMENT '(DC2Type:datetimetz)',
  PRIMARY KEY (`id`),
  KEY `IDX_B69442829BA3110` (`blog_type_id`),
  CONSTRAINT `FK_B69442829BA3110` FOREIGN KEY (`blog_type_id`) REFERENCES `cme_blog_type` (`id`)
) ENGINE=InnoDB DEFAULT CHARSET=utf8;

INSERT INTO `cmd_content_category` (`id`, `blog_type_id`, `category_name`, `sort_no`, `create_date`, `update_date`) VALUES
(1,	1,	'セール',	1,	'2021-02-18 13:17:45',	'2022-02-23 01:38:33'),
(2,	1,	'企画２',	3,	'2021-02-18 13:17:47',	'2022-02-23 01:38:33'),
(3,	1,	'イベント',	7,	'2021-02-18 13:17:52',	'2022-02-23 01:38:33'),
(4,	2,	'CSA',	6,	'2021-02-19 03:14:06',	'2022-02-23 06:11:29'),
(5,	2,	'地産地消',	4,	'2021-02-19 03:14:10',	'2022-02-23 06:11:29'),
(6,	2,	'神社仏閣',	5,	'2021-02-19 03:14:12',	'2022-02-23 06:11:29'),
(9,	1,	'適当な長さまで対応できるかをテストしてみる',	2,	'2022-02-23 01:36:10',	'2022-02-23 01:38:33'),
(10,	1,	'新規',	8,	'2022-02-23 01:52:54',	'2022-02-23 01:53:21');

DROP TABLE IF EXISTS `cmd_content_tag`;
CREATE TABLE `cmd_content_tag` (
  `id` int(10) unsigned NOT NULL AUTO_INCREMENT,
  `blog_type_id` smallint(5) unsigned DEFAULT NULL,
  `tag_name` varchar(255) NOT NULL,
  `sort_no` smallint(5) unsigned NOT NULL DEFAULT 0,
  `create_date` datetime NOT NULL COMMENT '(DC2Type:datetimetz)',
  `update_date` datetime NOT NULL COMMENT '(DC2Type:datetimetz)',
  PRIMARY KEY (`id`),
  KEY `IDX_E2F7F62029BA3110` (`blog_type_id`),
  CONSTRAINT `FK_E2F7F62029BA3110` FOREIGN KEY (`blog_type_id`) REFERENCES `cme_blog_type` (`id`)
) ENGINE=InnoDB DEFAULT CHARSET=utf8;

INSERT INTO `cmd_content_tag` (`id`, `blog_type_id`, `tag_name`, `sort_no`, `create_date`, `update_date`) VALUES
(1,	2,	'穴場スポット',	1,	'2021-02-24 09:28:25',	'2022-02-23 06:12:50'),
(2,	2,	'観光',	2,	'2021-02-24 09:30:05',	'2022-02-23 06:12:50'),
(3,	2,	'飲食',	3,	'2021-02-24 09:32:42',	'2022-02-23 06:12:50'),
(4,	2,	'旅行',	4,	'2021-02-24 09:33:30',	'2022-02-23 06:12:50'),
(5,	2,	'野菜',	5,	'2021-02-24 09:33:43',	'2022-02-23 06:12:50'),
(6,	2,	'果物',	6,	'2021-02-24 09:33:48',	'2022-02-23 06:12:50'),
(7,	1,	'ピザ',	13,	'2021-02-24 09:36:19',	'2022-02-23 01:23:26'),
(8,	1,	'セーター',	10,	'2021-02-24 09:36:33',	'2022-02-23 01:23:26'),
(9,	1,	'DIY',	7,	'2021-02-24 09:37:08',	'2022-02-23 01:23:26'),
(12,	1,	'アウター',	11,	'2022-02-23 01:18:26',	'2022-02-23 01:23:26'),
(13,	1,	'ラーメン',	14,	'2022-02-23 01:18:33',	'2022-02-23 01:23:26'),
(14,	1,	'寿し',	15,	'2022-02-23 01:18:40',	'2022-02-23 01:23:26'),
(15,	1,	'うどん',	16,	'2022-02-23 01:18:55',	'2022-02-23 01:23:26'),
(16,	1,	'パンツ',	12,	'2022-02-23 01:19:02',	'2022-02-23 01:23:26'),
(17,	1,	'靴下',	8,	'2022-02-23 01:23:19',	'2022-02-23 01:23:26');

DROP TABLE IF EXISTS `cmd_customer_history`;
CREATE TABLE `cmd_customer_history` (
  `id` int(10) unsigned NOT NULL AUTO_INCREMENT,
  `customer_id` int(10) unsigned DEFAULT NULL,
  `product_id` int(10) unsigned DEFAULT NULL,
  `shop_id` int(10) unsigned DEFAULT NULL,
  `create_date` datetime NOT NULL COMMENT '(DC2Type:datetimetz)',
  `discriminator_type` varchar(255) NOT NULL,
  PRIMARY KEY (`id`),
  KEY `IDX_64F563F39395C3F3` (`customer_id`),
  KEY `IDX_64F563F34584665A` (`product_id`),
  KEY `IDX_64F563F34D16C4DD` (`shop_id`),
  CONSTRAINT `FK_64F563F34584665A` FOREIGN KEY (`product_id`) REFERENCES `dtb_product` (`id`),
  CONSTRAINT `FK_64F563F34D16C4DD` FOREIGN KEY (`shop_id`) REFERENCES `cmd_shop` (`id`),
  CONSTRAINT `FK_64F563F39395C3F3` FOREIGN KEY (`customer_id`) REFERENCES `dtb_customer` (`id`)
) ENGINE=InnoDB DEFAULT CHARSET=utf8;

INSERT INTO `cmd_customer_history` (`id`, `customer_id`, `product_id`, `shop_id`, `create_date`, `discriminator_type`) VALUES
(2,	1,	1,	NULL,	'2021-03-04 08:46:02',	'product_customer_history'),
(6,	1,	2,	NULL,	'2021-03-09 01:31:16',	'product_customer_history'),
(8,	1,	5,	NULL,	'2021-03-09 01:37:52',	'product_customer_history'),
(12,	2,	3,	NULL,	'2021-03-16 07:42:32',	'product_customer_history'),
(15,	2,	8,	NULL,	'2021-03-17 02:25:01',	'product_customer_history'),
(16,	6,	9,	NULL,	'2021-03-17 06:06:01',	'product_customer_history'),
(20,	2,	6,	NULL,	'2021-03-18 08:39:27',	'product_customer_history'),
(22,	2,	7,	NULL,	'2021-03-18 09:09:47',	'product_customer_history'),
(25,	2,	NULL,	23,	'2021-03-19 08:16:51',	'shop_customer_history'),
(26,	2,	NULL,	24,	'2021-03-19 08:16:56',	'shop_customer_history'),
(28,	2,	NULL,	19,	'2021-03-19 08:17:15',	'shop_customer_history'),
(29,	2,	NULL,	20,	'2021-03-19 08:17:26',	'shop_customer_history'),
(30,	1,	9,	NULL,	'2021-03-22 12:41:20',	'product_customer_history'),
(31,	2,	28,	NULL,	'2021-04-08 04:31:06',	'product_customer_history'),
(32,	2,	30,	NULL,	'2021-04-08 05:29:45',	'product_customer_history'),
(33,	2,	10,	NULL,	'2021-04-08 05:46:42',	'product_customer_history'),
(34,	2,	23,	NULL,	'2021-04-08 07:03:56',	'product_customer_history'),
(36,	2,	NULL,	22,	'2021-04-08 07:16:11',	'shop_customer_history'),
(37,	2,	22,	NULL,	'2021-04-08 07:16:26',	'product_customer_history'),
(39,	2,	25,	NULL,	'2021-04-08 07:17:08',	'product_customer_history'),
(48,	2,	4,	NULL,	'2021-04-08 09:27:34',	'product_customer_history'),
(49,	2,	24,	NULL,	'2021-04-14 09:48:47',	'product_customer_history'),
(50,	2,	3,	NULL,	'2021-04-14 09:49:28',	'product_customer_history'),
(51,	8,	NULL,	23,	'2021-05-03 23:44:14',	'shop_customer_history'),
(53,	8,	14,	NULL,	'2021-05-03 23:44:45',	'product_customer_history'),
(55,	8,	26,	NULL,	'2021-05-04 00:29:04',	'product_customer_history'),
(56,	8,	NULL,	22,	'2021-05-04 00:30:04',	'shop_customer_history'),
(58,	9,	24,	NULL,	'2021-05-05 07:14:34',	'product_customer_history'),
(59,	9,	3,	NULL,	'2021-05-05 07:14:41',	'product_customer_history'),
(61,	2,	28,	NULL,	'2021-05-06 02:03:33',	'product_customer_history'),
(62,	8,	22,	NULL,	'2021-05-06 04:24:14',	'product_customer_history'),
(66,	2,	12,	NULL,	'2021-05-06 04:28:19',	'product_customer_history'),
(68,	8,	29,	NULL,	'2021-05-06 04:53:31',	'product_customer_history'),
(69,	8,	NULL,	20,	'2021-05-06 05:47:41',	'shop_customer_history'),
(74,	8,	12,	NULL,	'2021-06-01 08:51:16',	'product_customer_history'),
(78,	8,	17,	NULL,	'2021-06-02 03:02:47',	'product_customer_history'),
(83,	9,	29,	NULL,	'2021-06-25 13:28:35',	'product_customer_history'),
(84,	9,	10,	NULL,	'2021-06-25 13:32:49',	'product_customer_history'),
(85,	9,	17,	NULL,	'2021-06-25 13:33:16',	'product_customer_history'),
(86,	9,	13,	NULL,	'2021-06-25 13:33:20',	'product_customer_history'),
(95,	8,	NULL,	24,	'2021-07-28 06:48:00',	'shop_customer_history'),
(98,	8,	6,	NULL,	'2021-07-28 06:49:11',	'product_customer_history'),
(99,	3,	NULL,	22,	'2022-01-18 04:50:35',	'shop_customer_history'),
(100,	3,	26,	NULL,	'2022-01-18 04:50:38',	'product_customer_history'),
(102,	4,	39,	NULL,	'2022-01-18 06:49:03',	'product_customer_history'),
(103,	4,	NULL,	22,	'2022-01-18 06:49:08',	'shop_customer_history'),
(106,	8,	10,	NULL,	'2022-01-31 05:10:16',	'product_customer_history'),
(114,	8,	25,	NULL,	'2022-02-01 05:57:38',	'product_customer_history'),
(117,	8,	39,	NULL,	'2022-02-01 06:06:06',	'product_customer_history'),
(118,	8,	22,	NULL,	'2022-02-01 06:06:21',	'product_customer_history'),
(119,	8,	11,	NULL,	'2022-02-01 07:18:11',	'product_customer_history'),
(120,	8,	12,	NULL,	'2022-02-01 07:18:30',	'product_customer_history'),
(122,	3,	39,	NULL,	'2022-02-08 05:31:31',	'product_customer_history'),
(124,	11,	10,	NULL,	'2022-03-30 04:35:32',	'product_customer_history'),
(125,	11,	3,	NULL,	'2022-03-30 04:43:27',	'product_customer_history'),
(130,	13,	NULL,	20,	'2022-03-30 08:00:14',	'shop_customer_history'),
(131,	13,	3,	NULL,	'2022-03-31 02:40:19',	'product_customer_history'),
(134,	13,	29,	NULL,	'2022-04-01 02:03:13',	'product_customer_history'),
(137,	13,	40,	NULL,	'2022-04-01 02:27:11',	'product_customer_history'),
(138,	13,	24,	NULL,	'2022-04-01 02:27:22',	'product_customer_history'),
(139,	13,	23,	NULL,	'2022-04-01 02:27:29',	'product_customer_history'),
(141,	13,	13,	NULL,	'2022-04-01 02:29:12',	'product_customer_history'),
(147,	13,	8,	NULL,	'2022-04-04 05:51:54',	'product_customer_history'),
(148,	13,	NULL,	45,	'2022-04-04 06:18:26',	'shop_customer_history'),
(149,	13,	NULL,	36,	'2022-04-04 08:55:12',	'shop_customer_history'),
(151,	13,	3,	NULL,	'2022-04-05 05:45:12',	'product_customer_history'),
(152,	13,	44,	NULL,	'2022-04-05 05:59:25',	'product_customer_history'),
(153,	13,	41,	NULL,	'2022-04-05 06:05:56',	'product_customer_history'),
(155,	13,	NULL,	19,	'2022-04-05 06:14:46',	'shop_customer_history'),
(157,	13,	43,	NULL,	'2022-04-22 08:45:22',	'product_customer_history'),
(158,	8,	26,	NULL,	'2023-05-17 09:15:45',	'product_customer_history'),
(159,	3,	40,	NULL,	'2023-07-04 02:52:58',	'product_customer_history'),
(160,	3,	13,	NULL,	'2023-07-04 02:53:46',	'product_customer_history'),
(162,	14,	13,	NULL,	'2023-07-18 06:40:58',	'product_customer_history'),
(163,	14,	4,	NULL,	'2023-07-18 07:15:43',	'product_customer_history'),
(164,	14,	22,	NULL,	'2023-07-18 07:34:02',	'product_customer_history'),
(166,	14,	9,	NULL,	'2023-07-18 07:42:39',	'product_customer_history'),
(167,	14,	41,	NULL,	'2023-07-18 07:43:10',	'product_customer_history'),
(169,	14,	25,	NULL,	'2023-07-18 07:46:35',	'product_customer_history'),
(170,	1,	45,	NULL,	'2023-07-19 02:15:36',	'product_customer_history');

DROP TABLE IF EXISTS `cmd_feature`;
CREATE TABLE `cmd_feature` (
  `id` int(10) unsigned NOT NULL AUTO_INCREMENT,
  `title` varchar(255) NOT NULL,
  `content` longtext DEFAULT NULL,
  `visible` tinyint(1) DEFAULT 1,
  `create_date` datetime NOT NULL COMMENT '(DC2Type:datetimetz)',
  `update_date` datetime NOT NULL COMMENT '(DC2Type:datetimetz)',
  `thumbnail` varchar(255) DEFAULT NULL,
  PRIMARY KEY (`id`)
) ENGINE=InnoDB DEFAULT CHARSET=utf8;

INSERT INTO `cmd_feature` (`id`, `title`, `content`, `visible`, `create_date`, `update_date`, `thumbnail`) VALUES
(4,	'母の日ギフト特集',	'<p>特集はページは終了しました。</p>\r\n\r\n<p>１</p>\r\n\r\n<p>２</p>\r\n\r\n<p>３</p>\r\n\r\n<p>４</p>\r\n\r\n<p>５</p>\r\n\r\n<p>６</p>\r\n\r\n<p>７</p>',	0,	'2021-04-08 10:11:09',	'2022-02-25 07:21:58',	'0408191143_606ed6df298c7.jpg'),
(5,	'高原野菜特集',	'<h2 style=\"font-style:italic\"><span style=\"color:#00ff00\"><span style=\"font-size:18px\">真夏の高原野菜特集</span></span></h2>\r\n\r\n<p>&nbsp;</p>\r\n\r\n<p><span style=\"font-size:10px\">ああああ</span></p>\r\n\r\n<p>&nbsp;</p>\r\n\r\n<p><span style=\"font-size:10px\">ｂｂｂ</span></p>\r\n\r\n<p><span style=\"font-size:10px\">ｓｓｓｓ</span></p>\r\n\r\n<p>&nbsp;</p>',	1,	'2022-01-31 06:38:01',	'2022-01-31 06:38:47',	'0131153845_61f783f58c054.jpg'),
(6,	'水の特集',	'<p><span style=\"color:#3498db\"><span style=\"font-size:26px\">水の特集</span></span></p>',	1,	'2022-01-31 06:43:43',	'2022-01-31 06:43:43',	'0131154342_61f7851e163cb.jpg'),
(7,	'パソコン特集',	'<p>パソコン</p>',	1,	'2022-01-31 06:44:44',	'2022-01-31 06:44:44',	'0131154420_61f7854442763.jpg'),
(8,	'新規キャンペーン',	'<p>新規登録で商品を追加するとエラーになる。</p>\r\n\r\n<p>&nbsp;</p>\r\n\r\n<p>&nbsp;</p>\r\n\r\n<p>5/18 西郷どん　を追加</p>',	0,	'2022-01-31 06:50:34',	'2023-05-18 08:07:23',	NULL),
(13,	'エラー回避テスト',	'<p>テスト</p>',	1,	'2022-02-25 07:14:55',	'2022-02-25 07:18:03',	'0225161800_621882a8b447a.jpg'),
(14,	'お中元セール　特集',	'<p>お中元・夏ギフトをカテゴリ別にご紹介。桃やメロンなどの果物や、ドリンクやスイーツ類、海鮮から肉類まで、様々なジャンルを取り揃えています。</p>',	1,	'2023-05-18 08:04:02',	'2023-05-18 08:05:36',	'0518170507_6465dc3391e48.jpeg');

DROP TABLE IF EXISTS `cmd_feature_product`;
CREATE TABLE `cmd_feature_product` (
  `id` int(10) unsigned NOT NULL AUTO_INCREMENT,
  `feature_id` int(10) unsigned NOT NULL,
  `product_id` int(10) unsigned NOT NULL,
  PRIMARY KEY (`id`),
  KEY `IDX_7562919D60E4B879` (`feature_id`),
  KEY `IDX_7562919D4584665A` (`product_id`),
  CONSTRAINT `FK_7562919D4584665A` FOREIGN KEY (`product_id`) REFERENCES `dtb_product` (`id`),
  CONSTRAINT `FK_7562919D60E4B879` FOREIGN KEY (`feature_id`) REFERENCES `cmd_feature` (`id`)
) ENGINE=InnoDB DEFAULT CHARSET=utf8;

INSERT INTO `cmd_feature_product` (`id`, `feature_id`, `product_id`) VALUES
(15,	5,	39),
(16,	4,	26),
(17,	4,	23),
(18,	4,	22),
(19,	4,	21),
(20,	4,	10),
(28,	13,	39),
(29,	13,	26),
(30,	13,	24),
(31,	13,	6),
(33,	8,	45),
(34,	8,	39),
(35,	14,	25),
(36,	14,	24),
(37,	14,	23),
(38,	14,	22);

DROP TABLE IF EXISTS `cmd_feature_shop`;
CREATE TABLE `cmd_feature_shop` (
  `id` int(10) unsigned NOT NULL AUTO_INCREMENT,
  `feature_id` int(10) unsigned NOT NULL,
  `shop_id` int(10) unsigned NOT NULL,
  PRIMARY KEY (`id`),
  KEY `IDX_7C1CA20760E4B879` (`feature_id`),
  KEY `IDX_7C1CA2074D16C4DD` (`shop_id`),
  CONSTRAINT `FK_7C1CA2074D16C4DD` FOREIGN KEY (`shop_id`) REFERENCES `cmd_shop` (`id`),
  CONSTRAINT `FK_7C1CA20760E4B879` FOREIGN KEY (`feature_id`) REFERENCES `cmd_feature` (`id`)
) ENGINE=InnoDB DEFAULT CHARSET=utf8;

INSERT INTO `cmd_feature_shop` (`id`, `feature_id`, `shop_id`) VALUES
(1,	4,	22),
(2,	4,	23),
(3,	4,	24),
(4,	5,	40),
(5,	6,	22),
(6,	6,	23),
(7,	7,	36),
(15,	13,	22),
(16,	13,	24),
(17,	13,	40),
(18,	8,	40),
(19,	8,	42),
(20,	14,	22),
(21,	14,	24),
(22,	14,	42);

DROP TABLE IF EXISTS `cmd_shop`;
CREATE TABLE `cmd_shop` (
  `id` int(10) unsigned NOT NULL AUTO_INCREMENT,
  `pref_id` smallint(5) unsigned DEFAULT NULL,
  `name` varchar(255) NOT NULL,
  `order_mail` varchar(255) NOT NULL,
  `logo` varchar(255) DEFAULT NULL,
  `company_name` varchar(255) DEFAULT NULL,
  `postal_code` varchar(255) DEFAULT NULL,
  `addr01` varchar(255) DEFAULT NULL,
  `addr02` varchar(255) DEFAULT NULL,
  `representative` varchar(255) DEFAULT NULL,
  `capital` varchar(255) DEFAULT NULL,
  `contact` varchar(255) DEFAULT NULL,
  `is_deleted` smallint(6) DEFAULT 0,
  `kata_id` int(10) unsigned DEFAULT NULL,
  `hp` longblob DEFAULT NULL,
  `founded_at` varchar(255) DEFAULT NULL,
  `apply_id` int(10) unsigned DEFAULT NULL,
  `stripe_id` varchar(255) DEFAULT NULL,
  `shop_status_id` smallint(5) unsigned DEFAULT NULL,
  `delivery_free_amount` decimal(12,2) unsigned DEFAULT NULL,
  `delivery_free_quantity` int(10) unsigned DEFAULT NULL,
  `gmap_enabled` tinyint(1) NOT NULL DEFAULT 0,
  `phone_number` varchar(255) DEFAULT NULL,
  `intro` longtext DEFAULT NULL,
  `kana` varchar(255) DEFAULT NULL,
  PRIMARY KEY (`id`),
  KEY `IDX_752FD3FCE171EF5F` (`pref_id`),
  KEY `IDX_752FD3FCC1BDD1D5` (`kata_id`),
  KEY `IDX_752FD3FC72408E36` (`shop_status_id`),
  CONSTRAINT `FK_752FD3FC72408E36` FOREIGN KEY (`shop_status_id`) REFERENCES `cme_shop_status` (`id`),
  CONSTRAINT `FK_752FD3FCC1BDD1D5` FOREIGN KEY (`kata_id`) REFERENCES `cme_katakana` (`id`),
  CONSTRAINT `FK_752FD3FCE171EF5F` FOREIGN KEY (`pref_id`) REFERENCES `mtb_pref` (`id`)
) ENGINE=InnoDB DEFAULT CHARSET=utf8;

INSERT INTO `cmd_shop` (`id`, `pref_id`, `name`, `order_mail`, `logo`, `company_name`, `postal_code`, `addr01`, `addr02`, `representative`, `capital`, `contact`, `is_deleted`, `kata_id`, `hp`, `founded_at`, `apply_id`, `stripe_id`, `shop_status_id`, `delivery_free_amount`, `delivery_free_quantity`, `gmap_enabled`, `phone_number`, `intro`, `kana`) VALUES
(16,	NULL,	'test',	'test@test.com',	NULL,	NULL,	NULL,	NULL,	NULL,	NULL,	NULL,	NULL,	1,	NULL,	NULL,	NULL,	NULL,	NULL,	1,	NULL,	NULL,	0,	NULL,	NULL,	NULL),
(19,	1,	'カカカ',	'riley.churchill@gmail.com',	NULL,	'test riley',	NULL,	'Dev District',	'Building No.5',	'sfe',	'1000万円',	'teswt',	0,	2,	'<p>test123</p>',	NULL,	NULL,	NULL,	1,	NULL,	NULL,	1,	NULL,	'こんにちは。これはテストです。嗚呼ああああああああああああああああああああああああああああああああああああああああああああああああああああああああああああああああああああああああああああああああああああああああああああああああああああああああああああああああああああああああああああああああああああああああああああああああああああああああああああああああああああこんにちは。これはテストです。嗚呼ああああああああああああああああああああああああああああああああああああああああああああああああああああああああああああああああああああああああああああああああああああああああああああああああああああああああああああああああああああああああああああああああああああああああああああああああああああああああああああああああああああこんにちは。これはテストです。嗚呼ああああああああああああああああああああああああああああああああああああああああああああああああああああああああああああああああああああああああああああああああああああああああああああああああああああああああああああああああああああああああああああああああああああああああああああああああああああああああああああああああああああこんにちは。これはテストです。嗚呼ああああああああああああああああああああああああああああああああああああああああああああああああああああああああああああああああああああああああああああああああああああああああああああああああああああああああああああああああああああああああああああああああああああああああああああああああああああああああああああああああああああ',	'カカカ'),
(20,	13,	'カナナナ',	'tanabe.working+theall@gmail.com',	NULL,	'株式会社ふが',	'1000001',	'千代田区千代田',	'1001',	'ほげ太郎',	'10000000',	'09011112222',	0,	2,	'<p>&nbsp;</p>\r\n\r\n<p>花と緑がもたらす文化に（株）ABCならではの強みを活かし、フラワービジネスという枠にとどらまない付加価値を加えた商品企画を実現。お客様の暮らしとコミュニケーションをより豊かに創造するフラワーギフトブランドとして、感謝やお祝い、ご挨拶、励ましや祈りなど、皆さまの「心」と「心」をつなぐ様々なシーンをお手伝いいたします</p>\r\n\r\n<p><span style=\"font-family:Verdana,Geneva,sans-serif\"><big>代表取締役　大林　誠</big></span></p>\r\n\r\n<p>&nbsp;</p>',	NULL,	NULL,	NULL,	1,	NULL,	NULL,	1,	NULL,	NULL,	'カナナナ'),
(21,	16,	'サショップ',	'doc2@hotmail.com',	'0709133208_60e7d148e4fc4.png',	'会社',	'5300001',	'Dev District',	'Building No.5',	'repre1',	'10000$',	'010-5466-1649',	0,	3,	'<p>ショップ紹介文ショップ紹介文ショッ<strong>プ紹介文シ</strong>ョップ紹介文</p>',	NULL,	NULL,	NULL,	1,	NULL,	NULL,	0,	NULL,	NULL,	'サショップ'),
(22,	8,	'大平商店',	'tspc.nokosazu@gmail.com',	'1120141019_6198833bef96e.jpg',	'有限会社ジュエリー匠',	'1030002',	'盛岡市',	'寺町３－６',	'匠　太郎',	'1000万円',	'0796-33-7744',	0,	4,	'<p>Iwate Prefecture is located on the coast of the Tohoku region and has a large area. Hiraizumi Town, located in the southern part of the prefecture, prospered as a political hub in the Tohoku region in the 11th and 12th centuries, and many architectural heritage sites such as Chusonji Temple and nearby Motsuji Temple still remain. Tono City in the northeastern part is the city where many old tales were born. At the Tono Folktale Museum (formerly Tono Folktale Museum) in the city, you can experience old tales by the storyteller in an old-fashioned atmosphere.</p>\r\n\r\n<p>&nbsp;</p>\r\n\r\n<p>&nbsp;</p>\r\n\r\n<p>Utilizing the strengths of food culture Co., Ltd. in the culture brought about by flowers and greenery, we have realized product planning that adds value that goes beyond the framework of the flower business. As a flower gift brand that enriches the lives and communication of our customers, we support various scenes that connect your &quot;heart&quot; and &quot;heart&quot;, such as gratitude, celebration, greetings, encouragement and prayer.</p>\r\n\r\n<p>&nbsp;</p>\r\n\r\n<p>Handling manager Test Taro</p>',	NULL,	NULL,	NULL,	1,	NULL,	NULL,	0,	NULL,	NULL,	'タイヘイ'),
(23,	3,	'大下商店',	'ohshita1@tspc.co.jp',	'1120141040_619883501f8b2.jpg',	'有限会社ジュエリー村上',	'1030002',	'盛岡市',	'寺町３－６',	'大林　太郎',	'1000000',	'0796-33-7744',	0,	1,	'<p>岩手県は東北地方の沿岸部に位置し、広い面積を持つ県です。県の南部にある平泉町は、11～12 世紀に東北地方の政治の拠点として栄えた場所で、中尊寺やその近くにある毛越寺など、建築遺産が今も数多く残されています。北東部にある遠野市は、多くの昔話が誕生した街です。市内にある、とおの物語の館（旧とおの昔話村）では、昔ながらの雰囲気の中で、語り部による昔話を体験できます。</p>\r\n\r\n<p>&nbsp;</p>\r\n\r\n<p>代表取締役　大林　太郎</p>',	NULL,	NULL,	NULL,	1,	NULL,	NULL,	0,	NULL,	NULL,	'オオシタ'),
(24,	27,	'ジュエリー山田',	'ohshita1@tspc.co.jp',	'0709173428_60e80a14bb08a.png',	'有限会社山田宝石店',	'5420066',	'大阪市中央区',	'本町４－５－１５',	'山田　肇',	'1000000',	'0796-55-5555',	0,	3,	'<p>✕✕✕✕✕✕✕✕✕はお茶の町遠州森町䛷７０年以上続く、老舗の〇✕✕問屋です。<br />\r\n遠州 森町は、京都によく似た風情から遠州の小京都と呼ばれ、静岡の中でも古くから高級茶の産地としで知られています。<br />\r\n四季を通じで恵まれた気候、水はけの良い土質、川霧たちこめる山あいで茶葉が栽培されています。<br />\r\nそんな恵まれた環境で育った茶葉を製茶に仕上げ販売しています。</p>\r\n\r\n<p>創業年：1946</p>\r\n\r\n<p>&nbsp;</p>\r\n\r\n<p><img src=\"/html/upload/save_image/000000024/-606fccf643b59_2021_04_09_12_41_42.jpg\" style=\"height:683px; width:1024px\" /></p>\r\n\r\n<p>代表者：山田　肇</p>',	NULL,	NULL,	NULL,	1,	3000.00,	30,	1,	NULL,	NULL,	'ジュエリー'),
(25,	NULL,	'甘味処あいうえお',	'tanabe.working+theall@gmail.com',	NULL,	NULL,	NULL,	NULL,	NULL,	NULL,	NULL,	NULL,	0,	1,	NULL,	NULL,	NULL,	NULL,	1,	NULL,	NULL,	0,	NULL,	NULL,	NULL),
(35,	NULL,	'和菓子処 みやび',	'tanabe.working+theallmall@gmail.com',	'0319125546_605420c286147.png',	NULL,	NULL,	NULL,	NULL,	NULL,	'1000万円',	NULL,	0,	7,	NULL,	NULL,	NULL,	NULL,	1,	NULL,	NULL,	0,	NULL,	NULL,	'ミヤビ'),
(36,	26,	'rileyshopname',	'riley@subspire.co.jp',	NULL,	'株式会社サブスパイア',	'6293101',	'京丹後市網野町網野',	'123',	'ライリー',	'10000',	NULL,	0,	10,	NULL,	'1906-03-03',	2,	'acct_1IszSX2VceeK7RZT',	1,	NULL,	NULL,	0,	NULL,	NULL,	NULL),
(37,	28,	'大平商店',	'hikonyan007z@gmail.com',	NULL,	'テスト会社',	'6680021',	'豊岡市泉町',	'５',	'山本太郎',	NULL,	NULL,	0,	4,	NULL,	'1900-01-01',	4,	'acct_1IupoU2YFYnA6iqh',	2,	NULL,	NULL,	1,	NULL,	NULL,	'タイヘイショウテン'),
(38,	28,	'大下商店',	'abc@tspc.co.jp',	NULL,	'TSPC株式会社',	'668',	'豊岡市三坂町',	'４－３',	'テスト',	NULL,	NULL,	0,	1,	NULL,	'1900-01-01',	5,	'acct_1Iuu3N2Xv7bxqAyJ',	2,	NULL,	NULL,	0,	NULL,	NULL,	'オオシタ'),
(39,	26,	'テストショップ名',	'theall_test1@mailinator.com',	NULL,	'テスト１',	'6293101',	'京丹後市網野町網野',	'123',	'テスト代表者',	NULL,	NULL,	0,	4,	NULL,	'1900-01-01',	6,	'acct_1IvAjt2YOalnf74M',	2,	NULL,	NULL,	0,	NULL,	NULL,	NULL),
(40,	28,	'Veggie de ＋「ベジーデプラス」',	'maehara@tspc.co.jp',	'1213161939_61b6f40b48648.png',	'Veggie de ＋',	'6680246',	'豊岡市出石町日野辺',	'112',	'小川',	'５００万円',	'080-5344-5652',	0,	6,	'<p style=\"text-align:center\"><span style=\"font-size:24px\"><strong><span style=\"color:#e67e22\">土にこだわり作物に寄り添ってできた<br />\r\n誰でも食べたくなる野菜</span></strong></span></p>\r\n\r\n<p>兵庫県北部但馬地方で夫婦で農家を営んでいる、Veggie de +「ベジー デ プラス」です。美味しい野菜を皆さんにお届けする為に奮闘中！地元の市場、直売所、給食センターをはじめ京阪神の百貨店、スーパー、関東地方へも出荷しています。栽培においては、作物ごとに土壌分析をし、肥料設計してもらい、土からこだわっています。また、栽培期間中は、今何が必要でどうしたらいいのか作物の『声』を聴くような栽培を心掛け、葉面散布などを積極的に行い、野菜嫌いの方でも食べたくなる野菜を目指し日々探求中！ぜひご賞味ください。</p>\r\n\r\n<p>&nbsp;</p>\r\n\r\n<p style=\"text-align:center\"><span style=\"font-size:26px\"><strong>ごあいさつ</strong></span></p>\r\n\r\n<p>はじめまして、Veggie de +の小川恭弘です。私の家は実家が米農家で、今も父は現役で米作りをしています。そんな私が野菜作りの面白さに魅了されて今では季節によって様々な野菜を皆様にお届けしております。2016年に独立して、今は夫婦で切り盛りしています。</p>\r\n\r\n<p>栽培においては、土から分析してもらい作物に合った肥料設計を肥料会社と連絡を取り合いながら綿密に行っております。その甲斐あり、年々栽培しやすい良い環境の土へと変わっていることを実感しています。</p>\r\n\r\n<p>また、栽培期間中もこだわっており、作物の生育過程に合った肥料、微量成分を根からも葉からも与えてやることを意識し、作物に寄り添った栽培を日々探求しています。<br />\r\n今、作付けしている兵庫県北部の但馬地域は、夏は全国でもトップクラスに暑く、冬は降雪があり、年間通して曇天が多く、霧深い日も多いなど、なかなか厳しい環境ではありますが、そんなことは言い訳にしたくなく『環境に負けない農業』を目指し、少しでも面白いことはないかと考え、自分たちが楽しみながらこれからも奮闘していきます！</p>',	'2016-11-01',	35,	'acct_1K68Ur2Z6srEuGzt',	1,	5000.00,	0,	1,	'0796-33-4425',	NULL,	'ベジーデプラス'),
(41,	13,	'モノジロウ',	'tanabe.working+mono@gmail.com',	NULL,	'合資会社モノジロウ',	'2010001',	'狛江市西野川',	'123',	'鈴木次郎',	NULL,	NULL,	0,	7,	NULL,	NULL,	37,	'acct_1KaZKW2VqjbTeqSY',	2,	NULL,	NULL,	0,	NULL,	NULL,	'モノジロウ'),
(42,	13,	'西郷どん',	'the_all_test_1@mailinator.com',	'0517104405_646431650e887.png',	'有限会社　西郷',	'1010021',	'千代田区外神田',	'3丁目15-5',	'西郷代表',	'1,000万円',	'03-3658-1111',	0,	3,	'<p><strong>宅配便</strong></p>\r\n\r\n<p>【備考】<br />\r\n●ヤマト運輸・佐川急便・日本郵便（ゆうパック）のいずれかで発送いたします。（運送会社をご指定いただくことは出来ませんので予めご了承ください。）<br />\r\n・お支払い方法がクレジットカード・代金引換の場合は、ご注文確認後1日から2日程度（当店休業日を除く）で発送いたします。<br />\r\n・お支払い方法が銀行振込・楽天バンク決済の場合は、ご入金確認後1日から2日程度（当店休業日を除く）で発送いたします。<br />\r\n　 ※メーカー取り寄せの場合は3日～5日程度のお時間を、また、メーカー欠品中の場合は相応のお時間を頂戴いたします。<br />\r\n　 ※メーカー生産終了などの理由により、ご注文をキャンセルさせていただく場合がございます。<br />\r\n・配達日時のご希望がある場合は、ご注文時の配達日指定欄・配達時間指定欄にてご指示ください。<br />\r\n　 配達時間は、「午前中」「14時～16時」「16時～18時」「18時～20時」「19時～21時」をご選択いただけます。<br />\r\n　 ※在庫状況や交通事情などにより、配達指定日時にお届けできない場合がございます。<br />\r\n・運送会社営業所留めをご希望される場合は、ご注文時の備考欄にて「営業所留め希望」の旨とご希望の「営業所名」をご記入ください。<br />\r\n　※お届けする地区、商品により運送会社が異なるため、ご希望の運送会社営業所留めが出来かねる場合がございます。<br />\r\n・下表の「高額購入割引特典」欄における【１配送先につき、合計18,000円以上ご注文いただいた場合、送料が0円になります。】の記載は、『税抜18,000円以上（税込19,440円以上）』の意味合いで記載しております。</p>\r\n\r\n<hr />\r\n<p><a id=\"delivery_100\" name=\"delivery_100\">【送料料金表】</a></p>\r\n\r\n<table border=\"1\">\r\n	<thead>\r\n		<tr>\r\n			<th colspan=\"2\" scope=\"col\" style=\"background-color:#dddddd\">&nbsp;</th>\r\n			<th scope=\"col\" style=\"background-color:#dddddd\"><span style=\"font-size:medium\"><span style=\"color:#000000\">北海道</span></span></th>\r\n			<th scope=\"col\" style=\"background-color:#dddddd\"><span style=\"font-size:medium\"><span style=\"color:#000000\">北東北</span></span></th>\r\n			<th scope=\"col\" style=\"background-color:#dddddd\"><span style=\"font-size:medium\"><span style=\"color:#000000\">南東北</span></span></th>\r\n			<th scope=\"col\" style=\"background-color:#dddddd\"><span style=\"font-size:medium\"><span style=\"color:#000000\">関東</span></span></th>\r\n			<th scope=\"col\" style=\"background-color:#dddddd\"><span style=\"font-size:medium\"><span style=\"color:#000000\">信越</span></span></th>\r\n			<th scope=\"col\" style=\"background-color:#dddddd\"><span style=\"font-size:medium\"><span style=\"color:#000000\">北陸</span></span></th>\r\n			<th scope=\"col\" style=\"background-color:#dddddd\"><span style=\"font-size:medium\"><span style=\"color:#000000\">東海</span></span></th>\r\n			<th scope=\"col\" style=\"background-color:#dddddd\"><span style=\"font-size:medium\"><span style=\"color:#000000\">関西</span></span></th>\r\n			<th scope=\"col\" style=\"background-color:#dddddd\"><span style=\"font-size:medium\"><span style=\"color:#000000\">中国</span></span></th>\r\n			<th scope=\"col\" style=\"background-color:#dddddd\"><span style=\"font-size:medium\"><span style=\"color:#000000\">四国</span></span></th>\r\n			<th scope=\"col\" style=\"background-color:#dddddd\"><span style=\"font-size:medium\"><span style=\"color:#000000\">北九州</span></span></th>\r\n			<th scope=\"col\" style=\"background-color:#dddddd\"><span style=\"font-size:medium\"><span style=\"color:#000000\">南九州</span></span></th>\r\n			<th scope=\"col\" style=\"background-color:#dddddd\"><span style=\"font-size:medium\"><span style=\"color:#000000\">沖縄</span></span></th>\r\n		</tr>\r\n	</thead>\r\n	<tbody>\r\n		<tr>\r\n			<td colspan=\"2\" style=\"background-color:#dddddd\"><span style=\"font-size:medium\"><span style=\"color:#000000\">地域詳細</span></span></td>\r\n			<td style=\"background-color:#dddddd\"><span style=\"font-size:medium\"><span style=\"color:#000000\">北海道　</span></span></td>\r\n			<td style=\"background-color:#dddddd\"><span style=\"font-size:medium\"><span style=\"color:#000000\">青森県　岩手県　秋田県　</span></span></td>\r\n			<td style=\"background-color:#dddddd\"><span style=\"font-size:medium\"><span style=\"color:#000000\">宮城県　山形県　福島県　</span></span></td>\r\n			<td style=\"background-color:#dddddd\"><span style=\"font-size:medium\"><span style=\"color:#000000\">茨城県　栃木県　群馬県　埼玉県　千葉県　東京都　神奈川県　山梨県　</span></span></td>\r\n			<td style=\"background-color:#dddddd\"><span style=\"font-size:medium\"><span style=\"color:#000000\">新潟県　長野県　</span></span></td>\r\n			<td style=\"background-color:#dddddd\"><span style=\"font-size:medium\"><span style=\"color:#000000\">富山県　石川県　福井県　</span></span></td>\r\n			<td style=\"background-color:#dddddd\"><span style=\"font-size:medium\"><span style=\"color:#000000\">岐阜県　静岡県　愛知県　三重県　</span></span></td>\r\n			<td style=\"background-color:#dddddd\"><span style=\"font-size:medium\"><span style=\"color:#000000\">滋賀県　京都府　大阪府　兵庫県　奈良県　和歌山県　</span></span></td>\r\n			<td style=\"background-color:#dddddd\"><span style=\"font-size:medium\"><span style=\"color:#000000\">鳥取県　島根県　岡山県　広島県　山口県　</span></span></td>\r\n			<td style=\"background-color:#dddddd\"><span style=\"font-size:medium\"><span style=\"color:#000000\">徳島県　香川県　愛媛県　高知県　</span></span></td>\r\n			<td style=\"background-color:#dddddd\"><span style=\"font-size:medium\"><span style=\"color:#000000\">福岡県　佐賀県　長崎県　大分県　</span></span></td>\r\n			<td style=\"background-color:#dddddd\"><span style=\"font-size:medium\"><span style=\"color:#000000\">熊本県　宮崎県　鹿児島県　</span></span></td>\r\n			<td style=\"background-color:#dddddd\"><span style=\"font-size:medium\"><span style=\"color:#000000\">沖縄県　</span></span></td>\r\n		</tr>\r\n		<tr>\r\n			<td colspan=\"2\" style=\"background-color:#dddddd\"><span style=\"font-size:medium\"><span style=\"color:#000000\">送料</span></span></td>\r\n			<td><span style=\"font-size:medium\"><span style=\"color:#000000\">1610円</span></span></td>\r\n			<td><span style=\"font-size:medium\"><span style=\"color:#000000\">1250円</span></span></td>\r\n			<td><span style=\"font-size:medium\"><span style=\"color:#000000\">1160円</span></span></td>\r\n			<td><span style=\"font-size:medium\"><span style=\"color:#000000\">980円</span></span></td>\r\n			<td><span style=\"font-size:medium\"><span style=\"color:#000000\">990円</span></span></td>\r\n			<td><span style=\"font-size:medium\"><span style=\"color:#000000\">990円</span></span></td>\r\n			<td><span style=\"font-size:medium\"><span style=\"color:#000000\">970円</span></span></td>\r\n			<td><span style=\"font-size:medium\"><span style=\"color:#000000\">920円</span></span></td>\r\n			<td><span style=\"font-size:medium\"><span style=\"color:#000000\">970円</span></span></td>\r\n			<td><span style=\"font-size:medium\"><span style=\"color:#000000\">970円</span></span></td>\r\n			<td><span style=\"font-size:medium\"><span style=\"color:#000000\">970円</span></span></td>\r\n			<td><span style=\"font-size:medium\"><span style=\"color:#000000\">970円</span></span></td>\r\n			<td><span style=\"font-size:medium\"><span style=\"color:#000000\">2440円</span></span></td>\r\n		</tr>\r\n	</tbody>\r\n</table>\r\n\r\n<table style=\"background-color:#ffffff\">\r\n	<tbody>\r\n		<tr>\r\n			<td style=\"background-color:#eeeeee; vertical-align:top\"><span style=\"font-size:medium\"><span style=\"color:#000000\">送料分消費税</span></span></td>\r\n			<td style=\"background-color:#ffffff\"><span style=\"font-size:medium\"><span style=\"color:#000000\">この料金には消費税が 含まれています。</span></span></td>\r\n		</tr>\r\n		<tr>\r\n			<td style=\"background-color:#eeeeee; vertical-align:top\"><span style=\"font-size:medium\"><span style=\"color:#000000\">離島他の扱い</span></span></td>\r\n			<td style=\"background-color:#ffffff\"><span style=\"font-size:medium\"><span style=\"color:#000000\">離島・一部地域は追加送料がかかる場合があります。</span></span></td>\r\n		</tr>\r\n	</tbody>\r\n</table>\r\n\r\n<p>&nbsp;</p>',	NULL,	39,	'acct_1KatVB2Us6YwxjKp',	1,	3800.00,	5,	1,	'0796-23-1185',	'より良い商品をより安く提供する。\r\n当社はこのテーマのもと、企業活動から商品づくりまで行なっております。\r\n\r\n●ニーズに基づき高品質な商品を提供する「ゴルフ工学研究所」や「彦根工場」\r\n●ゴルフの楽しさを多彩に広げるゴルフ場経営やゴルフ練習場経営、インドアレッスン施設をはじめとする「サービス体制」\r\nなど、ゴルフに関することすべてにわたって「ゴルフ総合企業」として努力しています。\r\n\r\nすべてはゴルフを愛する人のために・・・これが基本理念です',	'サイゴウ'),
(43,	NULL,	'テストショップ',	'test12331132312@mailinator.com',	NULL,	'テストカンパニー',	'6293574',	'京丹後市久美浜町',	'1111',	'山田太郎',	'1000万円',	'test',	0,	4,	NULL,	'１９９６年１０月',	NULL,	NULL,	1,	NULL,	NULL,	0,	NULL,	NULL,	'テストショップ'),
(44,	26,	'テストショップ２',	'test1233113231223@mailinator.com',	NULL,	'kaisya',	'6293574',	'京丹後市久美浜町',	'333',	'youhei',	NULL,	NULL,	1,	NULL,	NULL,	'1996',	40,	'acct_1KivXQ2aQOSS1qpY',	2,	NULL,	NULL,	0,	NULL,	NULL,	NULL),
(45,	26,	'test1',	'the_all_test4@mailinator.com',	NULL,	'kaisya3',	'6293574',	'京丹後市久美浜町',	'22',	'youhei3',	'1000万円',	NULL,	0,	4,	NULL,	NULL,	53,	'acct_1Kjf5G2Y74ppQOkf',	1,	NULL,	NULL,	0,	NULL,	NULL,	'テスト'),
(46,	26,	'テストショップ3',	'the_all_test1@mailinator.com',	NULL,	'kaisya',	'6293574',	'京丹後市久美浜町',	'333',	'youhei',	NULL,	NULL,	0,	4,	'<p>これは会社の紹介テスト文です</p>',	'1996',	48,	'acct_1Kl6OR2YhHomP8R2',	2,	NULL,	NULL,	0,	NULL,	NULL,	'テスト'),
(47,	28,	'上島',	'the_all_test_4@mailinator.com',	'0513165524_627e0eec177dd.jpg',	'uesima.co.',	'6680045',	'豊岡市城南町',	'235',	'uesima',	NULL,	NULL,	0,	2,	NULL,	NULL,	54,	'acct_1KyUQt2ZTNxRlF0S',	2,	NULL,	NULL,	1,	'06-1261-1144',	NULL,	'カミシマ'),
(48,	26,	'てすと５',	'riley+test5@subspire.co.jp',	NULL,	'test five',	'6293421',	'京丹後市久美浜町葛野',	'123',	'riley',	NULL,	NULL,	0,	4,	NULL,	NULL,	58,	'acct_1NNcAVFPMyXG15IV',	2,	NULL,	NULL,	0,	'123-1234-1234',	NULL,	'テストファイブ'),
(49,	28,	'スリクソン',	'the_all_test_7@mailinator.com',	NULL,	'スリクソン株式会社',	'6680044',	'豊岡市山王町',	'3-8',	'山下美優',	NULL,	NULL,	0,	3,	NULL,	'1980/10/10',	59,	'acct_1NQ1fKFaFYnZev9v',	2,	NULL,	NULL,	0,	'0796-23-5555',	NULL,	'スリクソン');

DROP TABLE IF EXISTS `cmd_shop_blog`;
CREATE TABLE `cmd_shop_blog` (
  `id` int(10) unsigned NOT NULL AUTO_INCREMENT,
  `shop_id` int(10) unsigned NOT NULL,
  `title` longtext NOT NULL,
  `content` longtext DEFAULT NULL,
  `publish_date` datetime DEFAULT NULL COMMENT '(DC2Type:datetimetz)',
  `visible` tinyint(1) NOT NULL DEFAULT 1,
  `create_date` datetime NOT NULL COMMENT '(DC2Type:datetimetz)',
  `update_date` datetime NOT NULL COMMENT '(DC2Type:datetimetz)',
  PRIMARY KEY (`id`),
  KEY `IDX_454C061D4D16C4DD` (`shop_id`),
  CONSTRAINT `FK_454C061D4D16C4DD` FOREIGN KEY (`shop_id`) REFERENCES `cmd_shop` (`id`)
) ENGINE=InnoDB DEFAULT CHARSET=utf8;

INSERT INTO `cmd_shop_blog` (`id`, `shop_id`, `title`, `content`, `publish_date`, `visible`, `create_date`, `update_date`) VALUES
(1,	19,	'テスト',	'<p>test</p>\r\n\r\n<p>これはテストブログです</p>\r\n\r\n<p>カカカ店</p>\r\n\r\n<p><span style=\"font-size:48px\">hello world</span></p>',	'2021-02-19 02:43:00',	1,	'2021-02-19 02:43:45',	'2022-04-05 06:15:09'),
(2,	24,	'新商品を入荷しました',	'<p>春夏に向けて新作を入荷しています。</p>\r\n\r\n<p><strong>ダミーでYouTube動画を挿入しています。（動画配信テスト）</strong></p>\r\n\r\n<div class=\"videoEmbed\"><iframe frameborder=\"0\" height=\"349\" src=\"https://www.youtube.com/embed/tfCLu6qzgNk\" width=\"560\"></iframe></div>\r\n\r\n<div class=\"videoEmbed\"><img src=\"/html/upload/save_image/00024/-602f5035ddb70_2021_02_19_14_44_21.jpg\" style=\"height:500px; width:410px\" /></div>\r\n\r\n<p>&nbsp;</p>\r\n\r\n<p>&nbsp;</p>\r\n\r\n<p>&nbsp;</p>',	'2021-02-19 03:00:00',	1,	'2021-02-19 04:47:45',	'2021-02-24 00:36:59'),
(3,	24,	'イベントを開催します。',	'<p>2021/3/1～2021/3/7までの１週間</p>\r\n\r\n<p>『ライブコマース』を実施します。</p>\r\n\r\n<p>時間帯は本ホームページで確認ください。</p>\r\n\r\n<p>&nbsp;</p>\r\n\r\n<p>&nbsp;</p>',	'2021-02-24 00:39:00',	0,	'2021-02-24 00:42:33',	'2021-04-09 03:05:41'),
(4,	40,	'2021.11 ホームページを更新しました。',	'<p><a href=\"https://veggie-de-plus.com/index.html\">但馬地方 ベジーデプラス TAJIMAネギマッチョ トマト キュウリ 収穫体験 サニーレタス (veggie-de-plus.com)</a></p>',	'2021-12-13 08:49:00',	1,	'2021-12-13 08:49:19',	'2021-12-13 08:50:11'),
(5,	21,	'Test Blog',	'<p>sedhe gadg a</p>',	'2022-02-17 16:46:00',	1,	'2022-01-17 16:46:23',	'2022-02-23 06:18:30'),
(6,	35,	'たいへいと読みます。',	'<p>あああ</p>\r\n\r\n<p>&nbsp;</p>\r\n\r\n<p><img src=\"/html/upload/save_image/admin/20210201_141925-6215d3d2f2ece_2022_02_23_15_27_30.jpg\" style=\"height:222px; width:100px\" /></p>',	'2022-08-23 06:20:00',	1,	'2022-02-23 06:21:54',	'2022-02-23 06:28:15'),
(7,	43,	'aaa',	'<p>aaa</p>',	'2022-03-30 06:32:00',	1,	'2022-03-30 06:32:37',	'2022-03-30 06:32:37'),
(8,	42,	'採用サイト制作に強いWeb制作会社15選【同業者推薦】',	'<p>こんにちは、株式会社ABC デザイン部 社員の山本です。</p>\r\n\r\n<p><strong>「採用サイト制作を依頼したいけど、選び方がわからない。どこがいいのかもわからない」</strong></p>\r\n\r\n<p>というお悩みに答えるべく、<strong>弊社のWebデザイナーとディレクター計12名にアンケートを取り、名前の挙がった「採用サイト制作に強いWeb制作会社」を15社ご紹介いたします。</strong></p>\r\n\r\n<p>現役で活躍するクリエイターから名前の挙がった企業のみを、ジャンルごとに分けてご紹介していきますので、ぜひ会社選びのご参考にしてください！実際のクリエイターからのコメントも併せて掲載しております。</p>\r\n\r\n<p>また、相場や費用感、採用サイト制作の流れ、掲載すべきコンテンツ、効果が出る採用サイトのポイントなどなど&hellip;&hellip;、これから採用サイト制作を依頼したい方に役立つ内容も後半に掲載しております！</p>',	'2023-05-17 02:59:00',	1,	'2023-05-17 03:02:49',	'2023-05-17 03:02:49');

DROP TABLE IF EXISTS `cmd_shop_category`;
CREATE TABLE `cmd_shop_category` (
  `shop_id` int(10) unsigned NOT NULL,
  `category_id` int(10) unsigned NOT NULL,
  PRIMARY KEY (`shop_id`,`category_id`),
  KEY `IDX_B2C6C8D74D16C4DD` (`shop_id`),
  KEY `IDX_B2C6C8D712469DE2` (`category_id`),
  CONSTRAINT `FK_B2C6C8D712469DE2` FOREIGN KEY (`category_id`) REFERENCES `dtb_category` (`id`),
  CONSTRAINT `FK_B2C6C8D74D16C4DD` FOREIGN KEY (`shop_id`) REFERENCES `cmd_shop` (`id`)
) ENGINE=InnoDB DEFAULT CHARSET=utf8;

INSERT INTO `cmd_shop_category` (`shop_id`, `category_id`) VALUES
(19,	14),
(20,	15),
(22,	22),
(23,	22),
(24,	14),
(24,	15),
(24,	22),
(35,	28),
(36,	22),
(36,	23),
(37,	36),
(38,	32),
(40,	28),
(42,	34);

DROP TABLE IF EXISTS `cmd_shop_identity_doc`;
CREATE TABLE `cmd_shop_identity_doc` (
  `id` int(10) unsigned NOT NULL AUTO_INCREMENT,
  `shop_id` int(10) unsigned DEFAULT NULL,
  `file_name` varchar(255) NOT NULL,
  `sort_no` smallint(5) unsigned NOT NULL,
  `create_date` datetime NOT NULL COMMENT '(DC2Type:datetimetz)',
  PRIMARY KEY (`id`),
  KEY `IDX_C13ED0E94D16C4DD` (`shop_id`),
  CONSTRAINT `FK_C13ED0E94D16C4DD` FOREIGN KEY (`shop_id`) REFERENCES `cmd_shop` (`id`)
) ENGINE=InnoDB DEFAULT CHARSET=utf8;

INSERT INTO `cmd_shop_identity_doc` (`id`, `shop_id`, `file_name`, `sort_no`, `create_date`) VALUES
(1,	24,	'admin/0406174003_606c1e63890bf.jpg',	1,	'2021-04-06 08:40:35'),
(2,	24,	'admin/0406174010_606c1e6aac364.jpg',	1,	'2021-04-06 08:40:35'),
(3,	24,	'admin/0406174015_606c1e6f0c9da.jpg',	1,	'2021-04-06 08:40:35'),
(4,	24,	'admin/0406174020_606c1e7494122.jpg',	1,	'2021-04-06 08:40:35'),
(5,	24,	'admin/0406174032_606c1e803e444.jpg',	1,	'2021-04-06 08:40:35');

DROP TABLE IF EXISTS `cmd_shop_photo`;
CREATE TABLE `cmd_shop_photo` (
  `id` int(10) unsigned NOT NULL AUTO_INCREMENT,
  `shop_id` int(10) unsigned NOT NULL,
  `file_name` varchar(255) NOT NULL,
  `sort_no` smallint(5) unsigned NOT NULL,
  `create_date` datetime NOT NULL COMMENT '(DC2Type:datetimetz)',
  PRIMARY KEY (`id`),
  KEY `IDX_98E1A1BC4D16C4DD` (`shop_id`),
  CONSTRAINT `FK_98E1A1BC4D16C4DD` FOREIGN KEY (`shop_id`) REFERENCES `cmd_shop` (`id`)
) ENGINE=InnoDB DEFAULT CHARSET=utf8;

INSERT INTO `cmd_shop_photo` (`id`, `shop_id`, `file_name`, `sort_no`, `create_date`) VALUES
(1,	21,	'000000021/0714035606_60ede1c64998b.png',	1,	'2021-07-13 18:56:20'),
(2,	21,	'000000021/0714035609_60ede1c91e1b0.png',	1,	'2021-07-13 18:56:20'),
(3,	21,	'000000021/0714035611_60ede1cbeacda.png',	1,	'2021-07-13 18:56:20'),
(4,	24,	'000000024/0726155157_60fe5b8d6865e.jpg',	1,	'2021-07-26 06:52:10'),
(5,	24,	'000000024/0726155202_60fe5b92b2a0d.jpg',	1,	'2021-07-26 06:52:10'),
(6,	24,	'000000024/0726155206_60fe5b96c4f20.jpg',	1,	'2021-07-26 06:52:10'),
(7,	40,	'000000040/1213160848_61b6f1804b315.jpg',	1,	'2021-12-13 07:09:10'),
(8,	40,	'000000040/1213163648_61b6f8105a324.png',	1,	'2021-12-13 07:36:58'),
(9,	42,	'000000042/0517104437_64643185937a4.jpg',	1,	'2023-05-17 01:44:50'),
(10,	42,	'000000042/0517104446_6464318e725b8.jpg',	1,	'2023-05-17 01:44:50'),
(11,	42,	'000000042/0517104648_64643208e1cc8.jpg',	1,	'2023-05-17 01:47:10');

DROP TABLE IF EXISTS `cmd_shop_series`;
CREATE TABLE `cmd_shop_series` (
  `shop_id` int(10) unsigned NOT NULL,
  `series_id` smallint(5) unsigned NOT NULL,
  PRIMARY KEY (`shop_id`,`series_id`),
  KEY `IDX_EB2730F94D16C4DD` (`shop_id`),
  KEY `IDX_EB2730F95278319C` (`series_id`),
  CONSTRAINT `FK_EB2730F94D16C4DD` FOREIGN KEY (`shop_id`) REFERENCES `cmd_shop` (`id`),
  CONSTRAINT `FK_EB2730F95278319C` FOREIGN KEY (`series_id`) REFERENCES `cme_series` (`id`)
) ENGINE=InnoDB DEFAULT CHARSET=utf8;

INSERT INTO `cmd_shop_series` (`shop_id`, `series_id`) VALUES
(19,	2),
(19,	4),
(20,	3),
(21,	2),
(21,	4),
(22,	1),
(22,	3),
(23,	3),
(23,	4),
(24,	1),
(24,	2),
(35,	1),
(39,	2),
(40,	2),
(42,	4),
(43,	4);

DROP TABLE IF EXISTS `cmd_shop_temp_owner`;
CREATE TABLE `cmd_shop_temp_owner` (
  `id` int(10) unsigned NOT NULL AUTO_INCREMENT,
  `pref_id` smallint(5) unsigned DEFAULT NULL,
  `name` varchar(255) NOT NULL,
  `shop_name` varchar(255) NOT NULL,
  `order_mail` varchar(255) NOT NULL,
  `company_name` varchar(255) DEFAULT NULL,
  `postal_code` varchar(255) DEFAULT NULL,
  `addr01` varchar(255) DEFAULT NULL,
  `addr02` varchar(255) DEFAULT NULL,
  `representative` varchar(255) DEFAULT NULL,
  `founded_at` date DEFAULT NULL,
  `capital` varchar(255) DEFAULT NULL,
  `contact` varchar(255) DEFAULT NULL,
  `stripe_id` varchar(255) DEFAULT NULL,
  `create_date` datetime NOT NULL COMMENT '(DC2Type:datetimetz)',
  `login_id` varchar(255) NOT NULL,
  `charge_enabled` smallint(6) DEFAULT 0,
  `password` varchar(255) DEFAULT NULL,
  PRIMARY KEY (`id`),
  KEY `IDX_B48CA462E171EF5F` (`pref_id`),
  CONSTRAINT `FK_B48CA462E171EF5F` FOREIGN KEY (`pref_id`) REFERENCES `mtb_pref` (`id`)
) ENGINE=InnoDB DEFAULT CHARSET=utf8;


DROP TABLE IF EXISTS `cmd_stripe_config`;
CREATE TABLE `cmd_stripe_config` (
  `id` int(10) unsigned NOT NULL AUTO_INCREMENT,
  `publishable_key` varchar(255) DEFAULT NULL,
  `secret_key` varchar(255) DEFAULT NULL,
  `is_capture_on` int(11) DEFAULT 0,
  `stripe_fees_percent` decimal(12,2) unsigned NOT NULL DEFAULT 0.00,
  `application_fees_percent` decimal(12,2) unsigned NOT NULL DEFAULT 0.00,
  `signature` varchar(255) DEFAULT NULL,
  PRIMARY KEY (`id`)
) ENGINE=InnoDB DEFAULT CHARSET=utf8;

INSERT INTO `cmd_stripe_config` (`id`, `publishable_key`, `secret_key`, `is_capture_on`, `stripe_fees_percent`, `application_fees_percent`, `signature`) VALUES
(1,	'pk_test_51IRB7hFcNQpZEFYm4I6n9dtCAWlfukb2tgGQ191ICirJ0qePUY7HibCuA0MyTDb8sj8f3okDQn8LQlqXm1oBydrq00s5SK2EZY',	'sk_test_51IRB7hFcNQpZEFYmp6ZAQt6LAg3HYV1vjc0lmKmRFzUrRS3AEoI5fC1c1HstkY11tfytndkxDyFgVO66qtNLO33J00veMNUOGj',	1,	0.00,	10.00,	NULL);

DROP TABLE IF EXISTS `cmd_stripe_order`;
CREATE TABLE `cmd_stripe_order` (
  `id` int(10) unsigned NOT NULL AUTO_INCREMENT,
  `order_id` int(10) unsigned DEFAULT NULL,
  `stripe_token` varchar(255) DEFAULT NULL,
  `stripe_customer_id_for_guest_checkout` varchar(255) DEFAULT NULL,
  `stripe_charge_id` varchar(255) DEFAULT NULL,
  `is_charge_captured` int(11) DEFAULT 0,
  `is_charge_refunded` int(11) DEFAULT 0,
  `selected_refund_option` int(10) unsigned DEFAULT 0 COMMENT '1=full_refund, 2=refund_full_amount_minus_stripe_fee, 3=partial_refund',
  `refunded_amount` decimal(12,2) unsigned NOT NULL DEFAULT 0.00,
  `created_at` datetime NOT NULL COMMENT '(DC2Type:datetime)',
  PRIMARY KEY (`id`),
  UNIQUE KEY `UNIQ_5DD79BE38D9F6D38` (`order_id`),
  CONSTRAINT `FK_5DD79BE38D9F6D38` FOREIGN KEY (`order_id`) REFERENCES `dtb_order` (`id`)
) ENGINE=InnoDB DEFAULT CHARSET=utf8;

INSERT INTO `cmd_stripe_order` (`id`, `order_id`, `stripe_token`, `stripe_customer_id_for_guest_checkout`, `stripe_charge_id`, `is_charge_captured`, `is_charge_refunded`, `selected_refund_option`, `refunded_amount`, `created_at`) VALUES
(4,	77,	'pi_1J6EzbFcNQpZEFYmDTWD3I6C',	NULL,	'ch_1J6EzbFcNQpZEFYmGLBlZbNz',	1,	NULL,	NULL,	0.00,	'2021-06-25 13:22:50'),
(5,	78,	'pi_1J6F11FcNQpZEFYm19nGslVe',	NULL,	'ch_1J6F11FcNQpZEFYmw7OmOs0R',	1,	NULL,	NULL,	0.00,	'2021-06-25 13:24:18'),
(6,	92,	'pi_3KitH2FcNQpZEFYm0PCydzSD',	NULL,	'ch_3KitH2FcNQpZEFYm0GiJSnDM',	1,	NULL,	NULL,	0.00,	'2022-03-30 04:36:50'),
(7,	100,	'pi_3KjZqUFcNQpZEFYm1LMrxx7O',	NULL,	'ch_3KjZqUFcNQpZEFYm1IaTSAXg',	1,	NULL,	NULL,	0.00,	'2022-04-01 02:04:17'),
(8,	103,	'pi_3KjaLTFcNQpZEFYm1Dq3lYve',	NULL,	'ch_3KjaLTFcNQpZEFYm12ylWesP',	1,	NULL,	NULL,	0.00,	'2022-04-01 02:36:18'),
(9,	107,	'pi_3KkiTbFcNQpZEFYm0vicNDVF',	NULL,	'ch_3KkiTbFcNQpZEFYm0H8pZJuC',	1,	NULL,	NULL,	0.00,	'2022-04-04 05:29:22'),
(10,	108,	'pi_3KkiqNFcNQpZEFYm1XCd8dCs',	NULL,	'ch_3KkiqNFcNQpZEFYm1kwsacIJ',	1,	NULL,	NULL,	0.00,	'2022-04-04 05:52:54'),
(11,	109,	'pi_3Kl3i8FcNQpZEFYm0YjWZJdv',	NULL,	'ch_3Kl3i8FcNQpZEFYm0fAx4w8Q',	1,	1,	1,	1100000.00,	'2022-04-05 04:09:48'),
(12,	111,	'pi_3Kl5ChFcNQpZEFYm0DLZ2two',	NULL,	'ch_3Kl5ChFcNQpZEFYm0ZgknyNS',	1,	NULL,	NULL,	0.00,	'2022-04-05 05:45:26'),
(13,	112,	'pi_3Kl5QVFcNQpZEFYm1fhVhebS',	NULL,	'ch_3Kl5QVFcNQpZEFYm1GRlUobx',	1,	1,	3,	1.00,	'2022-04-05 05:59:43'),
(14,	114,	'pi_3Kl5p0FcNQpZEFYm1fzvS0Ri',	NULL,	'ch_3Kl5p0FcNQpZEFYm197fQleS',	1,	NULL,	NULL,	0.00,	'2022-04-05 06:25:02'),
(15,	116,	'pi_3KrI9DFcNQpZEFYm1peHyaLt',	NULL,	'ch_3KrI9DFcNQpZEFYm1TsL1Bdn',	1,	1,	1,	1045000.00,	'2022-04-22 08:47:31'),
(16,	117,	'pi_3N7DDOFcNQpZEFYm1Nxd1ofe',	NULL,	'ch_3N7DDOFcNQpZEFYm11eiGSkP',	1,	NULL,	NULL,	0.00,	'2023-05-13 07:50:09');

DROP TABLE IF EXISTS `cmd_tokusho`;
CREATE TABLE `cmd_tokusho` (
  `id` int(10) unsigned NOT NULL AUTO_INCREMENT,
  `shop_id` int(10) unsigned DEFAULT NULL,
  `delivery` longtext DEFAULT NULL,
  `delivery_time` longtext DEFAULT NULL,
  `receipt` longtext DEFAULT NULL,
  `rcx_overview` longtext DEFAULT NULL,
  `cancel` longtext DEFAULT NULL,
  `refund` longtext DEFAULT NULL,
  `exchange` longtext DEFAULT NULL,
  `payment_method` longtext DEFAULT NULL,
  PRIMARY KEY (`id`),
  UNIQUE KEY `UNIQ_7E39EBFD4D16C4DD` (`shop_id`),
  CONSTRAINT `FK_7E39EBFD4D16C4DD` FOREIGN KEY (`shop_id`) REFERENCES `cmd_shop` (`id`)
) ENGINE=InnoDB DEFAULT CHARSET=utf8;

INSERT INTO `cmd_tokusho` (`id`, `shop_id`, `delivery`, `delivery_time`, `receipt`, `rcx_overview`, `cancel`, `refund`, `exchange`, `payment_method`) VALUES
(1,	22,	'【業者】 ヤマト運輸\r\n【配送サービス名】宅急便\r\n\r\n海外配送について\r\n　当店は海外へ発送を行っていません',	NULL,	NULL,	NULL,	NULL,	NULL,	'不良品による返金\r\n全額ご返金いたします\r\n商品到着より8日以内に当店までご連絡下さい。\r\nクレジットカードは請求を取り消します。\r\n代引き、前払いは現金書留か郵便小為替、お手持ちの銀行および郵便口座への振込みのいずれかをご指定いただき返金いたします。',	NULL),
(2,	24,	'クロネコヤマト便にて発送いたします。\r\n配送料\r\n\r\n1.通常配送\r\n\r\n北海道 1260円\r\n\r\n北東北（青森・秋田・岩手）940円\r\n\r\n南東北（宮城県・山形県・福島県）840円\r\n\r\n関東 / 甲信越 840円\r\n中部 840円\r\n北陸 840円\r\n関西 940円\r\n中国 1050円\r\n四国 1150円\r\n九州 1260円\r\n沖縄 1360円',	'入金確認後３日以内に発送します。\r\n但し、在庫不足品に関しては別途メールにてお知らせいたします。',	'領収書の有無は注文時のメモ欄に記載いただくか、発送前までにメールにてお知らせください。',	'商品配送後のお客様都合による返品、交換は受付けておりません。\r\n下記の場合はこの限りではございませんのでヤマダモール joys運営管理部へメールにてお問い合わせ下さい。\r\n- 梱包箱や商品の破損があり輸送事故が疑われる場合\r\n- 商品の初期不良等の不具合\r\nお客様都合での送付後の住所変更の場合に発生する送料は お客様のご負担となります。',	'発送前にご連絡を頂ければキャンセルいたします。\r\n但し、キャンセル料が発生します。',	'返品は基本的にできません。\r\n但し、初期不良品と弊社が判断でしたものに関しては返品させて頂きます。',	'基本的に取り扱っていません。\r\n但し、弊社が認める場合は送料をお客様で負担いただき対応いたします。',	'tatata'),
(3,	19,	NULL,	NULL,	NULL,	NULL,	NULL,	NULL,	NULL,	'支払い方法を入力'),
(4,	20,	NULL,	NULL,	NULL,	NULL,	NULL,	NULL,	NULL,	'お支払い方法の追加のテスト'),
(5,	42,	'■宅配便\r\n【運送会社】\r\n［ヤマト運輸］でのお届けになります。（「日本郵便」でのお届けの場合もございます。）\r\n※ご指定いただくことはできません。\r\n\r\n【配送希望時間帯をご指定出来ます】\r\n午前中・14時～16時・16時～18時・18時～20時・19時～21時\r\nただし時間を指定された場合でも、事情により指定時間内に配達ができない事もございます。\r\n\r\n【送料料金表】\r\n\r\n商品価格：\r\n～3,979円（税込）　	商品価格：\r\n3,980 ～ 9,799円（税込）　	商品価格：\r\n9,800円（税込）～　\r\n北海道	2,090円（税込）	0円（税込）	0円（税込）\r\n沖縄	3,850円（税込）	3,850円（税込）	0円（税込）\r\n本州・四国・九州	880円（税込）	0円	0円\r\n※送料別の商品：商品価格に送料が含まれていないもので、かつ、商品ページで個別に送料が設定されていない商品。\r\n※送料込の商品：商品価格に送料が含まれているもの。商品ページで個別に送料が設定されている商品を含みます。\r\n\r\n【送料無料商品の扱い】\r\n１配送先につき、送料無料の商品と送料別の商品を同時にご注文の場合、送料は上記料金表に関係なく送料無料になります。ただし、商品ページで個別に送料が設定されている商品がある場合は、その送料×個数分は必要になります。\r\n\r\n【送料分消費税】\r\nこの料金には消費税が含まれています。\r\n\r\n【離島他の扱い】\r\n離島・一部地域でも追加送料がかかることはありません。',	NULL,	NULL,	NULL,	'ご注文確定後のキャンセル・注文内容の変更、商品の交換はできません。\r\n\r\n・弊社が定めるご発注の一定量を超えるご注文は、ご注文をお断りさせていただく場合がございますので、予めご了承くださいませ。\r\n\r\n・ご注文頂いた商品の在庫数が少量及び注文が殺到した場合、システム処理にタイムラグが生じ、欠品が発生する可能性がございます。\r\n欠品した商品を除いたご注文内容で配送させて頂く場合や、ご注文をキャンセルさせていただく場合がございます。予めご了承ください。',	'・お客様都合による返品\r\nお客様都合による返品の場合は「14日以内」にお電話、またはメールにて必ずご連絡をお願いします。\r\nご連絡を頂いてから商品の返品、返金方法をご説明いたします。送料はお客様負担とさせていただきます。\r\n\r\n・不良品などによる返品\r\n商品到着後14日以内にテーラーメイド ゴルフ カスタマーサービスコールまでご連絡の上、当該商品を指定場所へ返送して下さい。この場合の返品送料は当社が負担いたします。\r\n在庫状況により、他の商品への変更をお願いする場合がありますのでご了承下さい。\r\n交換品は返品商品を受領した後に発送いたします。\r\n交換品がご購入商品と異なり差額が生じる場合は、ご購入金額を返金させて頂きます。あらためて交換品をご注文下さい。',	'・お客様都合による返品\r\nお客様都合による返品の場合は「14日以内」にお電話、またはメールにて必ずご連絡をお願いします。\r\nご連絡を頂いてから商品の返品、返金方法をご説明いたします。送料はお客様負担とさせていただきます。\r\n\r\n・不良品などによる返品\r\n商品到着後14日以内にテーラーメイド ゴルフ カスタマーサービスコールまでご連絡の上、当該商品を指定場所へ返送して下さい。この場合の返品送料は当社が負担いたします。\r\n在庫状況により、他の商品への変更をお願いする場合がありますのでご了承下さい。\r\n交換品は返品商品を受領した後に発送いたします。\r\n交換品がご購入商品と異なり差額が生じる場合は、ご購入金額を返金させて頂きます。あらためて交換品をご注文下さい。',	'以下のお支払い方法をご用意しております。\r\n\r\n・クレジットカード\r\n・代金引換（現金のみ）\r\n・銀行振込\r\n\r\n※クレジットカードのセキュリティはSSLというシステムを利用しております。 カード番号は暗号化されて安全に送信されますので、どうぞご安心ください。');

DROP TABLE IF EXISTS `cme_blog_type`;
CREATE TABLE `cme_blog_type` (
  `id` smallint(5) unsigned NOT NULL,
  `name` varchar(255) NOT NULL,
  `sort_no` smallint(5) unsigned NOT NULL,
  PRIMARY KEY (`id`)
) ENGINE=InnoDB DEFAULT CHARSET=utf8;

INSERT INTO `cme_blog_type` (`id`, `name`, `sort_no`) VALUES
(1,	'お知らせ',	2),
(2,	'情報発信サイト',	1);

DROP TABLE IF EXISTS `cme_katakana`;
CREATE TABLE `cme_katakana` (
  `id` int(10) unsigned NOT NULL AUTO_INCREMENT,
  `chara` varchar(10) NOT NULL,
  PRIMARY KEY (`id`)
) ENGINE=InnoDB DEFAULT CHARSET=utf8;

INSERT INTO `cme_katakana` (`id`, `chara`) VALUES
(1,	'ア'),
(2,	'カ'),
(3,	'サ'),
(4,	'タ'),
(5,	'ナ'),
(6,	'ハ'),
(7,	'マ'),
(8,	'ヤ'),
(9,	'ラ・ワ'),
(10,	'A～Z・数字');

DROP TABLE IF EXISTS `cme_series`;
CREATE TABLE `cme_series` (
  `id` smallint(5) unsigned NOT NULL,
  `desciption` longblob DEFAULT NULL,
  `thumbnail` varchar(255) DEFAULT NULL,
  `name` varchar(255) NOT NULL,
  `sort_no` smallint(5) unsigned NOT NULL,
  PRIMARY KEY (`id`)
) ENGINE=InnoDB DEFAULT CHARSET=utf8;

INSERT INTO `cme_series` (`id`, `desciption`, `thumbnail`, `name`, `sort_no`) VALUES
(1,	'<table cellspacing=\"0\" style=\"border-collapse:collapse; width:105px\">\r\n	<tbody>\r\n		<tr>\r\n			<td colspan=\"2\" style=\"border-bottom:none; border-left:none; border-right:none; border-top:none; height:24px; vertical-align:middle; white-space:nowrap; width:104px\"><span style=\"font-size:15px\"><span style=\"color:black\"><span style=\"font-family:游ゴシック,monospace\">小売店及び製造業者が直接に消費者と取引する商品を扱っています。</span></span></span></td>\r\n		</tr>\r\n		<tr>\r\n			<td style=\"border-bottom:none; border-left:none; border-right:none; border-top:none; height:24px; vertical-align:middle; white-space:nowrap\">&nbsp;</td>\r\n			<td style=\"border-bottom:none; border-left:none; border-right:none; border-top:none; vertical-align:middle; white-space:nowrap\"><span style=\"font-size:15px\"><span style=\"color:black\"><span style=\"font-family:游ゴシック,monospace\">製造者の思いがこもった商品説明</span></span></span></td>\r\n		</tr>\r\n		<tr>\r\n			<td style=\"border-bottom:none; border-left:none; border-right:none; border-top:none; height:24px; vertical-align:middle; white-space:nowrap\">&nbsp;</td>\r\n			<td style=\"border-bottom:none; border-left:none; border-right:none; border-top:none; vertical-align:middle; white-space:nowrap\"><span style=\"font-size:15px\"><span style=\"color:black\"><span style=\"font-family:游ゴシック,monospace\">消費者のレビューが直接製造者届く</span></span></span></td>\r\n		</tr>\r\n		<tr>\r\n			<td colspan=\"2\" style=\"border-bottom:none; border-left:none; border-right:none; border-top:none; height:24px; vertical-align:middle; white-space:nowrap\"><span style=\"font-size:15px\"><span style=\"color:black\"><span style=\"font-family:游ゴシック,monospace\">非対面形式での取引の中で個と個がぬくもりを感じる取引を実現します。</span></span></span></td>\r\n		</tr>\r\n	</tbody>\r\n</table>',	'0318144629_6052e9358c6f7.jpeg',	'ビジネスマッチング',	4),
(2,	'<table cellspacing=\"0\" style=\"border-collapse:collapse; width:69px\">\r\n	<tbody>\r\n		<tr>\r\n			<td style=\"border-bottom:none; border-left:none; border-right:none; border-top:none; height:24px; vertical-align:middle; white-space:nowrap; width:69px\"><span style=\"font-size:15px\"><span style=\"color:black\"><span style=\"font-family:游ゴシック,monospace\">地域のこだわりがここに！</span></span></span></td>\r\n		</tr>\r\n		<tr>\r\n			<td style=\"border-bottom:none; border-left:none; border-right:none; border-top:none; height:24px; vertical-align:middle; white-space:nowrap\"><span style=\"font-size:15px\"><span style=\"color:black\"><span style=\"font-family:游ゴシック,monospace\">全国のこだわりをここに！</span></span></span></td>\r\n		</tr>\r\n		<tr>\r\n			<td style=\"border-bottom:none; border-left:none; border-right:none; border-top:none; height:24px; vertical-align:middle; white-space:nowrap\">&nbsp;</td>\r\n		</tr>\r\n		<tr>\r\n			<td style=\"border-bottom:none; border-left:none; border-right:none; border-top:none; height:24px; vertical-align:middle; white-space:nowrap\"><span style=\"font-size:15px\"><span style=\"color:black\"><span style=\"font-family:游ゴシック,monospace\">全国に散らばったバイヤーのこだわり商品を集めています。</span></span></span></td>\r\n		</tr>\r\n		<tr>\r\n			<td style=\"border-bottom:none; border-left:none; border-right:none; border-top:none; height:24px; vertical-align:middle; white-space:nowrap\"><span style=\"font-size:15px\"><span style=\"color:black\"><span style=\"font-family:游ゴシック,monospace\">全国に散らばったバイヤーが自らの目で見てまた口で味わった商品を集めています。</span></span></span></td>\r\n		</tr>\r\n		<tr>\r\n			<td style=\"border-bottom:none; border-left:none; border-right:none; border-top:none; height:24px; vertical-align:middle; white-space:nowrap\"><span style=\"font-size:15px\"><span style=\"color:black\"><span style=\"font-family:游ゴシック,monospace\">知名度ではないけれど本当に良いものバイヤーが厳選して紹介しています。</span></span></span></td>\r\n		</tr>\r\n		<tr>\r\n			<td style=\"border-bottom:none; border-left:none; border-right:none; border-top:none; height:24px; vertical-align:middle; white-space:nowrap\"><span style=\"font-size:15px\"><span style=\"color:black\"><span style=\"font-family:游ゴシック,monospace\">各商品説明にはバイヤーのこだわり説明も紹介しており消費者目線での評価をご理解できます。</span></span></span></td>\r\n		</tr>\r\n	</tbody>\r\n</table>',	'0318144552_6052e9101d06f.jpeg',	'BUYER SHOP　KODAWARI',	1),
(3,	'<table cellspacing=\"0\" style=\"border-collapse:collapse; width:69px\">\r\n	<tbody>\r\n		<tr>\r\n			<td style=\"border-bottom:none; border-left:none; border-right:none; border-top:none; height:24px; vertical-align:middle; white-space:nowrap; width:69px\"><span style=\"font-size:15px\"><span style=\"color:black\"><span style=\"font-family:游ゴシック,monospace\">これだけSNSが普及した世の中で日本各地にはまだまだ昔から伝承された優れた</span></span></span></td>\r\n		</tr>\r\n		<tr>\r\n			<td style=\"border-bottom:none; border-left:none; border-right:none; border-top:none; height:24px; vertical-align:middle; white-space:nowrap\"><span style=\"font-size:15px\"><span style=\"color:black\"><span style=\"font-family:游ゴシック,monospace\">技術や素材が周知されれいないものが多々あります。</span></span></span></td>\r\n		</tr>\r\n		<tr>\r\n			<td style=\"border-bottom:none; border-left:none; border-right:none; border-top:none; height:24px; vertical-align:middle; white-space:nowrap\">&nbsp;</td>\r\n		</tr>\r\n		<tr>\r\n			<td style=\"border-bottom:none; border-left:none; border-right:none; border-top:none; height:24px; vertical-align:middle; white-space:nowrap\"><span style=\"font-size:15px\"><span style=\"color:black\"><span style=\"font-family:游ゴシック,monospace\">THE ALLでいう匠とは、日本国内で固有の技術またはこだわり材料による製造に</span></span></span></td>\r\n		</tr>\r\n		<tr>\r\n			<td style=\"border-bottom:none; border-left:none; border-right:none; border-top:none; height:24px; vertical-align:middle; white-space:nowrap\"><span style=\"font-size:15px\"><span style=\"color:black\"><span style=\"font-family:游ゴシック,monospace\">携わっている会社や商品を９クローズアップしてます。</span></span></span></td>\r\n		</tr>\r\n		<tr>\r\n			<td style=\"border-bottom:none; border-left:none; border-right:none; border-top:none; height:24px; vertical-align:middle; white-space:nowrap\">&nbsp;</td>\r\n		</tr>\r\n		<tr>\r\n			<td style=\"border-bottom:none; border-left:none; border-right:none; border-top:none; height:24px; vertical-align:middle; white-space:nowrap\"><span style=\"font-size:15px\"><span style=\"color:black\"><span style=\"font-family:游ゴシック,monospace\">伝統という言葉にこだわらず日本の工芸品、和食、和菓子、和楽器等を独自の技術、</span></span></span></td>\r\n		</tr>\r\n		<tr>\r\n			<td style=\"border-bottom:none; border-left:none; border-right:none; border-top:none; height:24px; vertical-align:middle; white-space:nowrap\"><span style=\"font-size:15px\"><span style=\"color:black\"><span style=\"font-family:游ゴシック,monospace\">素材を活かして作った商品を紹介しています。</span></span></span></td>\r\n		</tr>\r\n	</tbody>\r\n</table>',	'0318144647_6052e947df896.jpeg',	'SPECIALTY SHOP　匠',	2),
(4,	'<table cellspacing=\"0\" style=\"border-collapse:collapse; width:69px\">\r\n	<tbody>\r\n		<tr>\r\n			<td style=\"border-bottom:none; border-left:none; border-right:none; border-top:none; height:24px; vertical-align:middle; white-space:nowrap; width:69px\"><span style=\"font-size:15px\"><span style=\"color:black\"><span style=\"font-family:游ゴシック,monospace\">「老舗」と呼ばれる商品を紹介しています。</span></span></span></td>\r\n		</tr>\r\n		<tr>\r\n			<td style=\"border-bottom:none; border-left:none; border-right:none; border-top:none; height:24px; vertical-align:middle; white-space:nowrap\"><span style=\"font-size:15px\"><span style=\"color:black\"><span style=\"font-family:游ゴシック,monospace\">旅行気分でショッピング（旅先のご当地商品）</span></span></span></td>\r\n		</tr>\r\n		<tr>\r\n			<td style=\"border-bottom:none; border-left:none; border-right:none; border-top:none; height:24px; vertical-align:middle; white-space:nowrap\"><span style=\"font-size:15px\"><span style=\"color:black\"><span style=\"font-family:游ゴシック,monospace\">飛行機の機内食(ビジネスクラス路線の機内食)</span></span></span></td>\r\n		</tr>\r\n		<tr>\r\n			<td style=\"border-bottom:none; border-left:none; border-right:none; border-top:none; height:24px; vertical-align:middle; white-space:nowrap\"><span style=\"font-size:15px\"><span style=\"color:black\"><span style=\"font-family:游ゴシック,monospace\">各地の工芸品を幅広く紹介しています。</span></span></span></td>\r\n		</tr>\r\n	</tbody>\r\n</table>',	'0318144655_6052e94f18dde.jpeg',	'スーパー世代のこだわり',	3);

DROP TABLE IF EXISTS `cme_shop_status`;
CREATE TABLE `cme_shop_status` (
  `id` smallint(5) unsigned NOT NULL,
  `name` varchar(255) NOT NULL,
  `sort_no` smallint(5) unsigned NOT NULL,
  PRIMARY KEY (`id`)
) ENGINE=InnoDB DEFAULT CHARSET=utf8;

INSERT INTO `cme_shop_status` (`id`, `name`, `sort_no`) VALUES
(1,	'公開',	2),
(2,	'非公開',	1);

DROP TABLE IF EXISTS `doctrine_migration_versions`;
CREATE TABLE `doctrine_migration_versions` (
  `version` varchar(255) COLLATE utf8_unicode_ci NOT NULL,
  PRIMARY KEY (`version`)
) ENGINE=InnoDB DEFAULT CHARSET=utf8 COLLATE=utf8_unicode_ci;


DROP TABLE IF EXISTS `dtb_authority_role`;
CREATE TABLE `dtb_authority_role` (
  `id` int(10) unsigned NOT NULL AUTO_INCREMENT,
  `authority_id` smallint(5) unsigned DEFAULT NULL,
  `creator_id` int(10) unsigned DEFAULT NULL,
  `deny_url` varchar(4000) NOT NULL,
  `create_date` datetime NOT NULL COMMENT '(DC2Type:datetimetz)',
  `update_date` datetime NOT NULL COMMENT '(DC2Type:datetimetz)',
  `discriminator_type` varchar(255) NOT NULL,
  PRIMARY KEY (`id`),
  KEY `IDX_4A1F70B181EC865B` (`authority_id`),
  KEY `IDX_4A1F70B161220EA6` (`creator_id`),
  CONSTRAINT `FK_4A1F70B161220EA6` FOREIGN KEY (`creator_id`) REFERENCES `dtb_member` (`id`),
  CONSTRAINT `FK_4A1F70B181EC865B` FOREIGN KEY (`authority_id`) REFERENCES `mtb_authority` (`id`)
) ENGINE=InnoDB DEFAULT CHARSET=utf8;

INSERT INTO `dtb_authority_role` (`id`, `authority_id`, `creator_id`, `deny_url`, `create_date`, `update_date`, `discriminator_type`) VALUES
(1,	2,	NULL,	'/product/category',	'2021-02-11 12:58:55',	'2021-02-11 12:58:55',	'authorityrole'),
(2,	2,	NULL,	'/product/tag',	'2021-02-11 12:58:55',	'2021-02-11 12:58:55',	'authorityrole'),
(3,	2,	NULL,	'/product/category_csv_upload',	'2021-02-11 12:58:55',	'2021-02-11 12:58:55',	'authorityrole'),
(4,	2,	NULL,	'/customer',	'2021-02-11 12:58:55',	'2021-02-11 12:58:55',	'authorityrole'),
(6,	2,	NULL,	'/setting/shop/payment',	'2021-02-11 12:58:55',	'2021-02-11 12:58:55',	'authorityrole'),
(7,	2,	NULL,	'/setting/shop/tax',	'2021-02-11 12:58:55',	'2021-02-11 12:58:55',	'authorityrole'),
(8,	2,	NULL,	'/setting/shop/mail',	'2021-02-11 12:58:55',	'2021-02-11 12:58:55',	'authorityrole'),
(9,	2,	NULL,	'/setting/shop/csv',	'2021-02-11 12:58:55',	'2021-02-11 12:58:55',	'authorityrole'),
(10,	2,	NULL,	'/setting/system',	'2021-02-11 12:58:55',	'2021-02-11 12:58:55',	'authorityrole'),
(11,	2,	NULL,	'/store',	'2021-02-11 12:58:55',	'2021-02-11 12:58:55',	'authorityrole'),
(12,	2,	NULL,	'/shopping_mall',	'2021-02-11 12:58:55',	'2021-02-11 12:58:55',	'authorityrole'),
(13,	2,	NULL,	'/shop/list',	'2021-02-11 12:58:55',	'2021-02-11 12:58:55',	'authorityrole'),
(14,	2,	NULL,	'/content/news',	'2021-02-18 13:15:00',	'2021-02-18 13:15:00',	'authorityrole'),
(15,	2,	NULL,	'/content/file_manager',	'2021-02-18 13:15:00',	'2021-02-18 13:15:00',	'authorityrole'),
(16,	2,	NULL,	'/content/layout',	'2021-02-18 13:15:00',	'2021-02-18 13:15:00',	'authorityrole'),
(17,	2,	NULL,	'/content/page',	'2021-02-18 13:15:00',	'2021-02-18 13:15:00',	'authorityrole'),
(18,	2,	NULL,	'/content/css',	'2021-02-18 13:15:00',	'2021-02-18 13:15:00',	'authorityrole'),
(19,	2,	NULL,	'/content/js',	'2021-02-18 13:15:00',	'2021-02-18 13:15:00',	'authorityrole'),
(20,	2,	NULL,	'/content/block',	'2021-02-18 13:15:00',	'2021-02-18 13:15:00',	'authorityrole'),
(21,	2,	NULL,	'/content/cache',	'2021-02-18 13:15:00',	'2021-02-18 13:15:00',	'authorityrole'),
(22,	2,	NULL,	'/content/category',	'2021-02-18 13:15:00',	'2021-02-18 13:15:00',	'authorityrole'),
(23,	2,	NULL,	'/content/tag',	'2021-02-18 13:15:00',	'2021-02-18 13:15:00',	'authorityrole'),
(24,	2,	NULL,	'/content/blog',	'2021-02-18 13:15:00',	'2021-02-18 13:15:00',	'authorityrole'),
(25,	2,	NULL,	'/content/maintenance',	'2021-02-18 13:15:00',	'2021-02-18 13:15:00',	'authorityrole'),
(26,	2,	NULL,	'/stripe',	'2021-02-26 03:56:48',	'2021-02-26 03:56:48',	'authorityrole'),
(27,	2,	NULL,	'/series',	'2021-02-26 03:56:48',	'2021-02-26 03:56:48',	'authorityrole'),
(28,	2,	NULL,	'/content/feature',	'2021-03-09 07:04:49',	'2021-03-09 07:04:49',	'authorityrole'),
(29,	2,	NULL,	'/plugin',	'2021-03-09 07:04:49',	'2021-03-09 07:04:49',	'authorityrole'),
(30,	2,	NULL,	'/order/search/customer/html',	'2021-04-01 23:14:10',	'2021-04-01 23:14:10',	'authorityrole'),
(31,	2,	NULL,	'/apply',	'2021-05-05 07:33:05',	'2021-05-05 07:33:05',	'authorityrole'),
(32,	2,	NULL,	'/setting/customer_rank',	'2021-06-25 12:59:25',	'2021-06-25 12:59:25',	'authorityrole'),
(33,	2,	NULL,	'/content/customer_rank',	'2021-06-25 13:06:33',	'2021-06-25 13:06:33',	'authorityrole');

DROP TABLE IF EXISTS `dtb_base_info`;
CREATE TABLE `dtb_base_info` (
  `id` int(10) unsigned NOT NULL AUTO_INCREMENT,
  `country_id` smallint(5) unsigned DEFAULT NULL,
  `pref_id` smallint(5) unsigned DEFAULT NULL,
  `company_name` varchar(255) DEFAULT NULL,
  `company_kana` varchar(255) DEFAULT NULL,
  `postal_code` varchar(8) DEFAULT NULL,
  `addr01` varchar(255) DEFAULT NULL,
  `addr02` varchar(255) DEFAULT NULL,
  `phone_number` varchar(14) DEFAULT NULL,
  `business_hour` varchar(255) DEFAULT NULL,
  `email01` varchar(255) DEFAULT NULL,
  `email02` varchar(255) DEFAULT NULL,
  `email03` varchar(255) DEFAULT NULL,
  `email04` varchar(255) DEFAULT NULL,
  `shop_name` varchar(255) DEFAULT NULL,
  `shop_kana` varchar(255) DEFAULT NULL,
  `shop_name_eng` varchar(255) DEFAULT NULL,
  `update_date` datetime NOT NULL COMMENT '(DC2Type:datetimetz)',
  `good_traded` varchar(4000) DEFAULT NULL,
  `message` varchar(4000) DEFAULT NULL,
  `delivery_free_amount` decimal(12,2) unsigned DEFAULT NULL,
  `delivery_free_quantity` int(10) unsigned DEFAULT NULL,
  `option_mypage_order_status_display` tinyint(1) NOT NULL DEFAULT 1,
  `option_nostock_hidden` tinyint(1) NOT NULL DEFAULT 0,
  `option_favorite_product` tinyint(1) NOT NULL DEFAULT 1,
  `option_product_delivery_fee` tinyint(1) NOT NULL DEFAULT 0,
  `option_product_tax_rule` tinyint(1) NOT NULL DEFAULT 0,
  `option_customer_activate` tinyint(1) NOT NULL DEFAULT 1,
  `option_remember_me` tinyint(1) NOT NULL DEFAULT 1,
  `authentication_key` varchar(255) DEFAULT NULL,
  `php_path` varchar(255) DEFAULT NULL,
  `option_point` tinyint(1) NOT NULL DEFAULT 1,
  `basic_point_rate` decimal(10,0) unsigned DEFAULT 1,
  `point_conversion_rate` decimal(10,0) unsigned DEFAULT 1,
  `discriminator_type` varchar(255) NOT NULL,
  PRIMARY KEY (`id`),
  KEY `IDX_1D3655F4F92F3E70` (`country_id`),
  KEY `IDX_1D3655F4E171EF5F` (`pref_id`),
  CONSTRAINT `FK_1D3655F4E171EF5F` FOREIGN KEY (`pref_id`) REFERENCES `mtb_pref` (`id`),
  CONSTRAINT `FK_1D3655F4F92F3E70` FOREIGN KEY (`country_id`) REFERENCES `mtb_country` (`id`)
) ENGINE=InnoDB DEFAULT CHARSET=utf8;

INSERT INTO `dtb_base_info` (`id`, `country_id`, `pref_id`, `company_name`, `company_kana`, `postal_code`, `addr01`, `addr02`, `phone_number`, `business_hour`, `email01`, `email02`, `email03`, `email04`, `shop_name`, `shop_kana`, `shop_name_eng`, `update_date`, `good_traded`, `message`, `delivery_free_amount`, `delivery_free_quantity`, `option_mypage_order_status_display`, `option_nostock_hidden`, `option_favorite_product`, `option_product_delivery_fee`, `option_product_tax_rule`, `option_customer_activate`, `option_remember_me`, `authentication_key`, `php_path`, `option_point`, `basic_point_rate`, `point_conversion_rate`, `discriminator_type`) VALUES
(1,	NULL,	NULL,	NULL,	NULL,	NULL,	NULL,	NULL,	NULL,	NULL,	'info@subspire.co.jp',	'info@subspire.co.jp',	'info@subspire.co.jp',	'info@subspire.co.jp',	'THE ALL',	NULL,	NULL,	'2021-12-07 08:18:10',	NULL,	NULL,	NULL,	NULL,	1,	0,	1,	1,	1,	1,	1,	'c03832f65cf708ea9a16dfc0a4a46d2c59ae7852',	NULL,	1,	1,	1,	'baseinfo');

DROP TABLE IF EXISTS `dtb_block`;
CREATE TABLE `dtb_block` (
  `id` int(10) unsigned NOT NULL AUTO_INCREMENT,
  `device_type_id` smallint(5) unsigned DEFAULT NULL,
  `block_name` varchar(255) DEFAULT NULL,
  `file_name` varchar(255) NOT NULL,
  `use_controller` tinyint(1) NOT NULL DEFAULT 0,
  `deletable` tinyint(1) NOT NULL DEFAULT 1,
  `create_date` datetime NOT NULL COMMENT '(DC2Type:datetimetz)',
  `update_date` datetime NOT NULL COMMENT '(DC2Type:datetimetz)',
  `discriminator_type` varchar(255) NOT NULL,
  PRIMARY KEY (`id`),
  UNIQUE KEY `device_type_id` (`device_type_id`,`file_name`),
  KEY `IDX_6B54DCBD4FFA550E` (`device_type_id`),
  CONSTRAINT `FK_6B54DCBD4FFA550E` FOREIGN KEY (`device_type_id`) REFERENCES `mtb_device_type` (`id`)
) ENGINE=InnoDB DEFAULT CHARSET=utf8;

INSERT INTO `dtb_block` (`id`, `device_type_id`, `block_name`, `file_name`, `use_controller`, `deletable`, `create_date`, `update_date`, `discriminator_type`) VALUES
(1,	10,	'カート',	'cart',	0,	0,	'2017-03-07 10:14:52',	'2017-03-07 10:14:52',	'block'),
(2,	10,	'カテゴリ',	'category',	0,	0,	'2017-03-07 10:14:52',	'2017-03-07 10:14:52',	'block'),
(3,	10,	'カテゴリナビ(PC)',	'category_nav_pc',	0,	0,	'2017-03-07 10:14:52',	'2017-03-07 10:14:52',	'block'),
(4,	10,	'カテゴリナビ(SP)',	'category_nav_sp',	0,	0,	'2017-03-07 10:14:52',	'2017-03-07 10:14:52',	'block'),
(5,	10,	'新入荷商品特集',	'eyecatch',	0,	0,	'2017-03-07 10:14:52',	'2017-03-07 10:14:52',	'block'),
(6,	10,	'フッター',	'footer',	0,	0,	'2017-03-07 10:14:52',	'2017-03-07 10:14:52',	'block'),
(7,	10,	'ヘッダー(商品検索・ログインナビ・カート)',	'header',	0,	0,	'2017-03-07 10:14:52',	'2017-03-07 10:14:52',	'block'),
(8,	10,	'ログインナビ(共通)',	'login',	0,	0,	'2017-03-07 10:14:52',	'2017-03-07 10:14:52',	'block'),
(9,	10,	'ログインナビ(SP)',	'login_sp',	0,	0,	'2017-03-07 10:14:52',	'2017-03-07 10:14:52',	'block'),
(10,	10,	'ロゴ',	'logo',	0,	0,	'2017-03-07 10:14:52',	'2017-03-07 10:14:52',	'block'),
(11,	10,	'新着商品',	'new_item',	0,	0,	'2017-03-07 10:14:52',	'2017-03-07 10:14:52',	'block'),
(12,	10,	'新着情報',	'news',	0,	0,	'2017-03-07 10:14:52',	'2017-03-07 10:14:52',	'block'),
(13,	10,	'商品検索',	'search_product',	1,	0,	'2017-03-07 10:14:52',	'2017-03-07 10:14:52',	'block'),
(14,	10,	'トピック',	'topic',	0,	0,	'2017-03-07 10:14:52',	'2017-03-07 10:14:52',	'block'),
(15,	10,	'PCナビゲーション',	'pc_navigation',	0,	1,	'2021-01-27 07:16:25',	'2021-01-27 07:16:25',	'block'),
(16,	10,	'PCアイコンナビゲーション',	'pc_icon_navigation',	0,	1,	'2021-01-27 07:17:43',	'2021-01-27 07:17:43',	'block'),
(17,	10,	'メインビジュアル',	'mainvisual',	0,	1,	'2021-01-27 07:23:45',	'2021-01-27 07:23:45',	'block'),
(18,	10,	'お知らせ',	'news_block',	0,	1,	'2021-01-27 07:34:34',	'2021-01-27 07:34:34',	'block'),
(19,	10,	'サイドメニュー（ショップ）',	'sidemenu_shop',	0,	1,	'2021-01-27 07:38:22',	'2021-01-27 07:38:22',	'block'),
(20,	10,	'トップページ特集',	'top_feature',	0,	1,	'2021-01-27 07:41:35',	'2021-01-27 07:41:35',	'block'),
(21,	10,	'トップページカテゴリー',	'top_category',	0,	1,	'2021-01-27 07:43:35',	'2021-01-27 07:43:35',	'block'),
(22,	10,	'SPナビゲーションメニュー',	'sp_navigation',	0,	1,	'2021-01-27 07:49:59',	'2021-01-27 07:49:59',	'block'),
(23,	10,	'サイドメニュー（特集）',	'sidemenu_feature',	0,	1,	'2021-01-28 05:19:44',	'2021-01-28 05:19:44',	'block'),
(24,	10,	'ガイド用サイドメニュー',	'sidebar_guide',	0,	1,	'2021-01-28 05:49:01',	'2021-01-28 05:49:01',	'block'),
(25,	10,	'ブログカテゴリー',	'sidebar_blogcat',	0,	1,	'2021-01-28 07:11:52',	'2021-01-28 07:11:52',	'block'),
(27,	10,	'パンくずプラグイン',	'BreadcrumbList4',	0,	1,	'2021-01-29 02:17:06',	'2021-01-29 02:17:06',	'block'),
(35,	10,	'ブログ一覧タイトル',	'block_list_title',	0,	1,	'2021-02-17 18:59:57',	'2021-02-17 18:59:57',	'block'),
(36,	10,	'Topバナー',	'top_banner',	0,	1,	'2021-02-18 14:41:59',	'2021-02-18 14:41:59',	'block'),
(37,	10,	'シリーズタイトル',	'series_title',	0,	1,	'2021-02-19 15:58:46',	'2021-02-19 15:58:46',	'block'),
(38,	10,	'会員ランク表示',	'customer_rank_info',	1,	0,	'2021-06-24 12:14:14',	'2021-06-24 12:14:14',	'block');

DROP TABLE IF EXISTS `dtb_block_position`;
CREATE TABLE `dtb_block_position` (
  `section` int(10) unsigned NOT NULL,
  `block_id` int(10) unsigned NOT NULL,
  `layout_id` int(10) unsigned NOT NULL,
  `block_row` int(10) unsigned DEFAULT NULL,
  `discriminator_type` varchar(255) NOT NULL,
  PRIMARY KEY (`section`,`block_id`,`layout_id`),
  KEY `IDX_35DCD731E9ED820C` (`block_id`),
  KEY `IDX_35DCD7318C22AA1A` (`layout_id`),
  CONSTRAINT `FK_35DCD7318C22AA1A` FOREIGN KEY (`layout_id`) REFERENCES `dtb_layout` (`id`),
  CONSTRAINT `FK_35DCD731E9ED820C` FOREIGN KEY (`block_id`) REFERENCES `dtb_block` (`id`)
) ENGINE=InnoDB DEFAULT CHARSET=utf8;

INSERT INTO `dtb_block_position` (`section`, `block_id`, `layout_id`, `block_row`, `discriminator_type`) VALUES
(3,	1,	0,	4,	'blockposition'),
(3,	1,	1,	4,	'blockposition'),
(3,	1,	2,	4,	'blockposition'),
(3,	1,	3,	3,	'blockposition'),
(3,	1,	5,	4,	'blockposition'),
(3,	1,	6,	3,	'blockposition'),
(3,	1,	7,	4,	'blockposition'),
(3,	10,	0,	0,	'blockposition'),
(3,	10,	1,	0,	'blockposition'),
(3,	10,	2,	0,	'blockposition'),
(3,	10,	3,	0,	'blockposition'),
(3,	10,	5,	0,	'blockposition'),
(3,	10,	6,	0,	'blockposition'),
(3,	10,	7,	0,	'blockposition'),
(3,	13,	0,	3,	'blockposition'),
(3,	13,	1,	3,	'blockposition'),
(3,	13,	2,	3,	'blockposition'),
(3,	13,	3,	4,	'blockposition'),
(3,	13,	5,	3,	'blockposition'),
(3,	13,	6,	4,	'blockposition'),
(3,	13,	7,	3,	'blockposition'),
(3,	15,	0,	1,	'blockposition'),
(3,	15,	1,	1,	'blockposition'),
(3,	15,	2,	1,	'blockposition'),
(3,	15,	3,	1,	'blockposition'),
(3,	15,	5,	1,	'blockposition'),
(3,	15,	6,	1,	'blockposition'),
(3,	15,	7,	1,	'blockposition'),
(3,	16,	0,	2,	'blockposition'),
(3,	16,	1,	2,	'blockposition'),
(3,	16,	2,	2,	'blockposition'),
(3,	16,	3,	2,	'blockposition'),
(3,	16,	5,	2,	'blockposition'),
(3,	16,	6,	2,	'blockposition'),
(3,	16,	7,	2,	'blockposition'),
(4,	17,	0,	0,	'blockposition'),
(4,	17,	1,	0,	'blockposition'),
(4,	18,	0,	1,	'blockposition'),
(4,	18,	1,	1,	'blockposition'),
(4,	27,	2,	0,	'blockposition'),
(4,	27,	3,	0,	'blockposition'),
(4,	27,	5,	0,	'blockposition'),
(4,	27,	6,	0,	'blockposition'),
(4,	27,	7,	0,	'blockposition'),
(4,	35,	7,	1,	'blockposition'),
(5,	19,	0,	0,	'blockposition'),
(5,	19,	1,	0,	'blockposition'),
(5,	19,	3,	0,	'blockposition'),
(5,	19,	5,	1,	'blockposition'),
(5,	23,	5,	0,	'blockposition'),
(5,	24,	6,	0,	'blockposition'),
(5,	25,	7,	0,	'blockposition'),
(6,	36,	0,	0,	'blockposition'),
(6,	36,	1,	0,	'blockposition'),
(7,	11,	0,	0,	'blockposition'),
(7,	11,	1,	0,	'blockposition'),
(9,	20,	0,	0,	'blockposition'),
(9,	20,	1,	0,	'blockposition'),
(9,	21,	0,	1,	'blockposition'),
(9,	21,	1,	1,	'blockposition'),
(10,	6,	0,	0,	'blockposition'),
(10,	6,	1,	0,	'blockposition'),
(10,	6,	2,	0,	'blockposition'),
(10,	6,	3,	0,	'blockposition'),
(10,	6,	5,	0,	'blockposition'),
(10,	6,	6,	0,	'blockposition'),
(10,	6,	7,	0,	'blockposition'),
(11,	22,	0,	0,	'blockposition'),
(11,	22,	1,	0,	'blockposition'),
(11,	22,	2,	0,	'blockposition'),
(11,	22,	3,	0,	'blockposition'),
(11,	22,	5,	0,	'blockposition'),
(11,	22,	6,	0,	'blockposition'),
(11,	22,	7,	0,	'blockposition');

DROP TABLE IF EXISTS `dtb_cart`;
CREATE TABLE `dtb_cart` (
  `id` int(10) unsigned NOT NULL AUTO_INCREMENT,
  `customer_id` int(10) unsigned DEFAULT NULL,
  `cart_key` varchar(255) DEFAULT NULL,
  `pre_order_id` varchar(255) DEFAULT NULL,
  `total_price` decimal(12,2) unsigned NOT NULL DEFAULT 0.00,
  `delivery_fee_total` decimal(12,2) unsigned NOT NULL DEFAULT 0.00,
  `sort_no` smallint(5) unsigned DEFAULT NULL,
  `create_date` datetime NOT NULL COMMENT '(DC2Type:datetimetz)',
  `update_date` datetime NOT NULL COMMENT '(DC2Type:datetimetz)',
  `add_point` decimal(12,0) unsigned NOT NULL DEFAULT 0,
  `use_point` decimal(12,0) unsigned NOT NULL DEFAULT 0,
  `discriminator_type` varchar(255) NOT NULL,
  PRIMARY KEY (`id`),
  UNIQUE KEY `dtb_cart_pre_order_id_idx` (`pre_order_id`),
  KEY `IDX_FC3C24F09395C3F3` (`customer_id`),
  KEY `dtb_cart_update_date_idx` (`update_date`),
  CONSTRAINT `FK_FC3C24F09395C3F3` FOREIGN KEY (`customer_id`) REFERENCES `dtb_customer` (`id`)
) ENGINE=InnoDB DEFAULT CHARSET=utf8;

INSERT INTO `dtb_cart` (`id`, `customer_id`, `cart_key`, `pre_order_id`, `total_price`, `delivery_fee_total`, `sort_no`, `create_date`, `update_date`, `add_point`, `use_point`, `discriminator_type`) VALUES
(1,	NULL,	'ulpEHtZLk0UE3K1Q29mN0KEy6JhfAoNg_1',	NULL,	55000.00,	0.00,	NULL,	'2021-02-15 05:35:51',	'2021-02-15 05:35:52',	0,	0,	'cart'),
(4,	NULL,	'On42pgVuzyl2D1Skyw2qODaXWELmaXAU_1',	NULL,	328240.00,	0.00,	NULL,	'2021-02-27 03:01:00',	'2021-02-27 03:01:01',	0,	0,	'cart'),
(7,	NULL,	'zum3KtIu6DlcOgxLcbRzKyAH2d7SrUGs_19__1',	NULL,	37950.00,	0.00,	NULL,	'2021-03-04 08:42:27',	'2021-03-04 08:43:28',	0,	0,	'cart'),
(14,	NULL,	'86FAQ3laLnSG4fWr2BmDQesRrIPcnm6p_24__2',	NULL,	327800.00,	0.00,	NULL,	'2021-03-04 13:44:23',	'2021-03-04 13:44:42',	0,	0,	'cart'),
(15,	NULL,	'86FAQ3laLnSG4fWr2BmDQesRrIPcnm6p_19__1',	NULL,	3080.00,	0.00,	NULL,	'2021-03-04 13:44:23',	'2021-03-04 13:44:42',	0,	0,	'cart'),
(16,	NULL,	'tu6dNjaav529mXUsnj6OzA5WodycS33n_24__2',	NULL,	327800.00,	0.00,	NULL,	'2021-03-09 01:19:47',	'2021-03-09 01:19:58',	0,	0,	'cart'),
(22,	NULL,	'VQ7llGm9cBo33W9FRPjLkE61FCo1HkiU_19__1',	NULL,	3080.00,	0.00,	NULL,	'2021-03-09 01:23:06',	'2021-03-09 01:23:06',	0,	0,	'cart'),
(26,	NULL,	'OOKpV0sGgs3PPSplKiWY5aRw2jUNe5Zo_24__2',	NULL,	327800.00,	0.00,	NULL,	'2021-03-09 01:24:30',	'2021-03-09 01:24:31',	0,	0,	'cart'),
(41,	NULL,	'Qio5DR1qICpw9E0VbEn0vKGZV6plaVI3_24__1',	NULL,	42900.00,	0.00,	NULL,	'2021-03-10 04:33:11',	'2021-03-10 04:33:16',	0,	0,	'cart'),
(48,	NULL,	'4xoTmr2aT391GiR1wheQFo1ylPRSrNEG_24__1',	'6739d40f339e0d4b7f734f13563d3103e1f92336',	53900.00,	0.00,	NULL,	'2021-03-11 04:41:37',	'2021-03-11 05:58:41',	0,	0,	'cart'),
(49,	NULL,	'4xoTmr2aT391GiR1wheQFo1ylPRSrNEG_19__1',	'8fb5168fa6a5ae185891dda759678045476733c6',	55000.00,	0.00,	NULL,	'2021-03-11 04:41:37',	'2021-03-11 05:58:41',	0,	0,	'cart'),
(51,	NULL,	'e0OgS4rYLRl7G9Ft4QpQzvH4EKsQlcWQ_24__1',	'02ea67403685ee596af7280a06dd13cc302946a5',	220000.00,	0.00,	NULL,	'2021-03-11 08:41:52',	'2021-03-11 08:43:29',	0,	0,	'cart'),
(52,	NULL,	'e0OgS4rYLRl7G9Ft4QpQzvH4EKsQlcWQ_19__1',	'd3e410ab5e086e73fb091043d79d15e234efb667',	5500.00,	0.00,	NULL,	'2021-03-11 08:41:52',	'2021-03-11 08:43:29',	0,	0,	'cart'),
(58,	NULL,	'VWfH6rkIh6MTGZxO8ZBu09rGZMwkH8Sw_24__1',	NULL,	11000.00,	0.00,	NULL,	'2021-03-17 02:16:35',	'2021-03-17 02:16:36',	0,	0,	'cart'),
(61,	NULL,	'UiJ62PjefATsYzcN6HmG4WGSGKHOIMto_24__1',	NULL,	220000.00,	0.00,	NULL,	'2021-03-18 04:24:01',	'2021-03-18 04:24:02',	0,	0,	'cart'),
(71,	NULL,	'BMNaCLeIi2k9OCgaauyg3hjPkgAdYh6O_19__1',	NULL,	54000.00,	0.00,	NULL,	'2021-03-19 08:12:37',	'2021-03-19 08:12:39',	0,	0,	'cart'),
(75,	NULL,	'EYfKTuDkiiMdKRqVL62cXsKUpym5OHkg_24__1',	NULL,	220.00,	0.00,	NULL,	'2021-03-22 12:37:23',	'2021-03-22 12:37:24',	0,	0,	'cart'),
(78,	NULL,	'sAu12QIlsKG8hQf7qdmMpNJ6rGRk1mFc_24__1',	NULL,	220000.00,	0.00,	NULL,	'2021-04-01 14:25:20',	'2021-04-01 14:25:21',	0,	0,	'cart'),
(88,	NULL,	'cFj3dVXITMBwltLAxYjdMCRiVbF9sacz_24__1',	NULL,	1402.00,	0.00,	NULL,	'2021-04-06 07:34:32',	'2021-04-06 07:34:34',	0,	0,	'cart'),
(114,	NULL,	'umbKPvvUW9FI3MJnFICjYvmg9trgHHBa_22__1',	'6b434e1695d6f5b5ed664f42e1ce369e3d62cc8e',	3960.00,	0.00,	NULL,	'2021-04-14 03:56:54',	'2021-04-14 03:56:55',	0,	0,	'cart'),
(118,	NULL,	'zpGorceUyPWtkEYgorJVRpZnG7P9zRcn_21__1',	NULL,	209000.00,	0.00,	NULL,	'2021-04-16 04:19:59',	'2021-04-16 06:14:42',	0,	0,	'cart'),
(119,	NULL,	'zpGorceUyPWtkEYgorJVRpZnG7P9zRcn_22__1',	NULL,	209000.00,	0.00,	NULL,	'2021-04-16 04:19:59',	'2021-04-16 06:14:42',	0,	0,	'cart'),
(120,	NULL,	'B44aBHCrXupRunrgSPXdKUuQTgSwSeze_21__1',	NULL,	209000.00,	0.00,	NULL,	'2021-04-16 08:07:03',	'2021-04-16 08:52:18',	0,	0,	'cart'),
(121,	NULL,	'GGi5EjExxp38FPjYOwcmKYn7eWt2t2Mc_24__1',	NULL,	220000.00,	0.00,	NULL,	'2021-04-26 07:50:37',	'2021-04-26 07:50:38',	0,	0,	'cart'),
(124,	NULL,	'VF3bM6mleDwYtsnQo9aDO7J3Yzpi6jNk_21__1',	NULL,	209000.00,	0.00,	NULL,	'2021-04-27 10:41:20',	'2021-04-27 10:41:22',	0,	0,	'cart'),
(138,	NULL,	'EjfkzyOkN8sY7FmGTTDggTtQMHv7Usta_21__1',	NULL,	209000.00,	0.00,	NULL,	'2021-05-05 06:55:34',	'2021-05-05 06:55:36',	0,	0,	'cart'),
(184,	NULL,	'vVfekVm2eMtFvBLeQBiVU2CbLami7CLV_21__1',	NULL,	209000.00,	0.00,	NULL,	'2021-05-12 00:08:12',	'2021-05-12 00:08:13',	0,	0,	'cart'),
(185,	NULL,	'akdsERpFUoZHwp0NiOzEYHMO2NC2LBja_21__1',	NULL,	209000.00,	0.00,	NULL,	'2021-05-31 00:43:20',	'2021-05-31 00:43:21',	0,	0,	'cart'),
(190,	NULL,	'J2jrgx9q9qDlsBfgkS01ykDRUTvTQwsy_21__1',	NULL,	209000.00,	0.00,	NULL,	'2021-06-01 06:25:13',	'2021-06-01 06:27:12',	0,	0,	'cart'),
(191,	NULL,	'J2jrgx9q9qDlsBfgkS01ykDRUTvTQwsy_24__1',	'4822478d3ffaea169c98d1df004dac318a2e22ce',	220.00,	0.00,	NULL,	'2021-06-01 06:25:13',	'2021-06-01 06:27:17',	0,	0,	'cart'),
(192,	NULL,	'J2jrgx9q9qDlsBfgkS01ykDRUTvTQwsy_19__1',	'2bd525c158f570160a2bd4ccf2f57e6f747efa88',	55000.00,	0.00,	NULL,	'2021-06-01 06:25:13',	'2021-06-01 06:27:12',	0,	0,	'cart'),
(196,	NULL,	'aPw8BPwfqOtUP3XYoYcfxEnnhJ3mGKoq_24__1',	NULL,	43120.00,	0.00,	NULL,	'2021-06-01 14:03:34',	'2021-06-01 14:03:35',	0,	0,	'cart'),
(198,	NULL,	'ggx8j5hrKeQl86hyGpyWW2YUnYN8YDpA_21__1',	NULL,	209000.00,	0.00,	NULL,	'2021-06-02 02:59:10',	'2021-06-02 02:59:11',	0,	0,	'cart'),
(199,	NULL,	'ggx8j5hrKeQl86hyGpyWW2YUnYN8YDpA_24__1',	NULL,	220000.00,	0.00,	NULL,	'2021-06-02 02:59:10',	'2021-06-02 02:59:11',	0,	0,	'cart'),
(212,	NULL,	'4R1yQDUMKZ74q3CJPohoK4LkZZxF78rP_21__1',	NULL,	418000.00,	0.00,	NULL,	'2021-06-13 00:52:40',	'2021-06-13 00:52:42',	0,	0,	'cart'),
(218,	NULL,	'K4FaTaKHGvdeYcccNxcfVLv8RouLcFyX_21__1',	NULL,	209000.00,	0.00,	NULL,	'2021-06-23 05:21:06',	'2021-06-23 05:21:08',	0,	0,	'cart'),
(219,	NULL,	'1MA63y5mt7sxus8pFZCAoHGkRK11caaG_21__1',	NULL,	209000.00,	0.00,	NULL,	'2021-06-25 13:12:18',	'2021-06-25 13:12:19',	0,	0,	'cart'),
(237,	NULL,	'iYaEwY4LACe970MslxigUvJtWrFvVsQB_24__1',	NULL,	220000.00,	0.00,	NULL,	'2021-07-28 06:37:25',	'2021-07-28 06:37:27',	0,	0,	'cart'),
(245,	NULL,	'nx6euUR1e0resV0mqquDAwSpYaNwn3mQ_24__1',	NULL,	327800.00,	0.00,	NULL,	'2021-08-03 02:22:11',	'2021-08-03 02:22:12',	0,	0,	'cart'),
(246,	NULL,	'nx6euUR1e0resV0mqquDAwSpYaNwn3mQ_22__1',	NULL,	1320.00,	0.00,	NULL,	'2021-08-03 02:22:11',	'2021-08-03 02:22:12',	0,	0,	'cart'),
(247,	NULL,	'ls0NflJeDhruhCwlSz5HWAkUxeyDcfkS_22__1',	NULL,	1320.00,	0.00,	NULL,	'2021-09-29 01:57:43',	'2021-09-29 01:57:45',	0,	0,	'cart'),
(253,	NULL,	'cZEHSGLTjfe1IVE9i2WSrzQyfQAhgVC1_40__1',	'5d166e1255d987fc209c4c1613271d410922eb49',	3780.00,	0.00,	NULL,	'2021-12-14 06:05:33',	'2021-12-14 06:05:34',	0,	0,	'cart'),
(254,	NULL,	'6Kjqe0QwLqKXyV6ralxytNZVo9a9JqXK_24__1',	NULL,	11000.00,	0.00,	NULL,	'2022-01-17 02:58:47',	'2022-01-17 02:58:48',	0,	0,	'cart'),
(258,	NULL,	'9MpUPDcFGoV47bHpwMtvdlXbYAC60m0E_24__1',	NULL,	220.00,	0.00,	NULL,	'2022-01-19 00:49:09',	'2022-01-19 00:49:10',	0,	0,	'cart'),
(263,	NULL,	'M0C2Wn4SwZqbVRUhVpaKnH7Ti8uAMKyC_24__1',	NULL,	220.00,	0.00,	NULL,	'2022-01-19 09:51:17',	'2022-01-19 09:51:19',	0,	0,	'cart'),
(268,	NULL,	'BaQgb4MlIzfR57X1ThaaNKPPFj1Nv9LS_22__1',	NULL,	1320.00,	0.00,	NULL,	'2022-02-01 05:44:21',	'2022-02-01 05:44:41',	0,	0,	'cart'),
(270,	4,	'4_40__1',	NULL,	3780.00,	0.00,	NULL,	'2022-02-01 05:52:11',	'2022-02-01 05:52:11',	0,	0,	'cart'),
(281,	NULL,	'wMSsmtbSCYY7UwsPYnPyyC3tF2xN9riv_40__1',	NULL,	3780.00,	0.00,	NULL,	'2022-03-02 06:32:44',	'2022-03-02 06:32:45',	0,	0,	'cart'),
(288,	NULL,	'vE0qfvrACkRuaSRiTkjE4oA2zfMsaUw1_19__1',	NULL,	55000.00,	0.00,	NULL,	'2022-03-30 07:29:28',	'2022-03-30 07:29:29',	0,	0,	'cart'),
(293,	NULL,	'b7u42JtT5in0JkbNRYFig4B745lXIWFg_43__1',	NULL,	110.00,	0.00,	NULL,	'2022-03-31 02:35:20',	'2022-03-31 02:35:22',	0,	0,	'cart'),
(300,	NULL,	'iHjBzkJcGNkAHm5utdIUO8TlYETzkKZo_21__1',	NULL,	418000.00,	0.00,	NULL,	'2022-03-31 02:38:27',	'2022-03-31 02:38:28',	0,	0,	'cart'),
(310,	NULL,	'itaYwYgwy9jNn7L8UUoVVvUcoSFnLedC_43__1',	NULL,	220.00,	0.00,	NULL,	'2022-03-31 05:57:37',	'2022-03-31 05:57:37',	0,	0,	'cart'),
(322,	NULL,	'CXc3kWAIVxjMbRjWJe0ZQzgAXGypHfd0_24__1',	NULL,	42900.00,	0.00,	NULL,	'2022-03-31 07:37:32',	'2022-03-31 07:37:34',	0,	0,	'cart'),
(347,	NULL,	'7RHP1Mh3Lag08O31qXrOqUe8o215im9j_43__1',	NULL,	110.00,	0.00,	NULL,	'2022-04-01 03:58:06',	'2022-04-01 03:58:10',	0,	0,	'cart'),
(348,	9,	'9_43__1',	'e0781d510e4e8a8ac03c58dcf81c70b28bfa2692',	105.00,	0.00,	NULL,	'2022-04-01 03:58:47',	'2022-04-01 03:58:47',	0,	0,	'cart'),
(350,	NULL,	'3Bfu2v9k2rLtMjnOJ4qhmnELsRgwypx6_19__1',	NULL,	55000.00,	0.00,	NULL,	'2022-04-05 05:44:27',	'2022-04-05 05:44:29',	0,	0,	'cart'),
(359,	NULL,	'nhwGhRGNdaqfGHl8y4PE58QyB0H517wq_22__1',	'899f6d8d4cfa8f572b56feb2211533bc7a56e00e',	418000.00,	0.00,	NULL,	'2022-04-05 08:02:34',	'2022-04-05 08:03:10',	0,	0,	'cart'),
(360,	NULL,	'b0d0cTjRgoouxrHHETgme2Mi97IsSLI6_40__1',	NULL,	3780.00,	0.00,	NULL,	'2023-04-25 07:14:32',	'2023-04-25 07:14:34',	0,	0,	'cart'),
(362,	NULL,	'DcLl625EMM8f0awvACuFqXYL6h07Mpri_42__1',	'1552ca631c19dd2b89e2e21fffd3b7ff83841b89',	43780.00,	0.00,	NULL,	'2023-05-17 02:48:30',	'2023-05-17 04:44:15',	0,	0,	'cart'),
(363,	NULL,	'WGL7RvgLFltJLSeFSSuh7tZDdihRLxTB_42__1',	NULL,	43780.00,	0.00,	NULL,	'2023-05-17 08:27:40',	'2023-05-17 08:28:10',	0,	0,	'cart'),
(364,	NULL,	'QtnfMefzFI4Qdqe6B1acxjoEHZ0pyai1_42__1',	NULL,	43780.00,	0.00,	NULL,	'2023-05-17 08:29:50',	'2023-05-17 08:29:51',	0,	0,	'cart'),
(370,	NULL,	'2zVxxWteEONksO9fK8hwAOzLKu4nrwwB_42__1',	NULL,	43780.00,	0.00,	NULL,	'2023-05-17 09:14:54',	'2023-05-17 09:14:56',	0,	0,	'cart'),
(372,	8,	'8_42__1',	NULL,	43780.00,	0.00,	NULL,	'2023-05-17 09:15:46',	'2023-05-17 09:18:11',	0,	0,	'cart'),
(374,	2,	'2_24__1',	NULL,	42900.00,	0.00,	NULL,	'2023-06-22 00:10:54',	'2023-06-22 00:10:54',	0,	0,	'cart'),
(379,	NULL,	'rR6zQ5COaRfhf5UCEfWJL5ywO3nFEveh_24__1',	NULL,	11000.00,	0.00,	NULL,	'2023-07-04 02:26:03',	'2023-07-04 02:26:05',	0,	0,	'cart'),
(380,	NULL,	'rR6zQ5COaRfhf5UCEfWJL5ywO3nFEveh_22__1',	NULL,	419320.00,	0.00,	NULL,	'2023-07-04 02:26:03',	'2023-07-04 02:26:05',	0,	0,	'cart'),
(389,	3,	'3_41__1',	NULL,	330.00,	0.00,	NULL,	'2023-07-04 02:53:47',	'2023-07-04 02:53:48',	0,	0,	'cart'),
(390,	3,	'3_24__1',	NULL,	220.00,	0.00,	NULL,	'2023-07-04 02:53:47',	'2023-07-04 02:53:48',	0,	0,	'cart'),
(403,	14,	'14_43__1',	NULL,	110.00,	0.00,	NULL,	'2023-07-18 15:47:38',	'2023-07-18 15:47:38',	0,	0,	'cart'),
(404,	14,	'14_24__1',	NULL,	220.00,	0.00,	NULL,	'2023-07-18 15:47:38',	'2023-07-18 15:47:38',	0,	0,	'cart'),
(405,	14,	'14_22__1',	NULL,	2200.00,	0.00,	NULL,	'2023-07-18 15:47:38',	'2023-07-18 15:47:38',	0,	0,	'cart'),
(408,	1,	'1_19__1',	NULL,	2926.00,	0.00,	NULL,	'2023-07-19 02:15:39',	'2023-07-19 02:15:40',	0,	0,	'cart'),
(409,	1,	'1_24__1',	NULL,	643900.00,	0.00,	NULL,	'2023-07-19 02:15:39',	'2023-07-19 02:15:40',	0,	0,	'cart'),
(410,	1,	'1_42__1',	NULL,	43780.00,	0.00,	NULL,	'2023-07-19 02:15:39',	'2023-07-19 02:15:40',	0,	0,	'cart');

DROP TABLE IF EXISTS `dtb_cart_item`;
CREATE TABLE `dtb_cart_item` (
  `id` int(10) unsigned NOT NULL AUTO_INCREMENT,
  `product_class_id` int(10) unsigned DEFAULT NULL,
  `cart_id` int(10) unsigned DEFAULT NULL,
  `price` decimal(12,2) NOT NULL DEFAULT 0.00,
  `quantity` decimal(10,0) NOT NULL DEFAULT 0,
  `point_rate` decimal(10,0) unsigned DEFAULT NULL,
  `discriminator_type` varchar(255) NOT NULL,
  PRIMARY KEY (`id`),
  KEY `IDX_B0228F7421B06187` (`product_class_id`),
  KEY `IDX_B0228F741AD5CDBF` (`cart_id`),
  CONSTRAINT `FK_B0228F741AD5CDBF` FOREIGN KEY (`cart_id`) REFERENCES `dtb_cart` (`id`) ON DELETE CASCADE,
  CONSTRAINT `FK_B0228F7421B06187` FOREIGN KEY (`product_class_id`) REFERENCES `dtb_product_class` (`id`)
) ENGINE=InnoDB DEFAULT CHARSET=utf8;

INSERT INTO `dtb_cart_item` (`id`, `product_class_id`, `cart_id`, `price`, `quantity`, `point_rate`, `discriminator_type`) VALUES
(1,	12,	1,	55000.00,	1,	NULL,	'cartitem'),
(5,	13,	4,	220.00,	2,	NULL,	'cartitem'),
(6,	14,	4,	327800.00,	1,	NULL,	'cartitem'),
(14,	14,	14,	327800.00,	1,	NULL,	'cartitem'),
(15,	11,	15,	3080.00,	1,	NULL,	'cartitem'),
(16,	14,	16,	327800.00,	1,	NULL,	'cartitem'),
(39,	17,	41,	42900.00,	1,	NULL,	'cartitem'),
(47,	16,	48,	11000.00,	1,	NULL,	'cartitem'),
(48,	17,	48,	42900.00,	1,	NULL,	'cartitem'),
(49,	12,	49,	55000.00,	1,	NULL,	'cartitem'),
(51,	15,	51,	220000.00,	1,	NULL,	'cartitem'),
(52,	10,	52,	5500.00,	1,	NULL,	'cartitem'),
(60,	15,	61,	220000.00,	1,	NULL,	'cartitem'),
(79,	15,	78,	220000.00,	1,	NULL,	'cartitem'),
(103,	33,	88,	216.00,	1,	NULL,	'cartitem'),
(104,	38,	88,	216.00,	1,	NULL,	'cartitem'),
(105,	44,	88,	194.00,	2,	NULL,	'cartitem'),
(106,	43,	88,	194.00,	2,	NULL,	'cartitem'),
(107,	42,	88,	194.00,	1,	NULL,	'cartitem'),
(141,	47,	114,	1320.00,	1,	NULL,	'cartitem'),
(142,	45,	114,	1320.00,	2,	NULL,	'cartitem'),
(146,	52,	118,	209000.00,	1,	NULL,	'cartitem'),
(147,	50,	119,	209000.00,	1,	NULL,	'cartitem'),
(148,	52,	120,	209000.00,	1,	NULL,	'cartitem'),
(151,	52,	124,	209000.00,	1,	NULL,	'cartitem'),
(226,	52,	184,	209000.00,	1,	NULL,	'cartitem'),
(227,	52,	185,	209000.00,	1,	NULL,	'cartitem'),
(232,	52,	190,	209000.00,	1,	NULL,	'cartitem'),
(233,	22,	191,	220.00,	1,	NULL,	'cartitem'),
(234,	12,	192,	55000.00,	1,	NULL,	'cartitem'),
(241,	22,	196,	220.00,	1,	NULL,	'cartitem'),
(242,	21,	196,	42900.00,	1,	NULL,	'cartitem'),
(262,	52,	212,	209000.00,	2,	NULL,	'cartitem'),
(268,	52,	218,	209000.00,	1,	NULL,	'cartitem'),
(269,	52,	219,	209000.00,	1,	NULL,	'cartitem'),
(288,	19,	237,	220000.00,	1,	NULL,	'cartitem'),
(295,	23,	245,	327800.00,	1,	NULL,	'cartitem'),
(296,	48,	246,	1320.00,	1,	NULL,	'cartitem'),
(297,	48,	247,	1320.00,	1,	NULL,	'cartitem'),
(303,	106,	253,	3780.00,	1,	NULL,	'cartitem'),
(304,	20,	254,	11000.00,	1,	NULL,	'cartitem'),
(309,	22,	258,	220.00,	1,	NULL,	'cartitem'),
(321,	106,	270,	3780.00,	1,	NULL,	'cartitem'),
(398,	108,	348,	105.00,	1,	NULL,	'cartitem'),
(408,	50,	359,	209000.00,	2,	NULL,	'cartitem'),
(409,	106,	360,	3780.00,	1,	NULL,	'cartitem'),
(411,	122,	362,	43780.00,	1,	NULL,	'cartitem'),
(412,	122,	363,	43780.00,	1,	NULL,	'cartitem'),
(419,	123,	370,	43780.00,	1,	NULL,	'cartitem'),
(421,	123,	372,	43780.00,	1,	NULL,	'cartitem'),
(423,	21,	374,	42900.00,	1,	NULL,	'cartitem'),
(439,	107,	389,	330.00,	1,	NULL,	'cartitem'),
(440,	22,	390,	220.00,	1,	NULL,	'cartitem'),
(453,	108,	403,	110.00,	1,	NULL,	'cartitem'),
(454,	22,	404,	220.00,	1,	NULL,	'cartitem'),
(455,	13,	405,	220.00,	10,	NULL,	'cartitem'),
(459,	11,	408,	2926.00,	1,	NULL,	'cartitem'),
(460,	18,	409,	220.00,	1,	NULL,	'cartitem'),
(461,	14,	409,	321840.00,	2,	NULL,	'cartitem'),
(462,	125,	410,	43780.00,	1,	NULL,	'cartitem');

DROP TABLE IF EXISTS `dtb_category`;
CREATE TABLE `dtb_category` (
  `id` int(10) unsigned NOT NULL AUTO_INCREMENT,
  `parent_category_id` int(10) unsigned DEFAULT NULL,
  `creator_id` int(10) unsigned DEFAULT NULL,
  `category_name` varchar(255) NOT NULL,
  `hierarchy` int(10) unsigned NOT NULL,
  `sort_no` int(11) NOT NULL,
  `create_date` datetime NOT NULL COMMENT '(DC2Type:datetimetz)',
  `update_date` datetime NOT NULL COMMENT '(DC2Type:datetimetz)',
  `discriminator_type` varchar(255) NOT NULL,
  `thumbnail` varchar(255) DEFAULT NULL,
  PRIMARY KEY (`id`),
  KEY `IDX_5ED2C2B796A8F92` (`parent_category_id`),
  KEY `IDX_5ED2C2B61220EA6` (`creator_id`),
  CONSTRAINT `FK_5ED2C2B61220EA6` FOREIGN KEY (`creator_id`) REFERENCES `dtb_member` (`id`),
  CONSTRAINT `FK_5ED2C2B796A8F92` FOREIGN KEY (`parent_category_id`) REFERENCES `dtb_category` (`id`)
) ENGINE=InnoDB DEFAULT CHARSET=utf8;

INSERT INTO `dtb_category` (`id`, `parent_category_id`, `creator_id`, `category_name`, `hierarchy`, `sort_no`, `create_date`, `update_date`, `discriminator_type`, `thumbnail`) VALUES
(14,	NULL,	1,	'家電',	1,	6,	'2021-02-13 23:02:27',	'2021-07-28 09:16:57',	'category',	'reibou0I9A5132_TP_V-6049cb3748637_2021_03_11_16_48_07.jpg'),
(15,	NULL,	1,	'美容・コスメ',	1,	7,	'2021-02-13 23:02:37',	'2021-07-28 09:16:57',	'category',	'PAK86_okesyouhin_TP_V-6049cb2c24e82_2021_03_11_16_47_56.jpg'),
(22,	NULL,	1,	'ファッション',	1,	60,	'2021-02-16 09:45:58',	'2021-07-28 09:16:57',	'category',	'-6049c467d2d0d_2021_03_11_16_19_03.jpg'),
(23,	NULL,	1,	'靴・バック',	1,	59,	'2021-02-16 09:45:58',	'2021-07-28 09:16:57',	'category',	'-6049c4790431f_2021_03_11_16_19_21.jpg'),
(24,	NULL,	1,	'インテリア・家具',	1,	13,	'2021-02-16 09:45:58',	'2021-07-28 09:16:57',	'category',	'YAT923_1_TP_V-6049c559737e3_2021_03_11_16_23_05.jpg'),
(25,	NULL,	1,	'日用雑貨',	1,	12,	'2021-02-16 09:45:58',	'2021-07-28 09:16:57',	'category',	'kesyouIMGL9303_TP_V-6049c623e7092_2021_03_11_16_26_27.jpg'),
(26,	NULL,	1,	'文房具',	1,	11,	'2021-02-16 09:45:58',	'2021-07-28 09:16:57',	'category',	'ccenpintsu_3_TP_V-6049caf098d18_2021_03_11_16_46_56.jpg'),
(27,	NULL,	1,	'キッチン用品',	1,	10,	'2021-02-16 09:45:58',	'2021-07-28 09:16:57',	'category',	'smoothieIMGL4190_TP_V-6049cb04d6031_2021_03_11_16_47_16.jpg'),
(28,	NULL,	1,	'食品・スイーツ',	1,	9,	'2021-02-16 09:45:58',	'2021-07-28 09:16:57',	'category',	'PAK75_karahurumakaron20140304_TP_V-6049cb1168ba0_2021_03_11_16_47_29.jpg'),
(29,	NULL,	1,	'水・ドリンク',	1,	8,	'2021-02-16 09:45:58',	'2021-07-28 09:16:57',	'category',	'petIMGL5681_TP_V-6049cb1e48028_2021_03_11_16_47_42.jpg'),
(32,	NULL,	1,	'パソコン・スマホ',	1,	5,	'2021-02-16 09:45:58',	'2021-07-28 09:16:57',	'category',	'iphone12PAR54867_TP_V-6049cb4798289_2021_03_11_16_48_23.jpg'),
(33,	NULL,	1,	'ゲーム・おもちゃ・ホビー',	1,	4,	'2021-02-16 09:45:58',	'2021-07-28 09:16:57',	'category',	'takerukuma0149_TP_V-6049cb56400fc_2021_03_11_16_48_38.jpg'),
(34,	NULL,	1,	'スポーツ・アウトドア',	1,	3,	'2021-02-16 09:45:58',	'2021-07-28 09:16:57',	'category',	'KM19814307_TP_V-6049cb6b31235_2021_03_11_16_48_59.jpg'),
(35,	NULL,	1,	'キッズ・ベビー・マタニティ',	1,	2,	'2021-02-16 09:45:58',	'2021-07-28 09:16:57',	'category',	'aomidori0I9A8649_TP_V-6049cb7d48e34_2021_03_11_16_49_17.jpg'),
(36,	NULL,	1,	'花・ＤＩＹ',	1,	1,	'2021-02-16 09:45:58',	'2021-07-28 09:16:57',	'category',	'MIZUHO1796013_TP_V-6049cba4e36af_2021_03_11_16_49_56.jpg'),
(37,	22,	1,	'レディース',	2,	14,	'2021-02-16 09:45:58',	'2021-02-17 00:20:26',	'category',	NULL),
(38,	22,	1,	'メンズ',	2,	15,	'2021-02-16 09:45:58',	'2021-02-17 00:20:26',	'category',	NULL),
(39,	22,	1,	'下着',	2,	16,	'2021-02-16 09:45:58',	'2021-02-17 00:20:26',	'category',	NULL),
(40,	22,	1,	'小物',	2,	17,	'2021-02-16 09:45:58',	'2021-02-17 00:20:26',	'category',	NULL),
(41,	22,	1,	'腕時計',	2,	18,	'2021-02-16 09:45:58',	'2021-02-17 00:20:26',	'category',	NULL),
(42,	22,	1,	'アクセサリー',	2,	19,	'2021-02-16 09:45:58',	'2021-02-17 00:20:26',	'category',	NULL),
(43,	23,	1,	'靴',	2,	20,	'2021-02-16 09:45:58',	'2021-02-17 00:20:26',	'category',	NULL),
(44,	23,	1,	'バック',	2,	21,	'2021-02-16 09:45:58',	'2021-02-17 00:20:26',	'category',	NULL),
(45,	24,	1,	'家具',	2,	22,	'2021-02-16 09:45:58',	'2021-02-17 00:20:26',	'category',	NULL),
(46,	24,	1,	'インテリア',	2,	23,	'2021-02-16 09:45:58',	'2021-02-17 00:20:26',	'category',	NULL),
(47,	24,	1,	'寝具',	2,	24,	'2021-02-16 09:45:58',	'2021-02-17 00:20:26',	'category',	NULL),
(48,	24,	1,	'収納家具',	2,	25,	'2021-02-16 09:45:58',	'2021-02-17 00:20:26',	'category',	NULL),
(49,	24,	1,	'カーテン',	2,	26,	'2021-02-16 09:45:58',	'2021-02-17 00:20:26',	'category',	NULL),
(50,	25,	1,	'日用雑貨',	2,	27,	'2021-02-16 09:45:58',	'2021-02-17 00:20:26',	'category',	NULL),
(51,	25,	1,	'手芸',	2,	28,	'2021-02-16 09:45:58',	'2021-02-17 00:20:26',	'category',	NULL),
(52,	26,	1,	'文房具',	2,	29,	'2021-02-16 09:45:58',	'2021-02-17 00:20:26',	'category',	NULL),
(53,	27,	1,	'キッチン器具',	2,	30,	'2021-02-16 09:45:58',	'2021-02-17 00:20:26',	'category',	NULL),
(54,	27,	1,	'食器',	2,	31,	'2021-02-16 09:45:58',	'2021-02-17 00:20:26',	'category',	NULL),
(55,	28,	1,	'食品',	2,	32,	'2021-02-16 09:45:58',	'2021-02-17 00:20:26',	'category',	NULL),
(56,	28,	1,	'米',	2,	33,	'2021-02-16 09:45:58',	'2021-02-17 00:20:26',	'category',	NULL),
(57,	28,	1,	'スイーツ',	2,	34,	'2021-02-16 09:45:58',	'2021-02-17 00:20:26',	'category',	NULL),
(58,	29,	1,	'ミネラルウォーター',	2,	35,	'2021-02-16 09:45:58',	'2021-02-17 00:20:26',	'category',	NULL),
(59,	29,	1,	'ソフトドリンク',	2,	36,	'2021-02-16 09:45:58',	'2021-02-17 00:20:26',	'category',	NULL),
(60,	15,	1,	'化粧品',	2,	37,	'2021-02-16 09:45:58',	'2021-02-17 00:20:26',	'category',	NULL),
(61,	15,	1,	'サプリ',	2,	38,	'2021-02-16 09:45:58',	'2021-02-17 00:20:26',	'category',	NULL),
(62,	15,	1,	'香水',	2,	39,	'2021-02-16 09:45:58',	'2021-02-17 00:20:26',	'category',	NULL),
(63,	15,	1,	'ダイレクト',	2,	40,	'2021-02-16 09:45:58',	'2021-02-17 00:20:26',	'category',	NULL),
(64,	15,	1,	'健康',	2,	41,	'2021-02-16 09:45:58',	'2021-02-17 00:20:26',	'category',	NULL),
(65,	14,	1,	'家電',	2,	42,	'2021-02-16 09:45:58',	'2021-02-17 00:20:26',	'category',	NULL),
(66,	14,	1,	'テレビ',	2,	43,	'2021-02-16 09:45:58',	'2021-02-17 00:20:26',	'category',	NULL),
(67,	14,	1,	'オーディオ',	2,	44,	'2021-02-16 09:45:58',	'2021-02-17 00:20:26',	'category',	NULL),
(68,	32,	1,	'パソコン',	2,	45,	'2021-02-16 09:45:58',	'2021-02-17 00:20:26',	'category',	NULL),
(69,	32,	1,	'スマートフォンアクセサリー',	2,	46,	'2021-02-16 09:45:58',	'2021-02-17 00:20:26',	'category',	NULL),
(70,	33,	1,	'ゲーム',	2,	47,	'2021-02-16 09:45:58',	'2021-02-17 00:20:26',	'category',	NULL),
(71,	33,	1,	'おもちゃ',	2,	48,	'2021-02-16 09:45:58',	'2021-02-17 00:20:26',	'category',	NULL),
(72,	33,	1,	'フィギア',	2,	49,	'2021-02-16 09:45:58',	'2021-02-17 00:20:26',	'category',	NULL),
(73,	34,	1,	'ゴルフ',	2,	50,	'2021-02-16 09:45:58',	'2021-02-17 00:20:26',	'category',	NULL),
(74,	34,	1,	'スポーツ',	2,	51,	'2021-02-16 09:45:58',	'2021-02-17 00:20:26',	'category',	NULL),
(75,	34,	1,	'アウトドア',	2,	52,	'2021-02-16 09:45:58',	'2021-02-17 00:20:26',	'category',	NULL),
(76,	35,	1,	'キッズ',	2,	53,	'2021-02-16 09:45:58',	'2021-02-17 00:20:26',	'category',	NULL),
(77,	35,	1,	'ベビー',	2,	54,	'2021-02-16 09:45:58',	'2021-02-17 00:20:26',	'category',	NULL),
(78,	35,	1,	'マタニティ',	2,	55,	'2021-02-16 09:45:58',	'2021-02-17 00:20:26',	'category',	NULL),
(79,	36,	1,	'花',	2,	56,	'2021-02-16 09:45:58',	'2021-02-17 00:20:26',	'category',	NULL),
(80,	36,	1,	'ガーデニング',	2,	57,	'2021-02-16 09:45:58',	'2021-02-17 00:20:26',	'category',	NULL),
(81,	36,	1,	'ＤＩＹ',	2,	58,	'2021-02-16 09:45:58',	'2021-02-17 00:20:26',	'category',	NULL);

DROP TABLE IF EXISTS `dtb_class_category`;
CREATE TABLE `dtb_class_category` (
  `id` int(10) unsigned NOT NULL AUTO_INCREMENT,
  `class_name_id` int(10) unsigned DEFAULT NULL,
  `creator_id` int(10) unsigned DEFAULT NULL,
  `backend_name` varchar(255) DEFAULT NULL,
  `name` varchar(255) NOT NULL,
  `sort_no` int(10) unsigned NOT NULL,
  `visible` tinyint(1) NOT NULL DEFAULT 1,
  `create_date` datetime NOT NULL COMMENT '(DC2Type:datetimetz)',
  `update_date` datetime NOT NULL COMMENT '(DC2Type:datetimetz)',
  `discriminator_type` varchar(255) NOT NULL,
  PRIMARY KEY (`id`),
  KEY `IDX_9B0D1DBAB462FB2A` (`class_name_id`),
  KEY `IDX_9B0D1DBA61220EA6` (`creator_id`),
  CONSTRAINT `FK_9B0D1DBA61220EA6` FOREIGN KEY (`creator_id`) REFERENCES `dtb_member` (`id`),
  CONSTRAINT `FK_9B0D1DBAB462FB2A` FOREIGN KEY (`class_name_id`) REFERENCES `dtb_class_name` (`id`)
) ENGINE=InnoDB DEFAULT CHARSET=utf8;

INSERT INTO `dtb_class_category` (`id`, `class_name_id`, `creator_id`, `backend_name`, `name`, `sort_no`, `visible`, `create_date`, `update_date`, `discriminator_type`) VALUES
(1,	1,	NULL,	'チョコ',	'チョコ',	3,	1,	'2017-03-07 10:14:52',	'2017-03-07 10:14:52',	'classcategory'),
(2,	1,	NULL,	'抹茶',	'抹茶',	2,	1,	'2017-03-07 10:14:52',	'2017-03-07 10:14:52',	'classcategory'),
(3,	1,	NULL,	'バニラ',	'バニラ',	1,	1,	'2017-03-07 10:14:52',	'2017-03-07 10:14:52',	'classcategory'),
(4,	2,	NULL,	'16mm × 16mm',	'16mm × 16mm',	3,	1,	'2017-03-07 10:14:52',	'2017-03-07 10:14:52',	'classcategory'),
(5,	2,	NULL,	'32mm × 32mm',	'32mm × 32mm',	2,	1,	'2017-03-07 10:14:52',	'2017-03-07 10:14:52',	'classcategory'),
(6,	2,	NULL,	'64cm × 64cm',	'64cm × 64cm',	1,	1,	'2017-03-07 10:14:52',	'2017-03-07 10:14:52',	'classcategory'),
(7,	5,	7,	'マスクサイズ',	'スモール',	1,	1,	'2021-04-06 06:07:31',	'2021-04-06 06:07:31',	'classcategory'),
(8,	5,	7,	'マスクサイズ',	'ミドル',	2,	1,	'2021-04-06 06:07:44',	'2021-04-06 06:07:44',	'classcategory'),
(9,	5,	7,	'マスクサイズ',	'ラージ',	3,	1,	'2021-04-06 06:07:53',	'2021-04-06 06:07:53',	'classcategory'),
(10,	6,	7,	'マスク色',	'白',	1,	0,	'2021-04-06 06:11:43',	'2021-07-29 03:02:58',	'classcategory'),
(11,	6,	7,	'マスク色',	'黒',	2,	1,	'2021-04-06 06:11:52',	'2021-07-29 03:02:50',	'classcategory'),
(12,	6,	7,	'マスク色',	'ピンク色',	4,	1,	'2021-04-06 06:12:05',	'2021-07-29 03:02:50',	'classcategory'),
(13,	6,	7,	'マスク色',	'青色',	3,	1,	'2021-04-06 06:12:16',	'2021-07-29 03:02:50',	'classcategory'),
(14,	8,	3,	'白',	'白',	1,	1,	'2021-07-28 07:45:32',	'2022-03-30 05:03:27',	'classcategory'),
(15,	8,	3,	'イエロー',	'オレンジ',	2,	1,	'2021-07-28 07:45:43',	'2022-03-30 05:03:51',	'classcategory'),
(16,	7,	1,	'100',	'100cm',	1,	1,	'2021-07-28 07:46:27',	'2021-07-28 07:46:27',	'classcategory'),
(17,	7,	1,	'110',	'110cm',	2,	1,	'2021-07-28 07:46:54',	'2021-07-28 07:46:54',	'classcategory'),
(18,	7,	1,	'120',	'120cm',	3,	1,	'2021-07-28 07:47:05',	'2021-07-28 07:47:05',	'classcategory'),
(19,	7,	1,	'130',	'130cm',	4,	1,	'2021-07-28 07:47:14',	'2021-07-28 07:47:14',	'classcategory'),
(20,	7,	1,	'140',	'140ｃｍ',	5,	1,	'2021-07-28 07:47:23',	'2021-07-28 07:47:23',	'classcategory'),
(21,	7,	1,	'150',	'150cm',	6,	1,	'2021-07-28 07:47:31',	'2021-07-28 07:47:31',	'classcategory'),
(24,	10,	23,	'ロフト/フレックス',	'10.5/SR',	2,	1,	'2023-05-16 07:42:12',	'2023-05-16 07:46:32',	'classcategory'),
(25,	10,	23,	'ロフト/フレックス',	'10.5/S',	1,	1,	'2023-05-16 07:42:37',	'2023-05-16 07:46:32',	'classcategory'),
(26,	10,	23,	'ロフト／フレックス',	'10.5/R',	3,	1,	'2023-05-16 07:42:52',	'2023-05-17 05:09:04',	'classcategory'),
(27,	11,	23,	'シャフト',	'TENSEI RD TM50(22)',	1,	1,	'2023-05-16 07:52:43',	'2023-05-16 07:52:43',	'classcategory'),
(28,	11,	23,	'シャフト',	'SSiksdu',	2,	1,	'2023-05-17 05:03:12',	'2023-05-17 05:08:33',	'classcategory'),
(29,	12,	1,	'バックサイズ',	'９インチ',	1,	1,	'2023-05-18 05:30:02',	'2023-05-18 05:30:02',	'classcategory'),
(30,	12,	1,	'バックサイズ',	'８インチ',	2,	1,	'2023-05-18 05:30:13',	'2023-05-18 05:30:13',	'classcategory');

DROP TABLE IF EXISTS `dtb_class_name`;
CREATE TABLE `dtb_class_name` (
  `id` int(10) unsigned NOT NULL AUTO_INCREMENT,
  `creator_id` int(10) unsigned DEFAULT NULL,
  `shop_id` int(10) unsigned DEFAULT NULL,
  `backend_name` varchar(255) DEFAULT NULL,
  `name` varchar(255) NOT NULL,
  `sort_no` int(10) unsigned NOT NULL,
  `create_date` datetime NOT NULL COMMENT '(DC2Type:datetimetz)',
  `update_date` datetime NOT NULL COMMENT '(DC2Type:datetimetz)',
  `discriminator_type` varchar(255) NOT NULL,
  PRIMARY KEY (`id`),
  KEY `IDX_187C95AD61220EA6` (`creator_id`),
  KEY `IDX_187C95AD4D16C4DD` (`shop_id`),
  CONSTRAINT `FK_187C95AD4D16C4DD` FOREIGN KEY (`shop_id`) REFERENCES `cmd_shop` (`id`),
  CONSTRAINT `FK_187C95AD61220EA6` FOREIGN KEY (`creator_id`) REFERENCES `dtb_member` (`id`)
) ENGINE=InnoDB DEFAULT CHARSET=utf8;

INSERT INTO `dtb_class_name` (`id`, `creator_id`, `shop_id`, `backend_name`, `name`, `sort_no`, `create_date`, `update_date`, `discriminator_type`) VALUES
(1,	NULL,	19,	'CUBE用味',	'フレーバー',	1,	'2017-03-07 10:14:52',	'2017-03-07 10:14:52',	'classname'),
(2,	NULL,	19,	'CUBE用サイズ',	'サイズ',	2,	'2017-03-07 10:14:52',	'2017-03-07 10:14:52',	'classname'),
(5,	7,	24,	'マスクサイズ',	'サイズ',	1,	'2021-04-06 06:07:11',	'2021-04-06 06:07:11',	'classname'),
(6,	7,	24,	'マスク色',	'色',	2,	'2021-04-06 06:11:26',	'2021-04-06 06:11:26',	'classname'),
(7,	1,	19,	'子ども',	'Ｔシャツ',	3,	'2021-07-28 07:41:44',	'2021-07-28 07:41:44',	'classname'),
(8,	1,	19,	'色',	'色',	4,	'2021-07-28 07:43:25',	'2021-07-28 07:43:25',	'classname'),
(10,	23,	42,	'ゴルフ',	'ロフト/フレックス',	1,	'2023-05-16 07:41:24',	'2023-05-16 07:41:24',	'classname'),
(11,	23,	42,	'ゴルフ',	'シャフト',	2,	'2023-05-16 07:52:22',	'2023-05-16 07:52:22',	'classname'),
(12,	1,	42,	'ゴルフバック',	'サイズ',	5,	'2023-05-18 05:29:20',	'2023-05-18 05:29:20',	'classname');

DROP TABLE IF EXISTS `dtb_csv`;
CREATE TABLE `dtb_csv` (
  `id` int(10) unsigned NOT NULL AUTO_INCREMENT,
  `csv_type_id` smallint(5) unsigned DEFAULT NULL,
  `creator_id` int(10) unsigned DEFAULT NULL,
  `entity_name` varchar(255) NOT NULL,
  `field_name` varchar(255) NOT NULL,
  `reference_field_name` varchar(255) DEFAULT NULL,
  `disp_name` varchar(255) NOT NULL,
  `sort_no` smallint(5) unsigned NOT NULL,
  `enabled` tinyint(1) NOT NULL DEFAULT 1,
  `create_date` datetime NOT NULL COMMENT '(DC2Type:datetimetz)',
  `update_date` datetime NOT NULL COMMENT '(DC2Type:datetimetz)',
  `discriminator_type` varchar(255) NOT NULL,
  PRIMARY KEY (`id`),
  KEY `IDX_F55F48C3E8507796` (`csv_type_id`),
  KEY `IDX_F55F48C361220EA6` (`creator_id`),
  CONSTRAINT `FK_F55F48C361220EA6` FOREIGN KEY (`creator_id`) REFERENCES `dtb_member` (`id`),
  CONSTRAINT `FK_F55F48C3E8507796` FOREIGN KEY (`csv_type_id`) REFERENCES `mtb_csv_type` (`id`)
) ENGINE=InnoDB DEFAULT CHARSET=utf8;

INSERT INTO `dtb_csv` (`id`, `csv_type_id`, `creator_id`, `entity_name`, `field_name`, `reference_field_name`, `disp_name`, `sort_no`, `enabled`, `create_date`, `update_date`, `discriminator_type`) VALUES
(1,	1,	NULL,	'Eccube\\\\Entity\\\\Product',	'id',	NULL,	'商品ID',	1,	1,	'2017-03-07 10:14:00',	'2017-03-07 10:14:00',	'csv'),
(2,	1,	NULL,	'Eccube\\\\Entity\\\\Product',	'Status',	'id',	'公開ステータス(ID)',	2,	1,	'2017-03-07 10:14:00',	'2017-03-07 10:14:00',	'csv'),
(3,	1,	NULL,	'Eccube\\\\Entity\\\\Product',	'Status',	'name',	'公開ステータス(名称)',	3,	1,	'2017-03-07 10:14:00',	'2017-03-07 10:14:00',	'csv'),
(4,	1,	NULL,	'Eccube\\\\Entity\\\\Product',	'name',	NULL,	'商品名',	4,	1,	'2017-03-07 10:14:00',	'2017-03-07 10:14:00',	'csv'),
(5,	1,	NULL,	'Eccube\\\\Entity\\\\Product',	'note',	NULL,	'ショップ用メモ欄',	5,	1,	'2017-03-07 10:14:00',	'2017-03-07 10:14:00',	'csv'),
(6,	1,	NULL,	'Eccube\\\\Entity\\\\Product',	'description_list',	NULL,	'商品説明(一覧)',	6,	1,	'2017-03-07 10:14:00',	'2017-03-07 10:14:00',	'csv'),
(7,	1,	NULL,	'Eccube\\\\Entity\\\\Product',	'description_detail',	NULL,	'商品説明(詳細)',	7,	1,	'2017-03-07 10:14:00',	'2017-03-07 10:14:00',	'csv'),
(8,	1,	NULL,	'Eccube\\\\Entity\\\\Product',	'search_word',	NULL,	'検索ワード',	8,	1,	'2017-03-07 10:14:00',	'2017-03-07 10:14:00',	'csv'),
(9,	1,	NULL,	'Eccube\\\\Entity\\\\Product',	'free_area',	NULL,	'フリーエリア',	9,	1,	'2017-03-07 10:14:00',	'2017-03-07 10:14:00',	'csv'),
(10,	1,	NULL,	'Eccube\\\\Entity\\\\ProductClass',	'id',	NULL,	'商品規格ID',	10,	1,	'2017-03-07 10:14:00',	'2017-03-07 10:14:00',	'csv'),
(11,	1,	NULL,	'Eccube\\\\Entity\\\\ProductClass',	'SaleType',	'id',	'販売種別(ID)',	11,	1,	'2017-03-07 10:14:00',	'2017-03-07 10:14:00',	'csv'),
(12,	1,	NULL,	'Eccube\\\\Entity\\\\ProductClass',	'SaleType',	'name',	'販売種別(名称)',	12,	1,	'2017-03-07 10:14:00',	'2017-03-07 10:14:00',	'csv'),
(13,	1,	NULL,	'Eccube\\\\Entity\\\\ProductClass',	'ClassCategory1',	'id',	'規格分類1(ID)',	13,	1,	'2017-03-07 10:14:00',	'2017-03-07 10:14:00',	'csv'),
(14,	1,	NULL,	'Eccube\\\\Entity\\\\ProductClass',	'ClassCategory1',	'name',	'規格分類1(名称)',	14,	1,	'2017-03-07 10:14:00',	'2017-03-07 10:14:00',	'csv'),
(15,	1,	NULL,	'Eccube\\\\Entity\\\\ProductClass',	'ClassCategory2',	'id',	'規格分類2(ID)',	15,	1,	'2017-03-07 10:14:00',	'2017-03-07 10:14:00',	'csv'),
(16,	1,	NULL,	'Eccube\\\\Entity\\\\ProductClass',	'ClassCategory2',	'name',	'規格分類2(名称)',	16,	1,	'2017-03-07 10:14:00',	'2017-03-07 10:14:00',	'csv'),
(17,	1,	NULL,	'Eccube\\\\Entity\\\\ProductClass',	'DeliveryDuration',	'id',	'発送日目安(ID)',	17,	1,	'2017-03-07 10:14:00',	'2017-03-07 10:14:00',	'csv'),
(18,	1,	NULL,	'Eccube\\\\Entity\\\\ProductClass',	'DeliveryDuration',	'name',	'発送日目安(名称)',	18,	1,	'2017-03-07 10:14:00',	'2017-03-07 10:14:00',	'csv'),
(19,	1,	NULL,	'Eccube\\\\Entity\\\\ProductClass',	'code',	NULL,	'商品コード',	19,	1,	'2017-03-07 10:14:00',	'2017-03-07 10:14:00',	'csv'),
(20,	1,	NULL,	'Eccube\\\\Entity\\\\ProductClass',	'stock',	NULL,	'在庫数',	20,	1,	'2017-03-07 10:14:00',	'2017-03-07 10:14:00',	'csv'),
(21,	1,	NULL,	'Eccube\\\\Entity\\\\ProductClass',	'stock_unlimited',	NULL,	'在庫数無制限フラグ',	21,	1,	'2017-03-07 10:14:00',	'2017-03-07 10:14:00',	'csv'),
(22,	1,	NULL,	'Eccube\\\\Entity\\\\ProductClass',	'sale_limit',	NULL,	'販売制限数',	22,	1,	'2017-03-07 10:14:00',	'2017-03-07 10:14:00',	'csv'),
(23,	1,	NULL,	'Eccube\\\\Entity\\\\ProductClass',	'price01',	NULL,	'通常価格',	23,	1,	'2017-03-07 10:14:00',	'2017-03-07 10:14:00',	'csv'),
(24,	1,	NULL,	'Eccube\\\\Entity\\\\ProductClass',	'price02',	NULL,	'販売価格',	24,	1,	'2017-03-07 10:14:00',	'2017-03-07 10:14:00',	'csv'),
(25,	1,	NULL,	'Eccube\\\\Entity\\\\ProductClass',	'delivery_fee',	NULL,	'送料',	25,	0,	'2017-03-07 10:14:00',	'2017-03-07 10:14:00',	'csv'),
(26,	1,	NULL,	'Eccube\\\\Entity\\\\Product',	'ProductImage',	'file_name',	'商品画像',	26,	1,	'2017-03-07 10:14:00',	'2017-03-07 10:14:00',	'csv'),
(27,	1,	NULL,	'Eccube\\\\Entity\\\\Product',	'ProductCategories',	'category_id',	'商品カテゴリ(ID)',	27,	1,	'2017-03-07 10:14:00',	'2017-03-07 10:14:00',	'csv'),
(28,	1,	NULL,	'Eccube\\\\Entity\\\\Product',	'ProductCategories',	'Category',	'商品カテゴリ(名称)',	28,	1,	'2017-03-07 10:14:00',	'2017-03-07 10:14:00',	'csv'),
(29,	1,	NULL,	'Eccube\\\\Entity\\\\Product',	'ProductTag',	'tag_id',	'タグ(ID)',	29,	1,	'2017-03-07 10:14:00',	'2017-03-07 10:14:00',	'csv'),
(30,	1,	NULL,	'Eccube\\\\Entity\\\\Product',	'ProductTag',	'Tag',	'タグ(名称)',	30,	1,	'2017-03-07 10:14:00',	'2017-03-07 10:14:00',	'csv'),
(31,	2,	NULL,	'Eccube\\\\Entity\\\\Customer',	'id',	NULL,	'会員ID',	1,	1,	'2017-03-07 10:14:00',	'2017-03-07 10:14:00',	'csv'),
(32,	2,	NULL,	'Eccube\\\\Entity\\\\Customer',	'name01',	NULL,	'お名前(姓)',	2,	1,	'2017-03-07 10:14:00',	'2017-03-07 10:14:00',	'csv'),
(33,	2,	NULL,	'Eccube\\\\Entity\\\\Customer',	'name02',	NULL,	'お名前(名)',	3,	1,	'2017-03-07 10:14:00',	'2017-03-07 10:14:00',	'csv'),
(34,	2,	NULL,	'Eccube\\\\Entity\\\\Customer',	'kana01',	NULL,	'お名前(セイ)',	4,	1,	'2017-03-07 10:14:00',	'2017-03-07 10:14:00',	'csv'),
(35,	2,	NULL,	'Eccube\\\\Entity\\\\Customer',	'kana02',	NULL,	'お名前(メイ)',	5,	1,	'2017-03-07 10:14:00',	'2017-03-07 10:14:00',	'csv'),
(36,	2,	NULL,	'Eccube\\\\Entity\\\\Customer',	'company_name',	NULL,	'会社名',	6,	1,	'2017-03-07 10:14:00',	'2017-03-07 10:14:00',	'csv'),
(37,	2,	NULL,	'Eccube\\\\Entity\\\\Customer',	'postal_code',	NULL,	'郵便番号',	7,	1,	'2017-03-07 10:14:00',	'2017-03-07 10:14:00',	'csv'),
(38,	2,	1,	'Eccube\\\\Entity\\\\Customer',	'Pref',	'id',	'都道府県(ID)',	8,	1,	'2017-03-07 10:14:00',	'2021-08-21 13:03:29',	'csv'),
(39,	2,	1,	'Eccube\\\\Entity\\\\Customer',	'Pref',	'name',	'都道府県(名称)',	9,	1,	'2017-03-07 10:14:00',	'2021-08-21 13:03:29',	'csv'),
(40,	2,	1,	'Eccube\\\\Entity\\\\Customer',	'addr01',	NULL,	'住所1',	10,	1,	'2017-03-07 10:14:00',	'2021-08-21 13:03:29',	'csv'),
(41,	2,	1,	'Eccube\\\\Entity\\\\Customer',	'addr02',	NULL,	'住所2',	11,	1,	'2017-03-07 10:14:00',	'2021-08-21 13:03:29',	'csv'),
(42,	2,	1,	'Eccube\\\\Entity\\\\Customer',	'email',	NULL,	'メールアドレス',	12,	1,	'2017-03-07 10:14:00',	'2021-08-21 13:03:29',	'csv'),
(43,	2,	1,	'Eccube\\\\Entity\\\\Customer',	'phone_number',	NULL,	'TEL',	13,	1,	'2017-03-07 10:14:00',	'2021-08-21 13:03:29',	'csv'),
(44,	2,	1,	'Eccube\\\\Entity\\\\Customer',	'Sex',	'id',	'性別(ID)',	14,	1,	'2017-03-07 10:14:00',	'2021-08-21 13:03:29',	'csv'),
(45,	2,	1,	'Eccube\\\\Entity\\\\Customer',	'Sex',	'name',	'性別(名称)',	15,	1,	'2017-03-07 10:14:00',	'2021-08-21 13:03:29',	'csv'),
(46,	2,	1,	'Eccube\\\\Entity\\\\Customer',	'Job',	'id',	'職業(ID)',	16,	1,	'2017-03-07 10:14:00',	'2021-08-21 13:03:29',	'csv'),
(47,	2,	1,	'Eccube\\\\Entity\\\\Customer',	'Job',	'name',	'職業(名称)',	17,	1,	'2017-03-07 10:14:00',	'2021-08-21 13:03:29',	'csv'),
(48,	2,	1,	'Eccube\\\\Entity\\\\Customer',	'birth',	NULL,	'誕生日',	18,	1,	'2017-03-07 10:14:00',	'2021-08-21 13:03:29',	'csv'),
(49,	2,	1,	'Eccube\\\\Entity\\\\Customer',	'first_buy_date',	NULL,	'初回購入日',	19,	1,	'2017-03-07 10:14:00',	'2021-08-21 13:03:29',	'csv'),
(50,	2,	1,	'Eccube\\\\Entity\\\\Customer',	'last_buy_date',	NULL,	'最終購入日',	20,	1,	'2017-03-07 10:14:00',	'2021-08-21 13:03:29',	'csv'),
(51,	2,	1,	'Eccube\\\\Entity\\\\Customer',	'buy_times',	NULL,	'購入回数',	21,	1,	'2017-03-07 10:14:00',	'2021-08-21 13:03:29',	'csv'),
(52,	2,	1,	'Eccube\\\\Entity\\\\Customer',	'note',	NULL,	'ショップ用メモ欄',	22,	1,	'2017-03-07 10:14:00',	'2021-08-21 13:03:29',	'csv'),
(53,	2,	1,	'Eccube\\\\Entity\\\\Customer',	'Status',	'id',	'会員ステータス(ID)',	23,	1,	'2017-03-07 10:14:00',	'2021-08-21 13:03:29',	'csv'),
(54,	2,	1,	'Eccube\\\\Entity\\\\Customer',	'Status',	'name',	'会員ステータス(名称)',	24,	1,	'2017-03-07 10:14:00',	'2021-08-21 13:03:29',	'csv'),
(55,	2,	1,	'Eccube\\\\Entity\\\\Customer',	'create_date',	NULL,	'登録日',	25,	1,	'2017-03-07 10:14:00',	'2021-08-21 13:03:29',	'csv'),
(56,	2,	1,	'Eccube\\\\Entity\\\\Customer',	'update_date',	NULL,	'更新日',	26,	1,	'2017-03-07 10:14:00',	'2021-08-21 13:03:29',	'csv'),
(57,	3,	NULL,	'Eccube\\\\Entity\\\\Order',	'id',	NULL,	'注文ID',	1,	1,	'2017-03-07 10:14:00',	'2017-03-07 10:14:00',	'csv'),
(58,	3,	NULL,	'Eccube\\\\Entity\\\\Order',	'order_no',	NULL,	'注文番号',	2,	1,	'2017-03-07 10:14:00',	'2017-03-07 10:14:00',	'csv'),
(59,	3,	NULL,	'Eccube\\\\Entity\\\\Order',	'Customer',	'id',	'会員ID',	3,	1,	'2017-03-07 10:14:00',	'2017-03-07 10:14:00',	'csv'),
(60,	3,	NULL,	'Eccube\\\\Entity\\\\Order',	'name01',	NULL,	'お名前(姓)',	4,	1,	'2017-03-07 10:14:00',	'2017-03-07 10:14:00',	'csv'),
(61,	3,	NULL,	'Eccube\\\\Entity\\\\Order',	'name02',	NULL,	'お名前(名)',	5,	1,	'2017-03-07 10:14:00',	'2017-03-07 10:14:00',	'csv'),
(62,	3,	NULL,	'Eccube\\\\Entity\\\\Order',	'kana01',	NULL,	'お名前(セイ)',	6,	1,	'2017-03-07 10:14:00',	'2017-03-07 10:14:00',	'csv'),
(63,	3,	NULL,	'Eccube\\\\Entity\\\\Order',	'kana02',	NULL,	'お名前(メイ)',	7,	1,	'2017-03-07 10:14:00',	'2017-03-07 10:14:00',	'csv'),
(64,	3,	NULL,	'Eccube\\\\Entity\\\\Order',	'company_name',	NULL,	'会社名',	8,	1,	'2017-03-07 10:14:00',	'2017-03-07 10:14:00',	'csv'),
(65,	3,	NULL,	'Eccube\\\\Entity\\\\Order',	'postal_code',	NULL,	'郵便番号',	9,	1,	'2017-03-07 10:14:00',	'2017-03-07 10:14:00',	'csv'),
(66,	3,	NULL,	'Eccube\\\\Entity\\\\Order',	'Pref',	'id',	'都道府県(ID)',	10,	1,	'2017-03-07 10:14:00',	'2017-03-07 10:14:00',	'csv'),
(67,	3,	NULL,	'Eccube\\\\Entity\\\\Order',	'Pref',	'name',	'都道府県(名称)',	11,	1,	'2017-03-07 10:14:00',	'2017-03-07 10:14:00',	'csv'),
(68,	3,	NULL,	'Eccube\\\\Entity\\\\Order',	'addr01',	NULL,	'住所1',	12,	1,	'2017-03-07 10:14:00',	'2017-03-07 10:14:00',	'csv'),
(69,	3,	NULL,	'Eccube\\\\Entity\\\\Order',	'addr02',	NULL,	'住所2',	13,	1,	'2017-03-07 10:14:00',	'2017-03-07 10:14:00',	'csv'),
(70,	3,	NULL,	'Eccube\\\\Entity\\\\Order',	'email',	NULL,	'メールアドレス',	14,	1,	'2017-03-07 10:14:00',	'2017-03-07 10:14:00',	'csv'),
(71,	3,	NULL,	'Eccube\\\\Entity\\\\Order',	'phone_number',	NULL,	'TEL',	15,	1,	'2017-03-07 10:14:00',	'2017-03-07 10:14:00',	'csv'),
(72,	3,	NULL,	'Eccube\\\\Entity\\\\Order',	'Sex',	'id',	'性別(ID)',	16,	1,	'2017-03-07 10:14:00',	'2017-03-07 10:14:00',	'csv'),
(73,	3,	NULL,	'Eccube\\\\Entity\\\\Order',	'Sex',	'name',	'性別(名称)',	17,	1,	'2017-03-07 10:14:00',	'2017-03-07 10:14:00',	'csv'),
(74,	3,	NULL,	'Eccube\\\\Entity\\\\Order',	'Job',	'id',	'職業(ID)',	18,	1,	'2017-03-07 10:14:00',	'2017-03-07 10:14:00',	'csv'),
(75,	3,	NULL,	'Eccube\\\\Entity\\\\Order',	'Job',	'name',	'職業(名称)',	19,	1,	'2017-03-07 10:14:00',	'2017-03-07 10:14:00',	'csv'),
(76,	3,	NULL,	'Eccube\\\\Entity\\\\Order',	'birth',	NULL,	'誕生日',	20,	1,	'2017-03-07 10:14:00',	'2017-03-07 10:14:00',	'csv'),
(77,	3,	NULL,	'Eccube\\\\Entity\\\\Order',	'note',	NULL,	'ショップ用メモ欄',	21,	1,	'2017-03-07 10:14:00',	'2017-03-07 10:14:00',	'csv'),
(78,	3,	NULL,	'Eccube\\\\Entity\\\\Order',	'subtotal',	NULL,	'小計',	22,	1,	'2017-03-07 10:14:00',	'2017-03-07 10:14:00',	'csv'),
(79,	3,	NULL,	'Eccube\\\\Entity\\\\Order',	'discount',	NULL,	'値引き',	23,	1,	'2017-03-07 10:14:00',	'2017-03-07 10:14:00',	'csv'),
(80,	3,	NULL,	'Eccube\\\\Entity\\\\Order',	'delivery_fee_total',	NULL,	'送料',	24,	1,	'2017-03-07 10:14:00',	'2017-03-07 10:14:00',	'csv'),
(81,	3,	NULL,	'Eccube\\\\Entity\\\\Order',	'tax',	NULL,	'税金',	25,	1,	'2017-03-07 10:14:00',	'2017-03-07 10:14:00',	'csv'),
(82,	3,	NULL,	'Eccube\\\\Entity\\\\Order',	'total',	NULL,	'合計',	26,	1,	'2017-03-07 10:14:00',	'2017-03-07 10:14:00',	'csv'),
(83,	3,	NULL,	'Eccube\\\\Entity\\\\Order',	'payment_total',	NULL,	'支払合計',	27,	1,	'2017-03-07 10:14:00',	'2017-03-07 10:14:00',	'csv'),
(84,	3,	NULL,	'Eccube\\\\Entity\\\\Order',	'OrderStatus',	'id',	'対応状況(ID)',	28,	1,	'2017-03-07 10:14:00',	'2017-03-07 10:14:00',	'csv'),
(85,	3,	NULL,	'Eccube\\\\Entity\\\\Order',	'OrderStatus',	'name',	'対応状況(名称)',	29,	1,	'2017-03-07 10:14:00',	'2017-03-07 10:14:00',	'csv'),
(86,	3,	NULL,	'Eccube\\\\Entity\\\\Order',	'Payment',	'id',	'支払方法(ID)',	30,	1,	'2017-03-07 10:14:00',	'2017-03-07 10:14:00',	'csv'),
(87,	3,	NULL,	'Eccube\\\\Entity\\\\Order',	'payment_method',	NULL,	'支払方法(名称)',	31,	1,	'2017-03-07 10:14:00',	'2017-03-07 10:14:00',	'csv'),
(88,	3,	NULL,	'Eccube\\\\Entity\\\\Order',	'order_date',	NULL,	'受注日',	32,	1,	'2017-03-07 10:14:00',	'2017-03-07 10:14:00',	'csv'),
(89,	3,	NULL,	'Eccube\\\\Entity\\\\Order',	'payment_date',	NULL,	'入金日',	33,	1,	'2017-03-07 10:14:00',	'2017-03-07 10:14:00',	'csv'),
(90,	3,	NULL,	'Eccube\\\\Entity\\\\OrderItem',	'id',	NULL,	'注文詳細ID',	34,	1,	'2017-03-07 10:14:00',	'2017-03-07 10:14:00',	'csv'),
(91,	3,	1,	'Eccube\\\\Entity\\\\OrderItem',	'Product',	'id',	'商品ID',	36,	1,	'2017-03-07 10:14:00',	'2022-03-02 05:22:51',	'csv'),
(92,	3,	1,	'Eccube\\\\Entity\\\\OrderItem',	'ProductClass',	'id',	'商品規格ID',	37,	1,	'2017-03-07 10:14:00',	'2022-03-02 05:22:51',	'csv'),
(93,	3,	1,	'Eccube\\\\Entity\\\\OrderItem',	'product_name',	NULL,	'商品名',	38,	1,	'2017-03-07 10:14:00',	'2022-03-02 05:22:51',	'csv'),
(94,	3,	1,	'Eccube\\\\Entity\\\\OrderItem',	'product_code',	NULL,	'商品コード',	39,	1,	'2017-03-07 10:14:00',	'2022-03-02 05:22:51',	'csv'),
(95,	3,	1,	'Eccube\\\\Entity\\\\OrderItem',	'class_name1',	NULL,	'規格名1',	40,	1,	'2017-03-07 10:14:00',	'2022-03-02 05:22:51',	'csv'),
(96,	3,	1,	'Eccube\\\\Entity\\\\OrderItem',	'class_name2',	NULL,	'規格名2',	41,	1,	'2017-03-07 10:14:00',	'2022-03-02 05:22:51',	'csv'),
(97,	3,	1,	'Eccube\\\\Entity\\\\OrderItem',	'class_category_name1',	NULL,	'規格分類名1',	42,	1,	'2017-03-07 10:14:00',	'2022-03-02 05:22:51',	'csv'),
(98,	3,	1,	'Eccube\\\\Entity\\\\OrderItem',	'class_category_name2',	NULL,	'規格分類名2',	43,	1,	'2017-03-07 10:14:00',	'2022-03-02 05:22:51',	'csv'),
(99,	3,	1,	'Eccube\\\\Entity\\\\OrderItem',	'price',	NULL,	'価格',	44,	1,	'2017-03-07 10:14:00',	'2022-03-02 05:22:51',	'csv'),
(100,	3,	1,	'Eccube\\\\Entity\\\\OrderItem',	'quantity',	NULL,	'個数',	45,	1,	'2017-03-07 10:14:00',	'2022-03-02 05:22:51',	'csv'),
(101,	3,	1,	'Eccube\\\\Entity\\\\OrderItem',	'tax_rate',	NULL,	'税率',	46,	1,	'2017-03-07 10:14:00',	'2022-03-02 05:22:51',	'csv'),
(102,	3,	1,	'Eccube\\\\Entity\\\\OrderItem',	'tax_rule',	NULL,	'税率ルール(ID)',	47,	1,	'2017-03-07 10:14:00',	'2022-03-02 05:22:51',	'csv'),
(103,	3,	1,	'Eccube\\\\Entity\\\\OrderItem',	'OrderItemType',	'id',	'明細区分(ID)',	48,	1,	'2018-07-23 09:00:00',	'2022-03-02 05:22:51',	'csv'),
(104,	3,	1,	'Eccube\\\\Entity\\\\OrderItem',	'OrderItemType',	'name',	'明細区分(名称)',	49,	1,	'2018-07-23 09:00:00',	'2022-03-02 05:22:51',	'csv'),
(105,	3,	1,	'Eccube\\\\Entity\\\\Shipping',	'id',	NULL,	'出荷ID',	50,	1,	'2017-03-07 10:14:00',	'2022-03-02 05:22:51',	'csv'),
(106,	3,	1,	'Eccube\\\\Entity\\\\Shipping',	'name01',	NULL,	'配送先_お名前(姓)',	51,	1,	'2017-03-07 10:14:00',	'2022-03-02 05:22:51',	'csv'),
(107,	3,	1,	'Eccube\\\\Entity\\\\Shipping',	'name02',	NULL,	'配送先_お名前(名)',	52,	1,	'2017-03-07 10:14:00',	'2022-03-02 05:22:51',	'csv'),
(108,	3,	1,	'Eccube\\\\Entity\\\\Shipping',	'kana01',	NULL,	'配送先_お名前(セイ)',	53,	1,	'2017-03-07 10:14:00',	'2022-03-02 05:22:51',	'csv'),
(109,	3,	1,	'Eccube\\\\Entity\\\\Shipping',	'kana02',	NULL,	'配送先_お名前(メイ)',	54,	1,	'2017-03-07 10:14:00',	'2022-03-02 05:22:51',	'csv'),
(110,	3,	1,	'Eccube\\\\Entity\\\\Shipping',	'company_name',	NULL,	'配送先_会社名',	55,	1,	'2017-03-07 10:14:00',	'2022-03-02 05:22:51',	'csv'),
(111,	3,	1,	'Eccube\\\\Entity\\\\Shipping',	'postal_code',	NULL,	'配送先_郵便番号',	56,	1,	'2017-03-07 10:14:00',	'2022-03-02 05:22:51',	'csv'),
(112,	3,	1,	'Eccube\\\\Entity\\\\Shipping',	'Pref',	'id',	'配送先_都道府県(ID)',	57,	1,	'2017-03-07 10:14:00',	'2022-03-02 05:22:51',	'csv'),
(113,	3,	1,	'Eccube\\\\Entity\\\\Shipping',	'Pref',	'name',	'配送先_都道府県(名称)',	58,	1,	'2017-03-07 10:14:00',	'2022-03-02 05:22:51',	'csv'),
(114,	3,	1,	'Eccube\\\\Entity\\\\Shipping',	'addr01',	NULL,	'配送先_住所1',	59,	1,	'2017-03-07 10:14:00',	'2022-03-02 05:22:51',	'csv'),
(115,	3,	1,	'Eccube\\\\Entity\\\\Shipping',	'addr02',	NULL,	'配送先_住所2',	60,	1,	'2017-03-07 10:14:00',	'2022-03-02 05:22:51',	'csv'),
(116,	3,	1,	'Eccube\\\\Entity\\\\Shipping',	'phone_number',	NULL,	'配送先_TEL',	61,	1,	'2017-03-07 10:14:00',	'2022-03-02 05:22:51',	'csv'),
(117,	3,	1,	'Eccube\\\\Entity\\\\Shipping',	'Delivery',	'id',	'配送業者(ID)',	62,	1,	'2017-03-07 10:14:00',	'2022-03-02 05:22:51',	'csv'),
(118,	3,	1,	'Eccube\\\\Entity\\\\Shipping',	'shipping_delivery_name',	NULL,	'配送業者(名称)',	63,	1,	'2017-03-07 10:14:00',	'2022-03-02 05:22:51',	'csv'),
(119,	3,	1,	'Eccube\\\\Entity\\\\Shipping',	'DeliveryTime',	'id',	'お届け時間ID',	64,	1,	'2017-03-07 10:14:00',	'2022-03-02 05:22:51',	'csv'),
(120,	3,	1,	'Eccube\\\\Entity\\\\Shipping',	'shipping_delivery_time',	NULL,	'お届け時間(名称)',	65,	1,	'2017-03-07 10:14:00',	'2022-03-02 05:22:51',	'csv'),
(121,	3,	1,	'Eccube\\\\Entity\\\\Shipping',	'shipping_delivery_date',	NULL,	'お届け希望日',	66,	1,	'2017-03-07 10:14:00',	'2022-03-02 05:22:51',	'csv'),
(122,	3,	1,	'Eccube\\\\Entity\\\\Shipping',	'DeliveryFee',	'id',	'送料ID',	1,	0,	'2017-03-07 10:14:00',	'2021-11-24 08:32:24',	'csv'),
(123,	3,	1,	'Eccube\\\\Entity\\\\Shipping',	'shipping_delivery_fee',	NULL,	'送料',	2,	0,	'2017-03-07 10:14:00',	'2021-11-24 08:32:24',	'csv'),
(124,	3,	1,	'Eccube\\\\Entity\\\\Shipping',	'shipping_date',	NULL,	'発送日',	3,	0,	'2017-03-07 10:14:00',	'2021-11-24 08:32:24',	'csv'),
(125,	3,	1,	'Eccube\\\\Entity\\\\Shipping',	'tracking_number',	NULL,	'出荷伝票番号',	67,	1,	'2017-03-07 10:14:00',	'2022-03-02 05:22:51',	'csv'),
(126,	3,	1,	'Eccube\\\\Entity\\\\Shipping',	'note',	NULL,	'配達用メモ',	68,	1,	'2017-03-07 10:14:00',	'2022-03-02 05:22:51',	'csv'),
(127,	3,	1,	'Eccube\\\\Entity\\\\Shipping',	'mail_send_date',	NULL,	'出荷メール送信日',	4,	0,	'2017-03-07 10:14:00',	'2021-11-24 08:32:24',	'csv'),
(128,	4,	NULL,	'Eccube\\\\Entity\\\\Order',	'id',	NULL,	'注文ID',	1,	1,	'2017-03-07 10:14:00',	'2017-03-07 10:14:00',	'csv'),
(129,	4,	NULL,	'Eccube\\\\Entity\\\\Order',	'order_no',	NULL,	'注文番号',	2,	1,	'2017-03-07 10:14:00',	'2017-03-07 10:14:00',	'csv'),
(130,	4,	NULL,	'Eccube\\\\Entity\\\\Order',	'Customer',	'id',	'会員ID',	3,	1,	'2017-03-07 10:14:00',	'2017-03-07 10:14:00',	'csv'),
(131,	4,	NULL,	'Eccube\\\\Entity\\\\Order',	'name01',	NULL,	'お名前(姓)',	4,	1,	'2017-03-07 10:14:00',	'2017-03-07 10:14:00',	'csv'),
(132,	4,	NULL,	'Eccube\\\\Entity\\\\Order',	'name02',	NULL,	'お名前(名)',	5,	1,	'2017-03-07 10:14:00',	'2017-03-07 10:14:00',	'csv'),
(133,	4,	NULL,	'Eccube\\\\Entity\\\\Order',	'kana01',	NULL,	'お名前(セイ)',	6,	1,	'2017-03-07 10:14:00',	'2017-03-07 10:14:00',	'csv'),
(134,	4,	NULL,	'Eccube\\\\Entity\\\\Order',	'kana02',	NULL,	'お名前(メイ)',	7,	1,	'2017-03-07 10:14:00',	'2017-03-07 10:14:00',	'csv'),
(135,	4,	NULL,	'Eccube\\\\Entity\\\\Order',	'company_name',	NULL,	'会社名',	8,	1,	'2017-03-07 10:14:00',	'2017-03-07 10:14:00',	'csv'),
(136,	4,	NULL,	'Eccube\\\\Entity\\\\Order',	'postal_code',	NULL,	'郵便番号',	9,	1,	'2017-03-07 10:14:00',	'2017-03-07 10:14:00',	'csv'),
(137,	4,	NULL,	'Eccube\\\\Entity\\\\Order',	'Pref',	'id',	'都道府県(ID)',	10,	1,	'2017-03-07 10:14:00',	'2017-03-07 10:14:00',	'csv'),
(138,	4,	NULL,	'Eccube\\\\Entity\\\\Order',	'Pref',	'name',	'都道府県(名称)',	11,	1,	'2017-03-07 10:14:00',	'2017-03-07 10:14:00',	'csv'),
(139,	4,	NULL,	'Eccube\\\\Entity\\\\Order',	'addr01',	NULL,	'住所1',	12,	1,	'2017-03-07 10:14:00',	'2017-03-07 10:14:00',	'csv'),
(140,	4,	NULL,	'Eccube\\\\Entity\\\\Order',	'addr02',	NULL,	'住所2',	13,	1,	'2017-03-07 10:14:00',	'2017-03-07 10:14:00',	'csv'),
(141,	4,	NULL,	'Eccube\\\\Entity\\\\Order',	'email',	NULL,	'メールアドレス',	14,	1,	'2017-03-07 10:14:00',	'2017-03-07 10:14:00',	'csv'),
(142,	4,	NULL,	'Eccube\\\\Entity\\\\Order',	'phone_number',	NULL,	'TEL',	15,	1,	'2017-03-07 10:14:00',	'2017-03-07 10:14:00',	'csv'),
(143,	4,	NULL,	'Eccube\\\\Entity\\\\Order',	'Sex',	'id',	'性別(ID)',	16,	1,	'2017-03-07 10:14:00',	'2017-03-07 10:14:00',	'csv'),
(144,	4,	NULL,	'Eccube\\\\Entity\\\\Order',	'Sex',	'name',	'性別(名称)',	17,	1,	'2017-03-07 10:14:00',	'2017-03-07 10:14:00',	'csv'),
(145,	4,	NULL,	'Eccube\\\\Entity\\\\Order',	'Job',	'id',	'職業(ID)',	18,	1,	'2017-03-07 10:14:00',	'2017-03-07 10:14:00',	'csv'),
(146,	4,	NULL,	'Eccube\\\\Entity\\\\Order',	'Job',	'name',	'職業(名称)',	19,	1,	'2017-03-07 10:14:00',	'2017-03-07 10:14:00',	'csv'),
(147,	4,	NULL,	'Eccube\\\\Entity\\\\Order',	'birth',	NULL,	'誕生日',	20,	1,	'2017-03-07 10:14:00',	'2017-03-07 10:14:00',	'csv'),
(148,	4,	NULL,	'Eccube\\\\Entity\\\\Order',	'note',	NULL,	'ショップ用メモ欄',	21,	1,	'2017-03-07 10:14:00',	'2017-03-07 10:14:00',	'csv'),
(149,	4,	NULL,	'Eccube\\\\Entity\\\\Order',	'subtotal',	NULL,	'小計',	22,	1,	'2017-03-07 10:14:00',	'2017-03-07 10:14:00',	'csv'),
(150,	4,	NULL,	'Eccube\\\\Entity\\\\Order',	'discount',	NULL,	'値引き',	23,	1,	'2017-03-07 10:14:00',	'2017-03-07 10:14:00',	'csv'),
(151,	4,	NULL,	'Eccube\\\\Entity\\\\Order',	'delivery_fee_total',	NULL,	'送料',	24,	1,	'2017-03-07 10:14:00',	'2017-03-07 10:14:00',	'csv'),
(152,	4,	NULL,	'Eccube\\\\Entity\\\\Order',	'tax',	NULL,	'税金',	25,	1,	'2017-03-07 10:14:00',	'2017-03-07 10:14:00',	'csv'),
(153,	4,	NULL,	'Eccube\\\\Entity\\\\Order',	'total',	NULL,	'合計',	26,	1,	'2017-03-07 10:14:00',	'2017-03-07 10:14:00',	'csv'),
(154,	4,	NULL,	'Eccube\\\\Entity\\\\Order',	'payment_total',	NULL,	'支払合計',	27,	1,	'2017-03-07 10:14:00',	'2017-03-07 10:14:00',	'csv'),
(155,	4,	NULL,	'Eccube\\\\Entity\\\\Order',	'OrderStatus',	'id',	'対応状況(ID)',	28,	1,	'2017-03-07 10:14:00',	'2017-03-07 10:14:00',	'csv'),
(156,	4,	NULL,	'Eccube\\\\Entity\\\\Order',	'OrderStatus',	'name',	'対応状況(名称)',	29,	1,	'2017-03-07 10:14:00',	'2017-03-07 10:14:00',	'csv'),
(157,	4,	NULL,	'Eccube\\\\Entity\\\\Order',	'Payment',	'id',	'支払方法(ID)',	30,	1,	'2017-03-07 10:14:00',	'2017-03-07 10:14:00',	'csv'),
(158,	4,	NULL,	'Eccube\\\\Entity\\\\Order',	'payment_method',	NULL,	'支払方法(名称)',	31,	1,	'2017-03-07 10:14:00',	'2017-03-07 10:14:00',	'csv'),
(159,	4,	NULL,	'Eccube\\\\Entity\\\\Order',	'order_date',	NULL,	'受注日',	32,	1,	'2017-03-07 10:14:00',	'2017-03-07 10:14:00',	'csv'),
(160,	4,	NULL,	'Eccube\\\\Entity\\\\Order',	'payment_date',	NULL,	'入金日',	33,	1,	'2017-03-07 10:14:00',	'2017-03-07 10:14:00',	'csv'),
(161,	4,	NULL,	'Eccube\\\\Entity\\\\OrderItem',	'id',	NULL,	'注文詳細ID',	34,	1,	'2017-03-07 10:14:00',	'2017-03-07 10:14:00',	'csv'),
(162,	4,	NULL,	'Eccube\\\\Entity\\\\OrderItem',	'Product',	'id',	'商品ID',	35,	1,	'2017-03-07 10:14:00',	'2017-03-07 10:14:00',	'csv'),
(163,	4,	NULL,	'Eccube\\\\Entity\\\\OrderItem',	'ProductClass',	'id',	'商品規格ID',	36,	1,	'2017-03-07 10:14:00',	'2017-03-07 10:14:00',	'csv'),
(164,	4,	NULL,	'Eccube\\\\Entity\\\\OrderItem',	'product_name',	NULL,	'商品名',	37,	1,	'2017-03-07 10:14:00',	'2017-03-07 10:14:00',	'csv'),
(165,	4,	NULL,	'Eccube\\\\Entity\\\\OrderItem',	'product_code',	NULL,	'商品コード',	38,	1,	'2017-03-07 10:14:00',	'2017-03-07 10:14:00',	'csv'),
(166,	4,	NULL,	'Eccube\\\\Entity\\\\OrderItem',	'class_name1',	NULL,	'規格名1',	39,	1,	'2017-03-07 10:14:00',	'2017-03-07 10:14:00',	'csv'),
(167,	4,	NULL,	'Eccube\\\\Entity\\\\OrderItem',	'class_name2',	NULL,	'規格名2',	40,	1,	'2017-03-07 10:14:00',	'2017-03-07 10:14:00',	'csv'),
(168,	4,	NULL,	'Eccube\\\\Entity\\\\OrderItem',	'class_category_name1',	NULL,	'規格分類名1',	41,	1,	'2017-03-07 10:14:00',	'2017-03-07 10:14:00',	'csv'),
(169,	4,	NULL,	'Eccube\\\\Entity\\\\OrderItem',	'class_category_name2',	NULL,	'規格分類名2',	42,	1,	'2017-03-07 10:14:00',	'2017-03-07 10:14:00',	'csv'),
(170,	4,	NULL,	'Eccube\\\\Entity\\\\OrderItem',	'price',	NULL,	'価格',	43,	1,	'2017-03-07 10:14:00',	'2017-03-07 10:14:00',	'csv'),
(171,	4,	NULL,	'Eccube\\\\Entity\\\\OrderItem',	'quantity',	NULL,	'個数',	44,	1,	'2017-03-07 10:14:00',	'2017-03-07 10:14:00',	'csv'),
(172,	4,	NULL,	'Eccube\\\\Entity\\\\OrderItem',	'tax_rate',	NULL,	'税率',	45,	1,	'2017-03-07 10:14:00',	'2017-03-07 10:14:00',	'csv'),
(173,	4,	NULL,	'Eccube\\\\Entity\\\\OrderItem',	'tax_rule',	NULL,	'税率ルール(ID)',	46,	1,	'2017-03-07 10:14:00',	'2017-03-07 10:14:00',	'csv'),
(174,	4,	NULL,	'Eccube\\\\Entity\\\\OrderItem',	'OrderItemType',	'id',	'明細区分(ID)',	47,	1,	'2018-07-23 09:00:00',	'2018-07-23 09:00:00',	'csv'),
(175,	4,	NULL,	'Eccube\\\\Entity\\\\OrderItem',	'OrderItemType',	'name',	'明細区分(名称)',	48,	1,	'2018-07-23 09:00:00',	'2018-07-23 09:00:00',	'csv'),
(176,	4,	NULL,	'Eccube\\\\Entity\\\\Shipping',	'id',	NULL,	'出荷ID',	49,	1,	'2017-03-07 10:14:00',	'2017-03-07 10:14:00',	'csv'),
(177,	4,	NULL,	'Eccube\\\\Entity\\\\Shipping',	'name01',	NULL,	'配送先_お名前(姓)',	50,	1,	'2017-03-07 10:14:00',	'2017-03-07 10:14:00',	'csv'),
(178,	4,	NULL,	'Eccube\\\\Entity\\\\Shipping',	'name02',	NULL,	'配送先_お名前(名)',	51,	1,	'2017-03-07 10:14:00',	'2017-03-07 10:14:00',	'csv'),
(179,	4,	NULL,	'Eccube\\\\Entity\\\\Shipping',	'kana01',	NULL,	'配送先_お名前(セイ)',	52,	1,	'2017-03-07 10:14:00',	'2017-03-07 10:14:00',	'csv'),
(180,	4,	NULL,	'Eccube\\\\Entity\\\\Shipping',	'kana02',	NULL,	'配送先_お名前(メイ)',	53,	1,	'2017-03-07 10:14:00',	'2017-03-07 10:14:00',	'csv'),
(181,	4,	NULL,	'Eccube\\\\Entity\\\\Shipping',	'company_name',	NULL,	'配送先_会社名',	54,	1,	'2017-03-07 10:14:00',	'2017-03-07 10:14:00',	'csv'),
(182,	4,	NULL,	'Eccube\\\\Entity\\\\Shipping',	'postal_code',	NULL,	'配送先_郵便番号',	55,	1,	'2017-03-07 10:14:00',	'2017-03-07 10:14:00',	'csv'),
(183,	4,	NULL,	'Eccube\\\\Entity\\\\Shipping',	'Pref',	'id',	'配送先_都道府県(ID)',	56,	1,	'2017-03-07 10:14:00',	'2017-03-07 10:14:00',	'csv'),
(184,	4,	NULL,	'Eccube\\\\Entity\\\\Shipping',	'Pref',	'name',	'配送先_都道府県(名称)',	57,	1,	'2017-03-07 10:14:00',	'2017-03-07 10:14:00',	'csv'),
(185,	4,	NULL,	'Eccube\\\\Entity\\\\Shipping',	'addr01',	NULL,	'配送先_住所1',	58,	1,	'2017-03-07 10:14:00',	'2017-03-07 10:14:00',	'csv'),
(186,	4,	NULL,	'Eccube\\\\Entity\\\\Shipping',	'addr02',	NULL,	'配送先_住所2',	59,	1,	'2017-03-07 10:14:00',	'2017-03-07 10:14:00',	'csv'),
(187,	4,	NULL,	'Eccube\\\\Entity\\\\Shipping',	'phone_number',	NULL,	'配送先_TEL',	60,	1,	'2017-03-07 10:14:00',	'2017-03-07 10:14:00',	'csv'),
(188,	4,	NULL,	'Eccube\\\\Entity\\\\Shipping',	'Delivery',	'id',	'配送業者(ID)',	61,	1,	'2017-03-07 10:14:00',	'2017-03-07 10:14:00',	'csv'),
(189,	4,	NULL,	'Eccube\\\\Entity\\\\Shipping',	'shipping_delivery_name',	NULL,	'配送業者(名称)',	62,	1,	'2017-03-07 10:14:00',	'2017-03-07 10:14:00',	'csv'),
(190,	4,	NULL,	'Eccube\\\\Entity\\\\Shipping',	'DeliveryTime',	'id',	'お届け時間ID',	63,	1,	'2017-03-07 10:14:00',	'2017-03-07 10:14:00',	'csv'),
(191,	4,	NULL,	'Eccube\\\\Entity\\\\Shipping',	'shipping_delivery_time',	NULL,	'お届け時間(名称)',	64,	1,	'2017-03-07 10:14:00',	'2017-03-07 10:14:00',	'csv'),
(192,	4,	NULL,	'Eccube\\\\Entity\\\\Shipping',	'shipping_delivery_date',	NULL,	'お届け希望日',	65,	1,	'2017-03-07 10:14:00',	'2017-03-07 10:14:00',	'csv'),
(193,	4,	NULL,	'Eccube\\\\Entity\\\\Shipping',	'DeliveryFee',	'id',	'送料ID',	66,	1,	'2017-03-07 10:14:00',	'2017-03-07 10:14:00',	'csv'),
(194,	4,	NULL,	'Eccube\\\\Entity\\\\Shipping',	'shipping_delivery_fee',	NULL,	'送料',	67,	1,	'2017-03-07 10:14:00',	'2017-03-07 10:14:00',	'csv'),
(195,	4,	NULL,	'Eccube\\\\Entity\\\\Shipping',	'shipping_date',	NULL,	'発送日',	68,	1,	'2017-03-07 10:14:00',	'2017-03-07 10:14:00',	'csv'),
(196,	4,	NULL,	'Eccube\\\\Entity\\\\Shipping',	'tracking_number',	NULL,	'出荷伝票番号',	69,	1,	'2017-03-07 10:14:00',	'2017-03-07 10:14:00',	'csv'),
(197,	4,	NULL,	'Eccube\\\\Entity\\\\Shipping',	'note',	NULL,	'配達用メモ',	70,	1,	'2017-03-07 10:14:00',	'2017-03-07 10:14:00',	'csv'),
(198,	4,	NULL,	'Eccube\\\\Entity\\\\Shipping',	'mail_send_date',	NULL,	'出荷メール送信日',	71,	1,	'2017-03-07 10:14:00',	'2017-03-07 10:14:00',	'csv'),
(199,	5,	NULL,	'Eccube\\\\Entity\\\\Category',	'id',	NULL,	'カテゴリID',	1,	1,	'2017-03-07 10:14:00',	'2017-03-07 10:14:00',	'csv'),
(200,	5,	NULL,	'Eccube\\\\Entity\\\\Category',	'sort_no',	NULL,	'表示ランク',	2,	1,	'2017-03-07 10:14:00',	'2017-03-07 10:14:00',	'csv'),
(201,	5,	NULL,	'Eccube\\\\Entity\\\\Category',	'name',	NULL,	'カテゴリ名',	3,	1,	'2017-03-07 10:14:00',	'2017-03-07 10:14:00',	'csv'),
(202,	5,	NULL,	'Eccube\\\\Entity\\\\Category',	'Parent',	'id',	'親カテゴリID',	4,	1,	'2017-03-07 10:14:00',	'2017-03-07 10:14:00',	'csv'),
(203,	5,	NULL,	'Eccube\\\\Entity\\\\Category',	'level',	NULL,	'階層',	5,	1,	'2017-03-07 10:14:00',	'2017-03-07 10:14:00',	'csv'),
(204,	1,	NULL,	'Eccube\\\\Entity\\\\ProductClass',	'TaxRule',	'tax_rate',	'税率',	31,	0,	'2017-03-07 10:14:00',	'2017-03-07 10:14:00',	'csv'),
(214,	6,	NULL,	'Plugin\\ProductReview4\\Entity\\ProductReview',	'Product',	'name',	'商品名',	1,	1,	'2021-03-03 16:07:52',	'2021-03-03 16:07:52',	'csv'),
(215,	6,	NULL,	'Plugin\\ProductReview4\\Entity\\ProductReview',	'Status',	'name',	'公開・非公開',	2,	1,	'2021-03-03 16:07:52',	'2021-03-03 16:07:52',	'csv'),
(216,	6,	NULL,	'Plugin\\ProductReview4\\Entity\\ProductReview',	'create_date',	'create_date',	'投稿日',	3,	1,	'2021-03-03 16:07:52',	'2021-03-03 16:07:52',	'csv'),
(217,	6,	NULL,	'Plugin\\ProductReview4\\Entity\\ProductReview',	'reviewer_name',	'reviewer_name',	'投稿者名',	4,	1,	'2021-03-03 16:07:52',	'2021-03-03 16:07:52',	'csv'),
(218,	6,	NULL,	'Plugin\\ProductReview4\\Entity\\ProductReview',	'reviewer_url',	'reviewer_url',	'投稿者URL',	5,	1,	'2021-03-03 16:07:52',	'2021-03-03 16:07:52',	'csv'),
(219,	6,	NULL,	'Plugin\\ProductReview4\\Entity\\ProductReview',	'Sex',	'name',	'性別',	6,	1,	'2021-03-03 16:07:52',	'2021-03-03 16:07:52',	'csv'),
(220,	6,	NULL,	'Plugin\\ProductReview4\\Entity\\ProductReview',	'recommend_level',	'recommend_level',	'おすすめレベル',	7,	1,	'2021-03-03 16:07:52',	'2021-03-03 16:07:52',	'csv'),
(221,	6,	NULL,	'Plugin\\ProductReview4\\Entity\\ProductReview',	'title',	'title',	'タイトル',	8,	1,	'2021-03-03 16:07:52',	'2021-03-03 16:07:52',	'csv'),
(222,	6,	NULL,	'Plugin\\ProductReview4\\Entity\\ProductReview',	'comment',	'comment',	'コメント',	9,	1,	'2021-03-03 16:07:52',	'2021-03-03 16:07:52',	'csv'),
(223,	2,	1,	'Eccube\\Entity\\Customer',	'CustomerRank',	'name',	'会員ランク名',	27,	1,	'2021-06-24 12:14:14',	'2021-08-21 13:03:29',	'csv'),
(224,	3,	1,	'Eccube\\Entity\\Order',	'customer_rank_id',	NULL,	'会員ランクID',	69,	1,	'2021-06-24 12:14:14',	'2021-11-24 08:32:24',	'csv'),
(225,	3,	1,	'Eccube\\Entity\\Order',	'customer_rank_name',	NULL,	'会員ランク名',	70,	1,	'2021-06-24 12:14:14',	'2021-11-24 08:32:24',	'csv'),
(226,	4,	1,	'Eccube\\Entity\\Order',	'customer_rank_id',	NULL,	'会員ランクID',	1,	0,	'2021-06-24 12:14:14',	'2022-04-01 06:25:29',	'csv'),
(227,	4,	1,	'Eccube\\Entity\\Order',	'customer_rank_name',	NULL,	'会員ランク名',	2,	0,	'2021-06-24 12:14:14',	'2022-04-01 06:25:29',	'csv'),
(228,	1,	1,	'Plugin\\CustomerRank\\Entity\\CustomerPrice',	'customerrank_price_1',	NULL,	'Silver会員価格',	32,	1,	'2021-06-25 08:38:45',	'2022-01-18 04:32:50',	'csv'),
(229,	1,	1,	'Plugin\\CustomerRank\\Entity\\CustomerPrice',	'customerrank_price_2',	NULL,	'Gold会員価格',	33,	1,	'2021-06-25 08:39:01',	'2022-01-18 04:33:49',	'csv'),
(230,	3,	1,	'Customize\\\\Entity\\\\Shop',	'name',	NULL,	'ショップ',	35,	1,	'2021-08-18 19:28:10',	'2022-03-02 05:22:51',	'csv'),
(231,	3,	1,	'Eccube\\\\Entity\\\\Member',	'name',	NULL,	'メンバー',	5,	0,	'2021-08-20 13:34:57',	'2021-11-24 08:32:24',	'csv');

DROP TABLE IF EXISTS `dtb_customer`;
CREATE TABLE `dtb_customer` (
  `id` int(10) unsigned NOT NULL AUTO_INCREMENT,
  `customer_status_id` smallint(5) unsigned DEFAULT NULL,
  `sex_id` smallint(5) unsigned DEFAULT NULL,
  `job_id` smallint(5) unsigned DEFAULT NULL,
  `country_id` smallint(5) unsigned DEFAULT NULL,
  `pref_id` smallint(5) unsigned DEFAULT NULL,
  `name01` varchar(255) NOT NULL,
  `name02` varchar(255) NOT NULL,
  `kana01` varchar(255) DEFAULT NULL,
  `kana02` varchar(255) DEFAULT NULL,
  `company_name` varchar(255) DEFAULT NULL,
  `postal_code` varchar(8) DEFAULT NULL,
  `addr01` varchar(255) DEFAULT NULL,
  `addr02` varchar(255) DEFAULT NULL,
  `email` varchar(255) NOT NULL,
  `phone_number` varchar(14) DEFAULT NULL,
  `birth` datetime DEFAULT NULL COMMENT '(DC2Type:datetimetz)',
  `password` varchar(255) NOT NULL,
  `salt` varchar(255) DEFAULT NULL,
  `secret_key` varchar(255) NOT NULL,
  `first_buy_date` datetime DEFAULT NULL COMMENT '(DC2Type:datetimetz)',
  `last_buy_date` datetime DEFAULT NULL COMMENT '(DC2Type:datetimetz)',
  `buy_times` decimal(10,0) unsigned DEFAULT 0,
  `buy_total` decimal(12,2) unsigned DEFAULT 0.00,
  `note` varchar(4000) DEFAULT NULL,
  `reset_key` varchar(255) DEFAULT NULL,
  `reset_expire` datetime DEFAULT NULL COMMENT '(DC2Type:datetimetz)',
  `point` decimal(12,0) NOT NULL DEFAULT 0,
  `create_date` datetime NOT NULL COMMENT '(DC2Type:datetimetz)',
  `update_date` datetime NOT NULL COMMENT '(DC2Type:datetimetz)',
  `discriminator_type` varchar(255) NOT NULL,
  `stripe_customer_id` varchar(255) DEFAULT NULL,
  `card_saved` smallint(6) DEFAULT 0,
  `customer_rank_id` int(10) unsigned DEFAULT NULL,
  `check_date` datetime DEFAULT NULL COMMENT '(DC2Type:datetimetz)',
  PRIMARY KEY (`id`),
  UNIQUE KEY `secret_key` (`secret_key`),
  KEY `IDX_8298BBE3C00AF8A7` (`customer_status_id`),
  KEY `IDX_8298BBE35A2DB2A0` (`sex_id`),
  KEY `IDX_8298BBE3BE04EA9` (`job_id`),
  KEY `IDX_8298BBE3F92F3E70` (`country_id`),
  KEY `IDX_8298BBE3E171EF5F` (`pref_id`),
  KEY `dtb_customer_buy_times_idx` (`buy_times`),
  KEY `dtb_customer_buy_total_idx` (`buy_total`),
  KEY `dtb_customer_create_date_idx` (`create_date`),
  KEY `dtb_customer_update_date_idx` (`update_date`),
  KEY `dtb_customer_last_buy_date_idx` (`last_buy_date`),
  KEY `dtb_customer_email_idx` (`email`),
  KEY `IDX_8298BBE36ACBC331` (`customer_rank_id`),
  CONSTRAINT `FK_8298BBE35A2DB2A0` FOREIGN KEY (`sex_id`) REFERENCES `mtb_sex` (`id`),
  CONSTRAINT `FK_8298BBE36ACBC331` FOREIGN KEY (`customer_rank_id`) REFERENCES `plg_customerrank_dtb_customer_rank` (`id`),
  CONSTRAINT `FK_8298BBE3BE04EA9` FOREIGN KEY (`job_id`) REFERENCES `mtb_job` (`id`),
  CONSTRAINT `FK_8298BBE3C00AF8A7` FOREIGN KEY (`customer_status_id`) REFERENCES `mtb_customer_status` (`id`),
  CONSTRAINT `FK_8298BBE3E171EF5F` FOREIGN KEY (`pref_id`) REFERENCES `mtb_pref` (`id`),
  CONSTRAINT `FK_8298BBE3F92F3E70` FOREIGN KEY (`country_id`) REFERENCES `mtb_country` (`id`)
) ENGINE=InnoDB DEFAULT CHARSET=utf8;

INSERT INTO `dtb_customer` (`id`, `customer_status_id`, `sex_id`, `job_id`, `country_id`, `pref_id`, `name01`, `name02`, `kana01`, `kana02`, `company_name`, `postal_code`, `addr01`, `addr02`, `email`, `phone_number`, `birth`, `password`, `salt`, `secret_key`, `first_buy_date`, `last_buy_date`, `buy_times`, `buy_total`, `note`, `reset_key`, `reset_expire`, `point`, `create_date`, `update_date`, `discriminator_type`, `stripe_customer_id`, `card_saved`, `customer_rank_id`, `check_date`) VALUES
(1,	2,	NULL,	NULL,	NULL,	26,	'チャーチル',	'ライリー',	'チャーチル',	'ライリー',	NULL,	'6293101',	'京丹後市網野町網野',	'123',	'riley@subspire.co.jp',	'12312341234',	NULL,	'ab30e143af91c7b8a4870978392dfce521fb12839f5b24d58e3bb79fe8f29d52',	'cabeda1154',	'dQGDhsp5l4waRVkV3fZs4HzT20BIQb0N',	NULL,	NULL,	0,	0.00,	NULL,	'MXLTlTRBrgSZf0CGge9fDdWNIOQCO92m',	'2021-12-07 08:28:48',	2980,	'2021-03-04 08:42:57',	'2023-07-19 02:15:40',	'customer',	NULL,	NULL,	NULL,	'2023-07-19 02:15:40'),
(2,	2,	1,	18,	NULL,	28,	'豊岡',	'太郎',	'トヨオカ',	'タロウ',	'TEE ALL',	'6680000',	'豊岡市元町',	'１２－７',	'tspc.nokosazu.bk@gmail.com',	'0796239113',	NULL,	'a0a8d871d39771e5122f966d338fc74addee38a015463eccf4829e1d56bff332',	'e44b7ee7b0',	'MuValIk6frqydisaTE5PPf12Clx59Qbr',	'2021-04-08 04:31:58',	'2021-04-08 07:18:58',	3,	206000.00,	NULL,	NULL,	NULL,	1262,	'2021-03-16 04:40:46',	'2023-06-22 00:10:54',	'customer',	NULL,	NULL,	NULL,	'2023-06-22 00:10:54'),
(3,	2,	NULL,	NULL,	NULL,	26,	'テスト',	'テスト',	'テスト',	'テスト',	NULL,	'6293101',	'京丹後市網野町網野',	'123',	'ohshita@tspc.co.jp',	'12312341234',	NULL,	'31e61706283d53476fec46155e84642a7b3e20fde84a0125043f7401478bc451',	'dae2f04eec',	'79TLLLt9Spzqi8x8qjicfdsmD3aB7eVE',	'2023-07-04 02:35:19',	'2023-07-04 02:42:06',	3,	436150.00,	NULL,	'9w8lWtE446jDYPlxKz7K7EC8kAoXAFNv',	'2023-07-04 02:38:53',	3947,	'2021-03-16 09:33:05',	'2023-07-04 02:53:48',	'customer',	'cus_OCNs3gfqVyYCzg',	1,	NULL,	'2023-07-04 02:53:48'),
(4,	2,	NULL,	NULL,	NULL,	28,	'豊岡',	'三郎',	'トヨオカ',	'サブロウ',	NULL,	'6680015',	'豊岡市一日市',	'528',	'tspc@tspc.co.jp',	'0796227744',	NULL,	'613f689814d74851549d75b91b846cd3ff943c6ed89bff981fba23318a9ceea2',	'f78b17cfde',	'0TBK3p4rsXVPo31PGwu4jJEuiLfTqwSu',	NULL,	NULL,	0,	0.00,	NULL,	NULL,	NULL,	0,	'2021-03-16 09:49:16',	'2023-05-18 05:18:57',	'customer',	NULL,	NULL,	NULL,	'2022-03-02 05:50:06'),
(5,	2,	NULL,	NULL,	NULL,	28,	'豊岡',	'一郎',	'トヨオカ',	'イチロウ',	NULL,	'6680047',	'豊岡市三坂町',	'3-8',	'info@tspc.co.jp',	'0796346033',	NULL,	'879a9c7f8ecf7fcef118fc85b511f22a51bd36b5f4ae128fde7a551ee7ad4d14',	'1891b0157d',	'qouLnfW1hwZK2GPDngQPBqrT0psW1qVW',	NULL,	NULL,	0,	0.00,	NULL,	NULL,	NULL,	0,	'2021-03-17 04:57:28',	'2023-07-04 02:28:21',	'customer',	NULL,	NULL,	NULL,	'2021-06-25 13:18:42'),
(6,	2,	NULL,	NULL,	NULL,	13,	'鈴木',	'一郎',	'スズキ',	'イチロウ',	NULL,	'1000001',	'千代田区千代田',	'124',	'tanabe.working+theallmall@gmail.com',	'09012345678',	NULL,	'444ddfb5b4e8cdda5c2c856d4b42abe026f0ad67eac8590d8ed31acfa6125d03',	'bc836a8c90',	'2JGU3uxsJHmubWNPe3lKwgPqgRgXj09r',	NULL,	NULL,	0,	0.00,	NULL,	NULL,	NULL,	0,	'2021-03-17 05:45:10',	'2022-01-18 04:37:46',	'customer',	NULL,	NULL,	NULL,	'2021-06-25 13:18:42'),
(7,	3,	2,	NULL,	NULL,	26,	'会員',	'ａｂｃ',	'カイイン',	'エイビシー',	NULL,	'6680034',	'京丹後市峰山',	'452',	'QCy4KEIYcaspAJ1dJT5OPJjc9LjBV5xRRJFzwF3S9D6SJ9YPdQycrGNCjhVu@dummy.dummy',	'0311112222',	NULL,	'7fb75b995215270ab97719d570bedf4315b0ec549f25e8c518692afb65c8a02e',	'44307ee038',	'GM2NIbHVCkmFKH1tYVN11y12A9cagcMN',	NULL,	NULL,	0,	0.00,	NULL,	NULL,	NULL,	0,	'2021-04-12 00:39:51',	'2021-06-25 13:18:42',	'customer',	NULL,	NULL,	NULL,	'2021-06-25 13:18:42'),
(8,	2,	2,	8,	NULL,	28,	'山本',	'太郎',	'ヤマモト',	'タロウ',	NULL,	'6680044',	'豊岡市山王町',	'299',	'tspc.nokosazu@gmail.com',	'0796238856',	'1987-08-04 15:00:00',	'4c7895fef48fd6e376199988621ba75158fbef28afa9fa95f23e9600bad9adb8',	'a5dafc6063',	'qKPGF6fBfyh5JFBJj3SRN1F84LItrKd7',	'2023-05-17 09:18:07',	'2023-05-17 09:18:07',	1,	209720.00,	NULL,	NULL,	NULL,	300,	'2021-04-12 01:46:08',	'2023-05-18 05:18:57',	'customer',	NULL,	NULL,	NULL,	'2023-05-18 00:41:34'),
(9,	2,	NULL,	NULL,	NULL,	27,	'名',	'前',	'セイ',	'メイ',	'アーキテクトラボ',	'5300001',	'大阪市北区梅田',	'西梅田1丁目6-8',	'doc3@hotmail.com',	'+81123456789',	NULL,	'5e5c14cf01254517142094397153d02ace873b82c680d7cb22e132d88096362a',	'912c61141e',	'JvP4vE9UsSiKbdcJBYz6KzdLHsJTZZwb',	'2021-06-25 13:22:49',	'2021-06-25 13:24:16',	2,	397100.00,	NULL,	NULL,	NULL,	3610,	'2021-05-05 06:57:03',	'2022-04-01 03:58:51',	'customer',	'cus_JjiH8mZcdOrXGy',	0,	NULL,	'2022-04-01 03:58:51'),
(11,	3,	1,	1,	NULL,	26,	'test',	'test',	'テスト',	'テスト',	'テスト会社',	'6293573',	'京丹後市久美浜町出角',	'11',	'T1R82Nwlaq0k3w3N4omKgZUjYT0i7OyIvlNYO1J1RDZq5YIVrC8vJzdrVpwE@dummy.dummy',	'07040254483',	'1999-12-31 15:00:00',	'2b43b99bcba18a4afa94bc6f6d28970d872a58797a2ec5d450e7be5f29c1a453',	'71edd5f95d',	'2PSyacd5GNFpy9HEuuuSSmkDOtHwW21K',	'2022-03-30 04:36:49',	'2022-03-30 04:36:49',	1,	220000.00,	NULL,	NULL,	NULL,	2000,	'2022-03-30 04:33:22',	'2022-03-30 06:51:29',	'customer',	'cus_LPiituC4ZYQ8zn',	0,	NULL,	'2022-03-30 06:51:13'),
(13,	2,	NULL,	NULL,	NULL,	26,	'test',	'test',	'テスト',	'テスト',	'テスト会社',	'6293574',	'京丹後市久美浜町',	'111',	'test12331132312232@mailinator.com',	'11111',	NULL,	'd1e408a1c02caad35ac4bfe4cf836bff2d5a8ca44efd99961b0e2db392ed99a9',	'b0d2d3d3dd',	'NoqwOX4503ThJ8ukfAFrESZxMJQVI8oW',	'2022-03-30 07:31:45',	'2022-04-22 08:47:31',	15,	6640158.00,	NULL,	NULL,	NULL,	0,	'2022-03-30 07:18:27',	'2022-04-22 08:47:31',	'customer',	'cus_LQQhBxkQ3Fenyg',	1,	2,	'2022-04-22 08:47:31'),
(14,	2,	1,	3,	NULL,	1,	'test',	'test',	'カート',	'カート',	'test',	'530',	'aaa',	'aaa',	'allenchase527@gmail.com',	'11111111',	'1991-05-04 15:00:00',	'7529949859ff1ec7eae96a1e0820e1718c2a6001304078d4bfab5810735567a9',	'2cb4d0c46f',	'GaoIr4inOt0ya0Cg1Gk1EVYISbUGsqPo',	NULL,	NULL,	0,	0.00,	NULL,	NULL,	NULL,	0,	'2023-07-18 05:22:58',	'2023-07-18 15:48:43',	'customer',	NULL,	NULL,	NULL,	'2023-07-18 15:48:43');

DROP TABLE IF EXISTS `dtb_customer_address`;
CREATE TABLE `dtb_customer_address` (
  `id` int(10) unsigned NOT NULL AUTO_INCREMENT,
  `customer_id` int(10) unsigned DEFAULT NULL,
  `country_id` smallint(5) unsigned DEFAULT NULL,
  `pref_id` smallint(5) unsigned DEFAULT NULL,
  `name01` varchar(255) NOT NULL,
  `name02` varchar(255) NOT NULL,
  `kana01` varchar(255) DEFAULT NULL,
  `kana02` varchar(255) DEFAULT NULL,
  `company_name` varchar(255) DEFAULT NULL,
  `postal_code` varchar(8) DEFAULT NULL,
  `addr01` varchar(255) DEFAULT NULL,
  `addr02` varchar(255) DEFAULT NULL,
  `phone_number` varchar(14) DEFAULT NULL,
  `create_date` datetime NOT NULL COMMENT '(DC2Type:datetimetz)',
  `update_date` datetime NOT NULL COMMENT '(DC2Type:datetimetz)',
  `discriminator_type` varchar(255) NOT NULL,
  PRIMARY KEY (`id`),
  KEY `IDX_6C38C0F89395C3F3` (`customer_id`),
  KEY `IDX_6C38C0F8F92F3E70` (`country_id`),
  KEY `IDX_6C38C0F8E171EF5F` (`pref_id`),
  CONSTRAINT `FK_6C38C0F89395C3F3` FOREIGN KEY (`customer_id`) REFERENCES `dtb_customer` (`id`),
  CONSTRAINT `FK_6C38C0F8E171EF5F` FOREIGN KEY (`pref_id`) REFERENCES `mtb_pref` (`id`),
  CONSTRAINT `FK_6C38C0F8F92F3E70` FOREIGN KEY (`country_id`) REFERENCES `mtb_country` (`id`)
) ENGINE=InnoDB DEFAULT CHARSET=utf8;

INSERT INTO `dtb_customer_address` (`id`, `customer_id`, `country_id`, `pref_id`, `name01`, `name02`, `kana01`, `kana02`, `company_name`, `postal_code`, `addr01`, `addr02`, `phone_number`, `create_date`, `update_date`, `discriminator_type`) VALUES
(1,	2,	NULL,	28,	'豊岡',	'次郎',	'トヨオカ',	'ジロウ',	NULL,	'6680055',	'豊岡市昭和町',	'555',	'0333551111',	'2021-03-16 07:43:56',	'2021-03-16 07:43:56',	'customeraddress'),
(2,	2,	NULL,	13,	'東京',	'太郎',	'トウキョウ',	'タロウ',	NULL,	'1900155',	'あきる野市網代',	'１２３',	'1111',	'2021-03-18 08:45:12',	'2021-03-18 08:45:12',	'customeraddress'),
(3,	8,	NULL,	1,	'北海道',	'太郎',	'ホッカイド',	'タロウ',	'abc',	'1010022',	'札幌市',	'321',	'0102223333',	'2021-06-01 08:52:39',	'2022-01-31 05:07:36',	'customeraddress'),
(4,	13,	NULL,	26,	'test',	'test',	'アア',	'イイ',	'tes',	'6293574',	'京丹後市久美浜町市場',	'１',	'07040254483',	'2022-03-31 06:05:56',	'2022-03-31 06:05:56',	'customeraddress');

DROP TABLE IF EXISTS `dtb_customer_favorite_product`;
CREATE TABLE `dtb_customer_favorite_product` (
  `id` int(10) unsigned NOT NULL AUTO_INCREMENT,
  `customer_id` int(10) unsigned DEFAULT NULL,
  `product_id` int(10) unsigned DEFAULT NULL,
  `create_date` datetime NOT NULL COMMENT '(DC2Type:datetimetz)',
  `update_date` datetime NOT NULL COMMENT '(DC2Type:datetimetz)',
  `discriminator_type` varchar(255) NOT NULL,
  PRIMARY KEY (`id`),
  KEY `IDX_ED6313839395C3F3` (`customer_id`),
  KEY `IDX_ED6313834584665A` (`product_id`),
  CONSTRAINT `FK_ED6313834584665A` FOREIGN KEY (`product_id`) REFERENCES `dtb_product` (`id`),
  CONSTRAINT `FK_ED6313839395C3F3` FOREIGN KEY (`customer_id`) REFERENCES `dtb_customer` (`id`)
) ENGINE=InnoDB DEFAULT CHARSET=utf8;

INSERT INTO `dtb_customer_favorite_product` (`id`, `customer_id`, `product_id`, `create_date`, `update_date`, `discriminator_type`) VALUES
(1,	2,	3,	'2021-03-16 07:42:32',	'2021-03-16 07:42:32',	'customerfavoriteproduct'),
(2,	9,	24,	'2021-05-05 07:14:33',	'2021-05-05 07:14:33',	'customerfavoriteproduct'),
(5,	8,	25,	'2022-01-31 05:11:34',	'2022-01-31 05:11:34',	'customerfavoriteproduct'),
(7,	13,	41,	'2022-04-01 05:59:02',	'2022-04-01 05:59:02',	'customerfavoriteproduct');

DROP TABLE IF EXISTS `dtb_delivery`;
CREATE TABLE `dtb_delivery` (
  `id` int(10) unsigned NOT NULL AUTO_INCREMENT,
  `creator_id` int(10) unsigned DEFAULT NULL,
  `sale_type_id` smallint(5) unsigned DEFAULT NULL,
  `shop_id` int(10) unsigned DEFAULT NULL,
  `name` varchar(255) DEFAULT NULL,
  `service_name` varchar(255) DEFAULT NULL,
  `description` varchar(4000) DEFAULT NULL,
  `confirm_url` varchar(4000) DEFAULT NULL,
  `sort_no` int(10) unsigned DEFAULT NULL,
  `visible` tinyint(1) NOT NULL DEFAULT 1,
  `create_date` datetime NOT NULL COMMENT '(DC2Type:datetimetz)',
  `update_date` datetime NOT NULL COMMENT '(DC2Type:datetimetz)',
  `discriminator_type` varchar(255) NOT NULL,
  PRIMARY KEY (`id`),
  KEY `IDX_3420D9FA61220EA6` (`creator_id`),
  KEY `IDX_3420D9FAB0524E01` (`sale_type_id`),
  KEY `IDX_3420D9FA4D16C4DD` (`shop_id`),
  CONSTRAINT `FK_3420D9FA4D16C4DD` FOREIGN KEY (`shop_id`) REFERENCES `cmd_shop` (`id`),
  CONSTRAINT `FK_3420D9FA61220EA6` FOREIGN KEY (`creator_id`) REFERENCES `dtb_member` (`id`),
  CONSTRAINT `FK_3420D9FAB0524E01` FOREIGN KEY (`sale_type_id`) REFERENCES `mtb_sale_type` (`id`)
) ENGINE=InnoDB DEFAULT CHARSET=utf8;

INSERT INTO `dtb_delivery` (`id`, `creator_id`, `sale_type_id`, `shop_id`, `name`, `service_name`, `description`, `confirm_url`, `sort_no`, `visible`, `create_date`, `update_date`, `discriminator_type`) VALUES
(1,	1,	1,	19,	'サンプル業者',	'サンプル業者',	NULL,	NULL,	1,	1,	'2017-03-07 10:14:52',	'2021-04-14 03:39:52',	'delivery'),
(2,	1,	1,	19,	'サンプル宅配',	'サンプル宅配',	NULL,	NULL,	2,	1,	'2017-03-07 10:14:52',	'2021-04-14 09:47:48',	'delivery'),
(3,	6,	1,	22,	'ヤマト運輸',	'宅配便',	'配送先の設定メモ\r\n\r\nここで発送上の注意点を記入するのか。',	NULL,	1,	1,	'2021-02-16 08:09:21',	'2021-02-16 08:09:21',	'delivery'),
(4,	7,	1,	24,	'クロネコヤマト',	'宅配便',	NULL,	NULL,	1,	1,	'2021-02-28 07:57:11',	'2021-02-28 07:57:42',	'delivery'),
(5,	3,	1,	19,	'通常配送',	'通常配送',	NULL,	NULL,	1,	1,	'2021-03-04 08:44:41',	'2021-03-04 08:44:41',	'delivery'),
(6,	7,	1,	24,	'佐川便',	'佐川急便',	NULL,	NULL,	2,	1,	'2021-04-26 07:50:04',	'2021-04-26 07:50:04',	'delivery'),
(7,	NULL,	2,	22,	'通常配送',	'通常配送',	NULL,	NULL,	3,	1,	'2021-05-05 08:24:16',	'2021-05-05 08:24:16',	'delivery'),
(8,	NULL,	2,	24,	'通常配送',	'通常配送',	NULL,	NULL,	4,	1,	'2021-05-05 08:24:16',	'2021-05-05 08:24:16',	'delivery'),
(9,	NULL,	1,	16,	'通常配送',	'通常配送',	NULL,	NULL,	5,	1,	'2021-05-05 08:24:16',	'2021-05-05 08:24:16',	'delivery'),
(10,	NULL,	2,	16,	'通常配送',	'通常配送',	NULL,	NULL,	6,	1,	'2021-05-05 08:24:16',	'2021-05-05 08:24:16',	'delivery'),
(11,	NULL,	2,	19,	'通常配送',	'通常配送',	NULL,	NULL,	7,	1,	'2021-05-05 08:24:16',	'2021-05-05 08:24:16',	'delivery'),
(12,	NULL,	1,	20,	'通常配送',	'通常配送',	NULL,	NULL,	8,	1,	'2021-05-05 08:24:16',	'2021-05-05 08:24:16',	'delivery'),
(13,	NULL,	2,	20,	'通常配送',	'通常配送',	NULL,	NULL,	9,	1,	'2021-05-05 08:24:16',	'2021-05-05 08:24:16',	'delivery'),
(14,	NULL,	1,	21,	'通常配送',	'通常配送',	NULL,	NULL,	10,	1,	'2021-05-05 08:24:16',	'2021-05-05 08:24:16',	'delivery'),
(15,	NULL,	2,	21,	'通常配送',	'通常配送',	NULL,	NULL,	11,	1,	'2021-05-05 08:24:16',	'2021-05-05 08:24:16',	'delivery'),
(16,	NULL,	1,	23,	'通常配送',	'通常配送',	NULL,	NULL,	12,	1,	'2021-05-05 08:24:16',	'2021-05-05 08:24:16',	'delivery'),
(17,	NULL,	2,	23,	'通常配送',	'通常配送',	NULL,	NULL,	13,	1,	'2021-05-05 08:24:16',	'2021-05-05 08:24:16',	'delivery'),
(18,	NULL,	1,	25,	'通常配送',	'通常配送',	NULL,	NULL,	14,	1,	'2021-05-05 08:24:16',	'2021-05-05 08:24:16',	'delivery'),
(19,	NULL,	2,	25,	'通常配送',	'通常配送',	NULL,	NULL,	15,	1,	'2021-05-05 08:24:16',	'2021-05-05 08:24:16',	'delivery'),
(20,	NULL,	1,	35,	'通常配送',	'通常配送',	NULL,	NULL,	16,	1,	'2021-05-05 08:24:16',	'2021-05-05 08:24:16',	'delivery'),
(21,	1,	2,	35,	'通常配送',	'通常配送',	NULL,	NULL,	17,	1,	'2021-05-05 08:24:16',	'2022-03-30 05:48:13',	'delivery'),
(22,	15,	1,	36,	'通常配送',	'通常配送',	NULL,	NULL,	18,	1,	'2021-05-20 00:13:55',	'2021-05-20 00:13:55',	'delivery'),
(23,	15,	2,	36,	'通常配送',	'通常配送',	NULL,	NULL,	19,	1,	'2021-05-20 00:13:55',	'2021-05-20 00:13:55',	'delivery'),
(24,	17,	1,	37,	'通常配送',	'通常配送',	NULL,	NULL,	20,	1,	'2021-05-25 02:20:53',	'2021-05-25 02:20:53',	'delivery'),
(25,	17,	2,	37,	'通常配送',	'通常配送',	NULL,	NULL,	21,	1,	'2021-05-25 02:20:53',	'2021-05-25 02:20:53',	'delivery'),
(26,	18,	1,	38,	'通常配送',	'通常配送',	NULL,	NULL,	22,	1,	'2021-05-25 07:39:51',	'2021-05-25 07:39:51',	'delivery'),
(27,	18,	2,	38,	'通常配送',	'通常配送',	NULL,	NULL,	23,	1,	'2021-05-25 07:39:51',	'2021-05-25 07:39:51',	'delivery'),
(28,	19,	1,	39,	'通常配送',	'通常配送',	NULL,	NULL,	24,	1,	'2021-05-26 00:40:04',	'2021-05-26 00:40:04',	'delivery'),
(29,	19,	2,	39,	'通常配送',	'通常配送',	NULL,	NULL,	25,	1,	'2021-05-26 00:40:04',	'2021-05-26 00:40:04',	'delivery'),
(30,	7,	1,	24,	'日本通運',	'日通',	NULL,	NULL,	5,	1,	'2021-06-01 06:19:27',	'2021-06-01 06:19:27',	'delivery'),
(31,	20,	2,	40,	'通常配送2',	'通常配送2',	NULL,	NULL,	26,	1,	'2021-12-13 07:07:22',	'2021-12-14 06:00:23',	'delivery'),
(32,	20,	1,	40,	'通常配送',	'通常配送',	'ゆうパックの値段　１００サイズ料金',	NULL,	27,	1,	'2021-12-13 07:07:22',	'2021-12-13 08:29:59',	'delivery'),
(33,	22,	1,	41,	'通常配送',	'通常配送',	NULL,	NULL,	28,	1,	'2022-03-07 05:48:24',	'2022-03-07 05:48:24',	'delivery'),
(34,	22,	2,	41,	'通常配送',	'通常配送',	NULL,	NULL,	29,	1,	'2022-03-07 05:48:24',	'2022-03-07 05:48:24',	'delivery'),
(35,	23,	1,	42,	'通常配送',	'通常配送',	'ショップ用メモ欄はどこに表示される',	'https://www.kuronekoyamato.co.jp/',	30,	1,	'2022-03-08 03:17:25',	'2023-05-17 04:45:38',	'delivery'),
(36,	23,	2,	42,	'通常配送',	'通常配送',	NULL,	NULL,	31,	0,	'2022-03-08 03:17:25',	'2023-05-17 04:41:41',	'delivery'),
(37,	25,	1,	44,	'通常配送',	'通常配送',	NULL,	NULL,	32,	1,	'2022-03-30 07:06:23',	'2022-03-30 07:06:23',	'delivery'),
(38,	25,	2,	44,	'通常配送',	'通常配送',	NULL,	NULL,	33,	1,	'2022-03-30 07:06:23',	'2022-03-30 07:06:23',	'delivery'),
(39,	1,	1,	19,	'テスト',	'テスト',	NULL,	'https://.com',	8,	0,	'2022-03-30 07:47:03',	'2022-03-30 08:09:40',	'delivery'),
(40,	24,	1,	43,	'テスト',	'テスト',	NULL,	'https://.com',	1,	1,	'2022-03-31 06:02:41',	'2022-03-31 06:02:41',	'delivery'),
(41,	39,	1,	45,	'通常配送',	'通常配送',	NULL,	NULL,	34,	1,	'2022-04-01 07:48:39',	'2022-04-01 07:48:39',	'delivery'),
(42,	39,	2,	45,	'通常配送',	'通常配送',	NULL,	NULL,	35,	1,	'2022-04-01 07:48:39',	'2022-04-01 07:48:39',	'delivery'),
(43,	41,	1,	46,	'通常配送',	'通常配送',	NULL,	NULL,	36,	1,	'2022-04-05 07:03:28',	'2022-04-05 07:03:28',	'delivery'),
(44,	41,	2,	46,	'通常配送',	'通常配送',	NULL,	NULL,	37,	1,	'2022-04-05 07:03:28',	'2022-04-05 07:03:28',	'delivery'),
(45,	42,	1,	47,	'通常配送',	'通常配送',	NULL,	NULL,	38,	1,	'2022-05-12 05:25:42',	'2022-05-12 05:25:42',	'delivery'),
(46,	42,	2,	47,	'通常配送',	'通常配送',	NULL,	NULL,	39,	1,	'2022-05-12 05:25:42',	'2022-05-12 05:25:42',	'delivery'),
(47,	45,	1,	48,	'通常配送',	'通常配送',	NULL,	NULL,	40,	1,	'2023-06-27 13:46:26',	'2023-06-27 13:46:26',	'delivery'),
(48,	45,	2,	48,	'通常配送',	'通常配送',	NULL,	NULL,	41,	1,	'2023-06-27 13:46:26',	'2023-06-27 13:46:26',	'delivery'),
(49,	46,	1,	49,	'通常配送',	'通常配送',	NULL,	NULL,	42,	1,	'2023-07-04 05:33:37',	'2023-07-04 05:33:37',	'delivery'),
(50,	46,	2,	49,	'通常配送',	'通常配送',	NULL,	NULL,	43,	1,	'2023-07-04 05:33:37',	'2023-07-04 05:33:37',	'delivery');

DROP TABLE IF EXISTS `dtb_delivery_duration`;
CREATE TABLE `dtb_delivery_duration` (
  `id` int(10) unsigned NOT NULL AUTO_INCREMENT,
  `name` varchar(255) DEFAULT NULL,
  `duration` smallint(6) NOT NULL DEFAULT 0,
  `sort_no` int(10) unsigned NOT NULL,
  `discriminator_type` varchar(255) NOT NULL,
  PRIMARY KEY (`id`)
) ENGINE=InnoDB DEFAULT CHARSET=utf8;

INSERT INTO `dtb_delivery_duration` (`id`, `name`, `duration`, `sort_no`, `discriminator_type`) VALUES
(1,	'即日',	0,	0,	'deliveryduration'),
(2,	'1～2日後',	1,	1,	'deliveryduration'),
(3,	'3～4日後',	3,	2,	'deliveryduration'),
(4,	'1週間以降',	7,	3,	'deliveryduration'),
(5,	'2週間以降',	14,	4,	'deliveryduration'),
(6,	'3週間以降',	21,	5,	'deliveryduration'),
(7,	'1ヶ月以降',	30,	6,	'deliveryduration'),
(8,	'2ヶ月以降',	60,	7,	'deliveryduration'),
(9,	'お取り寄せ(商品入荷後)',	-1,	8,	'deliveryduration');

DROP TABLE IF EXISTS `dtb_delivery_fee`;
CREATE TABLE `dtb_delivery_fee` (
  `id` int(10) unsigned NOT NULL AUTO_INCREMENT,
  `delivery_id` int(10) unsigned DEFAULT NULL,
  `pref_id` smallint(5) unsigned DEFAULT NULL,
  `fee` decimal(12,2) unsigned NOT NULL,
  `discriminator_type` varchar(255) NOT NULL,
  PRIMARY KEY (`id`),
  KEY `IDX_491552412136921` (`delivery_id`),
  KEY `IDX_4915524E171EF5F` (`pref_id`),
  CONSTRAINT `FK_491552412136921` FOREIGN KEY (`delivery_id`) REFERENCES `dtb_delivery` (`id`),
  CONSTRAINT `FK_4915524E171EF5F` FOREIGN KEY (`pref_id`) REFERENCES `mtb_pref` (`id`)
) ENGINE=InnoDB DEFAULT CHARSET=utf8;

INSERT INTO `dtb_delivery_fee` (`id`, `delivery_id`, `pref_id`, `fee`, `discriminator_type`) VALUES
(1,	1,	1,	1000.00,	'deliveryfee'),
(2,	1,	2,	1000.00,	'deliveryfee'),
(3,	1,	3,	1000.00,	'deliveryfee'),
(4,	1,	4,	1000.00,	'deliveryfee'),
(5,	1,	5,	1000.00,	'deliveryfee'),
(6,	1,	6,	1000.00,	'deliveryfee'),
(7,	1,	7,	1000.00,	'deliveryfee'),
(8,	1,	8,	1000.00,	'deliveryfee'),
(9,	1,	9,	1000.00,	'deliveryfee'),
(10,	1,	10,	1000.00,	'deliveryfee'),
(11,	1,	11,	1000.00,	'deliveryfee'),
(12,	1,	12,	1000.00,	'deliveryfee'),
(13,	1,	13,	1000.00,	'deliveryfee'),
(14,	1,	14,	1000.00,	'deliveryfee'),
(15,	1,	15,	1000.00,	'deliveryfee'),
(16,	1,	16,	1000.00,	'deliveryfee'),
(17,	1,	17,	1000.00,	'deliveryfee'),
(18,	1,	18,	1000.00,	'deliveryfee'),
(19,	1,	19,	1000.00,	'deliveryfee'),
(20,	1,	20,	1000.00,	'deliveryfee'),
(21,	1,	21,	1000.00,	'deliveryfee'),
(22,	1,	22,	1000.00,	'deliveryfee'),
(23,	1,	23,	1000.00,	'deliveryfee'),
(24,	1,	24,	1000.00,	'deliveryfee'),
(25,	1,	25,	1000.00,	'deliveryfee'),
(26,	1,	26,	1000.00,	'deliveryfee'),
(27,	1,	27,	1000.00,	'deliveryfee'),
(28,	1,	28,	1000.00,	'deliveryfee'),
(29,	1,	29,	1000.00,	'deliveryfee'),
(30,	1,	30,	1000.00,	'deliveryfee'),
(31,	1,	31,	1000.00,	'deliveryfee'),
(32,	1,	32,	1000.00,	'deliveryfee'),
(33,	1,	33,	1000.00,	'deliveryfee'),
(34,	1,	34,	1000.00,	'deliveryfee'),
(35,	1,	35,	1000.00,	'deliveryfee'),
(36,	1,	36,	1000.00,	'deliveryfee'),
(37,	1,	37,	1000.00,	'deliveryfee'),
(38,	1,	38,	1000.00,	'deliveryfee'),
(39,	1,	39,	1000.00,	'deliveryfee'),
(40,	1,	40,	1000.00,	'deliveryfee'),
(41,	1,	41,	1000.00,	'deliveryfee'),
(42,	1,	42,	1000.00,	'deliveryfee'),
(43,	1,	43,	1000.00,	'deliveryfee'),
(44,	1,	44,	1000.00,	'deliveryfee'),
(45,	1,	45,	1000.00,	'deliveryfee'),
(46,	1,	46,	1000.00,	'deliveryfee'),
(47,	1,	47,	1000.00,	'deliveryfee'),
(48,	2,	1,	0.00,	'deliveryfee'),
(49,	2,	2,	0.00,	'deliveryfee'),
(50,	2,	3,	0.00,	'deliveryfee'),
(51,	2,	4,	0.00,	'deliveryfee'),
(52,	2,	5,	0.00,	'deliveryfee'),
(53,	2,	6,	0.00,	'deliveryfee'),
(54,	2,	7,	0.00,	'deliveryfee'),
(55,	2,	8,	0.00,	'deliveryfee'),
(56,	2,	9,	0.00,	'deliveryfee'),
(57,	2,	10,	0.00,	'deliveryfee'),
(58,	2,	11,	0.00,	'deliveryfee'),
(59,	2,	12,	0.00,	'deliveryfee'),
(60,	2,	13,	0.00,	'deliveryfee'),
(61,	2,	14,	0.00,	'deliveryfee'),
(62,	2,	15,	0.00,	'deliveryfee'),
(63,	2,	16,	0.00,	'deliveryfee'),
(64,	2,	17,	0.00,	'deliveryfee'),
(65,	2,	18,	0.00,	'deliveryfee'),
(66,	2,	19,	0.00,	'deliveryfee'),
(67,	2,	20,	0.00,	'deliveryfee'),
(68,	2,	21,	0.00,	'deliveryfee'),
(69,	2,	22,	0.00,	'deliveryfee'),
(70,	2,	23,	0.00,	'deliveryfee'),
(71,	2,	24,	0.00,	'deliveryfee'),
(72,	2,	25,	0.00,	'deliveryfee'),
(73,	2,	26,	0.00,	'deliveryfee'),
(74,	2,	27,	0.00,	'deliveryfee'),
(75,	2,	28,	0.00,	'deliveryfee'),
(76,	2,	29,	0.00,	'deliveryfee'),
(77,	2,	30,	0.00,	'deliveryfee'),
(78,	2,	31,	0.00,	'deliveryfee'),
(79,	2,	32,	0.00,	'deliveryfee'),
(80,	2,	33,	0.00,	'deliveryfee'),
(81,	2,	34,	0.00,	'deliveryfee'),
(82,	2,	35,	0.00,	'deliveryfee'),
(83,	2,	36,	0.00,	'deliveryfee'),
(84,	2,	37,	0.00,	'deliveryfee'),
(85,	2,	38,	0.00,	'deliveryfee'),
(86,	2,	39,	0.00,	'deliveryfee'),
(87,	2,	40,	0.00,	'deliveryfee'),
(88,	2,	41,	0.00,	'deliveryfee'),
(89,	2,	42,	0.00,	'deliveryfee'),
(90,	2,	43,	0.00,	'deliveryfee'),
(91,	2,	44,	0.00,	'deliveryfee'),
(92,	2,	45,	0.00,	'deliveryfee'),
(93,	2,	46,	0.00,	'deliveryfee'),
(94,	2,	47,	0.00,	'deliveryfee'),
(95,	3,	1,	720.00,	'deliveryfee'),
(96,	3,	2,	720.00,	'deliveryfee'),
(97,	3,	3,	720.00,	'deliveryfee'),
(98,	3,	4,	720.00,	'deliveryfee'),
(99,	3,	5,	720.00,	'deliveryfee'),
(100,	3,	6,	720.00,	'deliveryfee'),
(101,	3,	7,	720.00,	'deliveryfee'),
(102,	3,	8,	720.00,	'deliveryfee'),
(103,	3,	9,	720.00,	'deliveryfee'),
(104,	3,	10,	720.00,	'deliveryfee'),
(105,	3,	11,	720.00,	'deliveryfee'),
(106,	3,	12,	720.00,	'deliveryfee'),
(107,	3,	13,	720.00,	'deliveryfee'),
(108,	3,	14,	720.00,	'deliveryfee'),
(109,	3,	15,	720.00,	'deliveryfee'),
(110,	3,	16,	720.00,	'deliveryfee'),
(111,	3,	17,	720.00,	'deliveryfee'),
(112,	3,	18,	720.00,	'deliveryfee'),
(113,	3,	19,	720.00,	'deliveryfee'),
(114,	3,	20,	720.00,	'deliveryfee'),
(115,	3,	21,	720.00,	'deliveryfee'),
(116,	3,	22,	720.00,	'deliveryfee'),
(117,	3,	23,	720.00,	'deliveryfee'),
(118,	3,	24,	720.00,	'deliveryfee'),
(119,	3,	25,	720.00,	'deliveryfee'),
(120,	3,	26,	720.00,	'deliveryfee'),
(121,	3,	27,	720.00,	'deliveryfee'),
(122,	3,	28,	720.00,	'deliveryfee'),
(123,	3,	29,	720.00,	'deliveryfee'),
(124,	3,	30,	720.00,	'deliveryfee'),
(125,	3,	31,	720.00,	'deliveryfee'),
(126,	3,	32,	720.00,	'deliveryfee'),
(127,	3,	33,	720.00,	'deliveryfee'),
(128,	3,	34,	720.00,	'deliveryfee'),
(129,	3,	35,	720.00,	'deliveryfee'),
(130,	3,	36,	720.00,	'deliveryfee'),
(131,	3,	37,	720.00,	'deliveryfee'),
(132,	3,	38,	720.00,	'deliveryfee'),
(133,	3,	39,	720.00,	'deliveryfee'),
(134,	3,	40,	720.00,	'deliveryfee'),
(135,	3,	41,	720.00,	'deliveryfee'),
(136,	3,	42,	720.00,	'deliveryfee'),
(137,	3,	43,	720.00,	'deliveryfee'),
(138,	3,	44,	720.00,	'deliveryfee'),
(139,	3,	45,	720.00,	'deliveryfee'),
(140,	3,	46,	720.00,	'deliveryfee'),
(141,	3,	47,	720.00,	'deliveryfee'),
(142,	4,	1,	1360.00,	'deliveryfee'),
(143,	4,	2,	900.00,	'deliveryfee'),
(144,	4,	3,	900.00,	'deliveryfee'),
(145,	4,	4,	900.00,	'deliveryfee'),
(146,	4,	5,	900.00,	'deliveryfee'),
(147,	4,	6,	900.00,	'deliveryfee'),
(148,	4,	7,	840.00,	'deliveryfee'),
(149,	4,	8,	900.00,	'deliveryfee'),
(150,	4,	9,	900.00,	'deliveryfee'),
(151,	4,	10,	900.00,	'deliveryfee'),
(152,	4,	11,	900.00,	'deliveryfee'),
(153,	4,	12,	900.00,	'deliveryfee'),
(154,	4,	13,	900.00,	'deliveryfee'),
(155,	4,	14,	840.00,	'deliveryfee'),
(156,	4,	15,	840.00,	'deliveryfee'),
(157,	4,	16,	840.00,	'deliveryfee'),
(158,	4,	17,	840.00,	'deliveryfee'),
(159,	4,	18,	840.00,	'deliveryfee'),
(160,	4,	19,	840.00,	'deliveryfee'),
(161,	4,	20,	840.00,	'deliveryfee'),
(162,	4,	21,	840.00,	'deliveryfee'),
(163,	4,	22,	840.00,	'deliveryfee'),
(164,	4,	23,	840.00,	'deliveryfee'),
(165,	4,	24,	840.00,	'deliveryfee'),
(166,	4,	25,	840.00,	'deliveryfee'),
(167,	4,	26,	840.00,	'deliveryfee'),
(168,	4,	27,	840.00,	'deliveryfee'),
(169,	4,	28,	840.00,	'deliveryfee'),
(170,	4,	29,	840.00,	'deliveryfee'),
(171,	4,	30,	840.00,	'deliveryfee'),
(172,	4,	31,	840.00,	'deliveryfee'),
(173,	4,	32,	840.00,	'deliveryfee'),
(174,	4,	33,	840.00,	'deliveryfee'),
(175,	4,	34,	840.00,	'deliveryfee'),
(176,	4,	35,	840.00,	'deliveryfee'),
(177,	4,	36,	840.00,	'deliveryfee'),
(178,	4,	37,	840.00,	'deliveryfee'),
(179,	4,	38,	840.00,	'deliveryfee'),
(180,	4,	39,	840.00,	'deliveryfee'),
(181,	4,	40,	840.00,	'deliveryfee'),
(182,	4,	41,	840.00,	'deliveryfee'),
(183,	4,	42,	840.00,	'deliveryfee'),
(184,	4,	43,	840.00,	'deliveryfee'),
(185,	4,	44,	840.00,	'deliveryfee'),
(186,	4,	45,	840.00,	'deliveryfee'),
(187,	4,	46,	840.00,	'deliveryfee'),
(188,	4,	47,	840.00,	'deliveryfee'),
(189,	5,	1,	300.00,	'deliveryfee'),
(190,	5,	2,	300.00,	'deliveryfee'),
(191,	5,	3,	300.00,	'deliveryfee'),
(192,	5,	4,	300.00,	'deliveryfee'),
(193,	5,	5,	300.00,	'deliveryfee'),
(194,	5,	6,	300.00,	'deliveryfee'),
(195,	5,	7,	300.00,	'deliveryfee'),
(196,	5,	8,	300.00,	'deliveryfee'),
(197,	5,	9,	300.00,	'deliveryfee'),
(198,	5,	10,	300.00,	'deliveryfee'),
(199,	5,	11,	300.00,	'deliveryfee'),
(200,	5,	12,	300.00,	'deliveryfee'),
(201,	5,	13,	300.00,	'deliveryfee'),
(202,	5,	14,	300.00,	'deliveryfee'),
(203,	5,	15,	300.00,	'deliveryfee'),
(204,	5,	16,	300.00,	'deliveryfee'),
(205,	5,	17,	300.00,	'deliveryfee'),
(206,	5,	18,	300.00,	'deliveryfee'),
(207,	5,	19,	300.00,	'deliveryfee'),
(208,	5,	20,	300.00,	'deliveryfee'),
(209,	5,	21,	300.00,	'deliveryfee'),
(210,	5,	22,	300.00,	'deliveryfee'),
(211,	5,	23,	300.00,	'deliveryfee'),
(212,	5,	24,	300.00,	'deliveryfee'),
(213,	5,	25,	300.00,	'deliveryfee'),
(214,	5,	26,	300.00,	'deliveryfee'),
(215,	5,	27,	300.00,	'deliveryfee'),
(216,	5,	28,	300.00,	'deliveryfee'),
(217,	5,	29,	300.00,	'deliveryfee'),
(218,	5,	30,	300.00,	'deliveryfee'),
(219,	5,	31,	300.00,	'deliveryfee'),
(220,	5,	32,	300.00,	'deliveryfee'),
(221,	5,	33,	300.00,	'deliveryfee'),
(222,	5,	34,	300.00,	'deliveryfee'),
(223,	5,	35,	300.00,	'deliveryfee'),
(224,	5,	36,	300.00,	'deliveryfee'),
(225,	5,	37,	300.00,	'deliveryfee'),
(226,	5,	38,	300.00,	'deliveryfee'),
(227,	5,	39,	300.00,	'deliveryfee'),
(228,	5,	40,	300.00,	'deliveryfee'),
(229,	5,	41,	300.00,	'deliveryfee'),
(230,	5,	42,	300.00,	'deliveryfee'),
(231,	5,	43,	300.00,	'deliveryfee'),
(232,	5,	44,	300.00,	'deliveryfee'),
(233,	5,	45,	300.00,	'deliveryfee'),
(234,	5,	46,	300.00,	'deliveryfee'),
(235,	5,	47,	300.00,	'deliveryfee'),
(236,	6,	1,	930.00,	'deliveryfee'),
(237,	6,	2,	930.00,	'deliveryfee'),
(238,	6,	3,	930.00,	'deliveryfee'),
(239,	6,	4,	930.00,	'deliveryfee'),
(240,	6,	5,	930.00,	'deliveryfee'),
(241,	6,	6,	930.00,	'deliveryfee'),
(242,	6,	7,	930.00,	'deliveryfee'),
(243,	6,	8,	930.00,	'deliveryfee'),
(244,	6,	9,	930.00,	'deliveryfee'),
(245,	6,	10,	930.00,	'deliveryfee'),
(246,	6,	11,	930.00,	'deliveryfee'),
(247,	6,	12,	930.00,	'deliveryfee'),
(248,	6,	13,	930.00,	'deliveryfee'),
(249,	6,	14,	930.00,	'deliveryfee'),
(250,	6,	15,	930.00,	'deliveryfee'),
(251,	6,	16,	930.00,	'deliveryfee'),
(252,	6,	17,	930.00,	'deliveryfee'),
(253,	6,	18,	930.00,	'deliveryfee'),
(254,	6,	19,	930.00,	'deliveryfee'),
(255,	6,	20,	930.00,	'deliveryfee'),
(256,	6,	21,	930.00,	'deliveryfee'),
(257,	6,	22,	930.00,	'deliveryfee'),
(258,	6,	23,	930.00,	'deliveryfee'),
(259,	6,	24,	930.00,	'deliveryfee'),
(260,	6,	25,	930.00,	'deliveryfee'),
(261,	6,	26,	930.00,	'deliveryfee'),
(262,	6,	27,	930.00,	'deliveryfee'),
(263,	6,	28,	930.00,	'deliveryfee'),
(264,	6,	29,	930.00,	'deliveryfee'),
(265,	6,	30,	930.00,	'deliveryfee'),
(266,	6,	31,	930.00,	'deliveryfee'),
(267,	6,	32,	930.00,	'deliveryfee'),
(268,	6,	33,	930.00,	'deliveryfee'),
(269,	6,	34,	930.00,	'deliveryfee'),
(270,	6,	35,	930.00,	'deliveryfee'),
(271,	6,	36,	930.00,	'deliveryfee'),
(272,	6,	37,	930.00,	'deliveryfee'),
(273,	6,	38,	930.00,	'deliveryfee'),
(274,	6,	39,	930.00,	'deliveryfee'),
(275,	6,	40,	930.00,	'deliveryfee'),
(276,	6,	41,	930.00,	'deliveryfee'),
(277,	6,	42,	930.00,	'deliveryfee'),
(278,	6,	43,	930.00,	'deliveryfee'),
(279,	6,	44,	930.00,	'deliveryfee'),
(280,	6,	45,	930.00,	'deliveryfee'),
(281,	6,	46,	930.00,	'deliveryfee'),
(282,	6,	47,	930.00,	'deliveryfee'),
(283,	7,	1,	0.00,	'deliveryfee'),
(284,	7,	2,	0.00,	'deliveryfee'),
(285,	7,	3,	0.00,	'deliveryfee'),
(286,	7,	4,	0.00,	'deliveryfee'),
(287,	7,	5,	0.00,	'deliveryfee'),
(288,	7,	6,	0.00,	'deliveryfee'),
(289,	7,	7,	0.00,	'deliveryfee'),
(290,	7,	8,	0.00,	'deliveryfee'),
(291,	7,	9,	0.00,	'deliveryfee'),
(292,	7,	10,	0.00,	'deliveryfee'),
(293,	7,	11,	0.00,	'deliveryfee'),
(294,	7,	12,	0.00,	'deliveryfee'),
(295,	7,	13,	0.00,	'deliveryfee'),
(296,	7,	14,	0.00,	'deliveryfee'),
(297,	7,	15,	0.00,	'deliveryfee'),
(298,	7,	16,	0.00,	'deliveryfee'),
(299,	7,	17,	0.00,	'deliveryfee'),
(300,	7,	18,	0.00,	'deliveryfee'),
(301,	7,	19,	0.00,	'deliveryfee'),
(302,	7,	20,	0.00,	'deliveryfee'),
(303,	7,	21,	0.00,	'deliveryfee'),
(304,	7,	22,	0.00,	'deliveryfee'),
(305,	7,	23,	0.00,	'deliveryfee'),
(306,	7,	24,	0.00,	'deliveryfee'),
(307,	7,	25,	0.00,	'deliveryfee'),
(308,	7,	26,	0.00,	'deliveryfee'),
(309,	7,	27,	0.00,	'deliveryfee'),
(310,	7,	28,	0.00,	'deliveryfee'),
(311,	7,	29,	0.00,	'deliveryfee'),
(312,	7,	30,	0.00,	'deliveryfee'),
(313,	7,	31,	0.00,	'deliveryfee'),
(314,	7,	32,	0.00,	'deliveryfee'),
(315,	7,	33,	0.00,	'deliveryfee'),
(316,	7,	34,	0.00,	'deliveryfee'),
(317,	7,	35,	0.00,	'deliveryfee'),
(318,	7,	36,	0.00,	'deliveryfee'),
(319,	7,	37,	0.00,	'deliveryfee'),
(320,	7,	38,	0.00,	'deliveryfee'),
(321,	7,	39,	0.00,	'deliveryfee'),
(322,	7,	40,	0.00,	'deliveryfee'),
(323,	7,	41,	0.00,	'deliveryfee'),
(324,	7,	42,	0.00,	'deliveryfee'),
(325,	7,	43,	0.00,	'deliveryfee'),
(326,	7,	44,	0.00,	'deliveryfee'),
(327,	7,	45,	0.00,	'deliveryfee'),
(328,	7,	46,	0.00,	'deliveryfee'),
(329,	7,	47,	0.00,	'deliveryfee'),
(330,	8,	1,	0.00,	'deliveryfee'),
(331,	8,	2,	0.00,	'deliveryfee'),
(332,	8,	3,	0.00,	'deliveryfee'),
(333,	8,	4,	0.00,	'deliveryfee'),
(334,	8,	5,	0.00,	'deliveryfee'),
(335,	8,	6,	0.00,	'deliveryfee'),
(336,	8,	7,	0.00,	'deliveryfee'),
(337,	8,	8,	0.00,	'deliveryfee'),
(338,	8,	9,	0.00,	'deliveryfee'),
(339,	8,	10,	0.00,	'deliveryfee'),
(340,	8,	11,	0.00,	'deliveryfee'),
(341,	8,	12,	0.00,	'deliveryfee'),
(342,	8,	13,	0.00,	'deliveryfee'),
(343,	8,	14,	0.00,	'deliveryfee'),
(344,	8,	15,	0.00,	'deliveryfee'),
(345,	8,	16,	0.00,	'deliveryfee'),
(346,	8,	17,	0.00,	'deliveryfee'),
(347,	8,	18,	0.00,	'deliveryfee'),
(348,	8,	19,	0.00,	'deliveryfee'),
(349,	8,	20,	0.00,	'deliveryfee'),
(350,	8,	21,	0.00,	'deliveryfee'),
(351,	8,	22,	0.00,	'deliveryfee'),
(352,	8,	23,	0.00,	'deliveryfee'),
(353,	8,	24,	0.00,	'deliveryfee'),
(354,	8,	25,	0.00,	'deliveryfee'),
(355,	8,	26,	0.00,	'deliveryfee'),
(356,	8,	27,	0.00,	'deliveryfee'),
(357,	8,	28,	0.00,	'deliveryfee'),
(358,	8,	29,	0.00,	'deliveryfee'),
(359,	8,	30,	0.00,	'deliveryfee'),
(360,	8,	31,	0.00,	'deliveryfee'),
(361,	8,	32,	0.00,	'deliveryfee'),
(362,	8,	33,	0.00,	'deliveryfee'),
(363,	8,	34,	0.00,	'deliveryfee'),
(364,	8,	35,	0.00,	'deliveryfee'),
(365,	8,	36,	0.00,	'deliveryfee'),
(366,	8,	37,	0.00,	'deliveryfee'),
(367,	8,	38,	0.00,	'deliveryfee'),
(368,	8,	39,	0.00,	'deliveryfee'),
(369,	8,	40,	0.00,	'deliveryfee'),
(370,	8,	41,	0.00,	'deliveryfee'),
(371,	8,	42,	0.00,	'deliveryfee'),
(372,	8,	43,	0.00,	'deliveryfee'),
(373,	8,	44,	0.00,	'deliveryfee'),
(374,	8,	45,	0.00,	'deliveryfee'),
(375,	8,	46,	0.00,	'deliveryfee'),
(376,	8,	47,	0.00,	'deliveryfee'),
(377,	9,	1,	0.00,	'deliveryfee'),
(378,	9,	2,	0.00,	'deliveryfee'),
(379,	9,	3,	0.00,	'deliveryfee'),
(380,	9,	4,	0.00,	'deliveryfee'),
(381,	9,	5,	0.00,	'deliveryfee'),
(382,	9,	6,	0.00,	'deliveryfee'),
(383,	9,	7,	0.00,	'deliveryfee'),
(384,	9,	8,	0.00,	'deliveryfee'),
(385,	9,	9,	0.00,	'deliveryfee'),
(386,	9,	10,	0.00,	'deliveryfee'),
(387,	9,	11,	0.00,	'deliveryfee'),
(388,	9,	12,	0.00,	'deliveryfee'),
(389,	9,	13,	0.00,	'deliveryfee'),
(390,	9,	14,	0.00,	'deliveryfee'),
(391,	9,	15,	0.00,	'deliveryfee'),
(392,	9,	16,	0.00,	'deliveryfee'),
(393,	9,	17,	0.00,	'deliveryfee'),
(394,	9,	18,	0.00,	'deliveryfee'),
(395,	9,	19,	0.00,	'deliveryfee'),
(396,	9,	20,	0.00,	'deliveryfee'),
(397,	9,	21,	0.00,	'deliveryfee'),
(398,	9,	22,	0.00,	'deliveryfee'),
(399,	9,	23,	0.00,	'deliveryfee'),
(400,	9,	24,	0.00,	'deliveryfee'),
(401,	9,	25,	0.00,	'deliveryfee'),
(402,	9,	26,	0.00,	'deliveryfee'),
(403,	9,	27,	0.00,	'deliveryfee'),
(404,	9,	28,	0.00,	'deliveryfee'),
(405,	9,	29,	0.00,	'deliveryfee'),
(406,	9,	30,	0.00,	'deliveryfee'),
(407,	9,	31,	0.00,	'deliveryfee'),
(408,	9,	32,	0.00,	'deliveryfee'),
(409,	9,	33,	0.00,	'deliveryfee'),
(410,	9,	34,	0.00,	'deliveryfee'),
(411,	9,	35,	0.00,	'deliveryfee'),
(412,	9,	36,	0.00,	'deliveryfee'),
(413,	9,	37,	0.00,	'deliveryfee'),
(414,	9,	38,	0.00,	'deliveryfee'),
(415,	9,	39,	0.00,	'deliveryfee'),
(416,	9,	40,	0.00,	'deliveryfee'),
(417,	9,	41,	0.00,	'deliveryfee'),
(418,	9,	42,	0.00,	'deliveryfee'),
(419,	9,	43,	0.00,	'deliveryfee'),
(420,	9,	44,	0.00,	'deliveryfee'),
(421,	9,	45,	0.00,	'deliveryfee'),
(422,	9,	46,	0.00,	'deliveryfee'),
(423,	9,	47,	0.00,	'deliveryfee'),
(424,	10,	1,	0.00,	'deliveryfee'),
(425,	10,	2,	0.00,	'deliveryfee'),
(426,	10,	3,	0.00,	'deliveryfee'),
(427,	10,	4,	0.00,	'deliveryfee'),
(428,	10,	5,	0.00,	'deliveryfee'),
(429,	10,	6,	0.00,	'deliveryfee'),
(430,	10,	7,	0.00,	'deliveryfee'),
(431,	10,	8,	0.00,	'deliveryfee'),
(432,	10,	9,	0.00,	'deliveryfee'),
(433,	10,	10,	0.00,	'deliveryfee'),
(434,	10,	11,	0.00,	'deliveryfee'),
(435,	10,	12,	0.00,	'deliveryfee'),
(436,	10,	13,	0.00,	'deliveryfee'),
(437,	10,	14,	0.00,	'deliveryfee'),
(438,	10,	15,	0.00,	'deliveryfee'),
(439,	10,	16,	0.00,	'deliveryfee'),
(440,	10,	17,	0.00,	'deliveryfee'),
(441,	10,	18,	0.00,	'deliveryfee'),
(442,	10,	19,	0.00,	'deliveryfee'),
(443,	10,	20,	0.00,	'deliveryfee'),
(444,	10,	21,	0.00,	'deliveryfee'),
(445,	10,	22,	0.00,	'deliveryfee'),
(446,	10,	23,	0.00,	'deliveryfee'),
(447,	10,	24,	0.00,	'deliveryfee'),
(448,	10,	25,	0.00,	'deliveryfee'),
(449,	10,	26,	0.00,	'deliveryfee'),
(450,	10,	27,	0.00,	'deliveryfee'),
(451,	10,	28,	0.00,	'deliveryfee'),
(452,	10,	29,	0.00,	'deliveryfee'),
(453,	10,	30,	0.00,	'deliveryfee'),
(454,	10,	31,	0.00,	'deliveryfee'),
(455,	10,	32,	0.00,	'deliveryfee'),
(456,	10,	33,	0.00,	'deliveryfee'),
(457,	10,	34,	0.00,	'deliveryfee'),
(458,	10,	35,	0.00,	'deliveryfee'),
(459,	10,	36,	0.00,	'deliveryfee'),
(460,	10,	37,	0.00,	'deliveryfee'),
(461,	10,	38,	0.00,	'deliveryfee'),
(462,	10,	39,	0.00,	'deliveryfee'),
(463,	10,	40,	0.00,	'deliveryfee'),
(464,	10,	41,	0.00,	'deliveryfee'),
(465,	10,	42,	0.00,	'deliveryfee'),
(466,	10,	43,	0.00,	'deliveryfee'),
(467,	10,	44,	0.00,	'deliveryfee'),
(468,	10,	45,	0.00,	'deliveryfee'),
(469,	10,	46,	0.00,	'deliveryfee'),
(470,	10,	47,	0.00,	'deliveryfee'),
(471,	11,	1,	0.00,	'deliveryfee'),
(472,	11,	2,	0.00,	'deliveryfee'),
(473,	11,	3,	0.00,	'deliveryfee'),
(474,	11,	4,	0.00,	'deliveryfee'),
(475,	11,	5,	0.00,	'deliveryfee'),
(476,	11,	6,	0.00,	'deliveryfee'),
(477,	11,	7,	0.00,	'deliveryfee'),
(478,	11,	8,	0.00,	'deliveryfee'),
(479,	11,	9,	0.00,	'deliveryfee'),
(480,	11,	10,	0.00,	'deliveryfee'),
(481,	11,	11,	0.00,	'deliveryfee'),
(482,	11,	12,	0.00,	'deliveryfee'),
(483,	11,	13,	0.00,	'deliveryfee'),
(484,	11,	14,	0.00,	'deliveryfee'),
(485,	11,	15,	0.00,	'deliveryfee'),
(486,	11,	16,	0.00,	'deliveryfee'),
(487,	11,	17,	0.00,	'deliveryfee'),
(488,	11,	18,	0.00,	'deliveryfee'),
(489,	11,	19,	0.00,	'deliveryfee'),
(490,	11,	20,	0.00,	'deliveryfee'),
(491,	11,	21,	0.00,	'deliveryfee'),
(492,	11,	22,	0.00,	'deliveryfee'),
(493,	11,	23,	0.00,	'deliveryfee'),
(494,	11,	24,	0.00,	'deliveryfee'),
(495,	11,	25,	0.00,	'deliveryfee'),
(496,	11,	26,	0.00,	'deliveryfee'),
(497,	11,	27,	0.00,	'deliveryfee'),
(498,	11,	28,	0.00,	'deliveryfee'),
(499,	11,	29,	0.00,	'deliveryfee'),
(500,	11,	30,	0.00,	'deliveryfee'),
(501,	11,	31,	0.00,	'deliveryfee'),
(502,	11,	32,	0.00,	'deliveryfee'),
(503,	11,	33,	0.00,	'deliveryfee'),
(504,	11,	34,	0.00,	'deliveryfee'),
(505,	11,	35,	0.00,	'deliveryfee'),
(506,	11,	36,	0.00,	'deliveryfee'),
(507,	11,	37,	0.00,	'deliveryfee'),
(508,	11,	38,	0.00,	'deliveryfee'),
(509,	11,	39,	0.00,	'deliveryfee'),
(510,	11,	40,	0.00,	'deliveryfee'),
(511,	11,	41,	0.00,	'deliveryfee'),
(512,	11,	42,	0.00,	'deliveryfee'),
(513,	11,	43,	0.00,	'deliveryfee'),
(514,	11,	44,	0.00,	'deliveryfee'),
(515,	11,	45,	0.00,	'deliveryfee'),
(516,	11,	46,	0.00,	'deliveryfee'),
(517,	11,	47,	0.00,	'deliveryfee'),
(518,	12,	1,	0.00,	'deliveryfee'),
(519,	12,	2,	0.00,	'deliveryfee'),
(520,	12,	3,	0.00,	'deliveryfee'),
(521,	12,	4,	0.00,	'deliveryfee'),
(522,	12,	5,	0.00,	'deliveryfee'),
(523,	12,	6,	0.00,	'deliveryfee'),
(524,	12,	7,	0.00,	'deliveryfee'),
(525,	12,	8,	0.00,	'deliveryfee'),
(526,	12,	9,	0.00,	'deliveryfee'),
(527,	12,	10,	0.00,	'deliveryfee'),
(528,	12,	11,	0.00,	'deliveryfee'),
(529,	12,	12,	0.00,	'deliveryfee'),
(530,	12,	13,	0.00,	'deliveryfee'),
(531,	12,	14,	0.00,	'deliveryfee'),
(532,	12,	15,	0.00,	'deliveryfee'),
(533,	12,	16,	0.00,	'deliveryfee'),
(534,	12,	17,	0.00,	'deliveryfee'),
(535,	12,	18,	0.00,	'deliveryfee'),
(536,	12,	19,	0.00,	'deliveryfee'),
(537,	12,	20,	0.00,	'deliveryfee'),
(538,	12,	21,	0.00,	'deliveryfee'),
(539,	12,	22,	0.00,	'deliveryfee'),
(540,	12,	23,	0.00,	'deliveryfee'),
(541,	12,	24,	0.00,	'deliveryfee'),
(542,	12,	25,	0.00,	'deliveryfee'),
(543,	12,	26,	0.00,	'deliveryfee'),
(544,	12,	27,	0.00,	'deliveryfee'),
(545,	12,	28,	0.00,	'deliveryfee'),
(546,	12,	29,	0.00,	'deliveryfee'),
(547,	12,	30,	0.00,	'deliveryfee'),
(548,	12,	31,	0.00,	'deliveryfee'),
(549,	12,	32,	0.00,	'deliveryfee'),
(550,	12,	33,	0.00,	'deliveryfee'),
(551,	12,	34,	0.00,	'deliveryfee'),
(552,	12,	35,	0.00,	'deliveryfee'),
(553,	12,	36,	0.00,	'deliveryfee'),
(554,	12,	37,	0.00,	'deliveryfee'),
(555,	12,	38,	0.00,	'deliveryfee'),
(556,	12,	39,	0.00,	'deliveryfee'),
(557,	12,	40,	0.00,	'deliveryfee'),
(558,	12,	41,	0.00,	'deliveryfee'),
(559,	12,	42,	0.00,	'deliveryfee'),
(560,	12,	43,	0.00,	'deliveryfee'),
(561,	12,	44,	0.00,	'deliveryfee'),
(562,	12,	45,	0.00,	'deliveryfee'),
(563,	12,	46,	0.00,	'deliveryfee'),
(564,	12,	47,	0.00,	'deliveryfee'),
(565,	13,	1,	0.00,	'deliveryfee'),
(566,	13,	2,	0.00,	'deliveryfee'),
(567,	13,	3,	0.00,	'deliveryfee'),
(568,	13,	4,	0.00,	'deliveryfee'),
(569,	13,	5,	0.00,	'deliveryfee'),
(570,	13,	6,	0.00,	'deliveryfee'),
(571,	13,	7,	0.00,	'deliveryfee'),
(572,	13,	8,	0.00,	'deliveryfee'),
(573,	13,	9,	0.00,	'deliveryfee'),
(574,	13,	10,	0.00,	'deliveryfee'),
(575,	13,	11,	0.00,	'deliveryfee'),
(576,	13,	12,	0.00,	'deliveryfee'),
(577,	13,	13,	0.00,	'deliveryfee'),
(578,	13,	14,	0.00,	'deliveryfee'),
(579,	13,	15,	0.00,	'deliveryfee'),
(580,	13,	16,	0.00,	'deliveryfee'),
(581,	13,	17,	0.00,	'deliveryfee'),
(582,	13,	18,	0.00,	'deliveryfee'),
(583,	13,	19,	0.00,	'deliveryfee'),
(584,	13,	20,	0.00,	'deliveryfee'),
(585,	13,	21,	0.00,	'deliveryfee'),
(586,	13,	22,	0.00,	'deliveryfee'),
(587,	13,	23,	0.00,	'deliveryfee'),
(588,	13,	24,	0.00,	'deliveryfee'),
(589,	13,	25,	0.00,	'deliveryfee'),
(590,	13,	26,	0.00,	'deliveryfee'),
(591,	13,	27,	0.00,	'deliveryfee'),
(592,	13,	28,	0.00,	'deliveryfee'),
(593,	13,	29,	0.00,	'deliveryfee'),
(594,	13,	30,	0.00,	'deliveryfee'),
(595,	13,	31,	0.00,	'deliveryfee'),
(596,	13,	32,	0.00,	'deliveryfee'),
(597,	13,	33,	0.00,	'deliveryfee'),
(598,	13,	34,	0.00,	'deliveryfee'),
(599,	13,	35,	0.00,	'deliveryfee'),
(600,	13,	36,	0.00,	'deliveryfee'),
(601,	13,	37,	0.00,	'deliveryfee'),
(602,	13,	38,	0.00,	'deliveryfee'),
(603,	13,	39,	0.00,	'deliveryfee'),
(604,	13,	40,	0.00,	'deliveryfee'),
(605,	13,	41,	0.00,	'deliveryfee'),
(606,	13,	42,	0.00,	'deliveryfee'),
(607,	13,	43,	0.00,	'deliveryfee'),
(608,	13,	44,	0.00,	'deliveryfee'),
(609,	13,	45,	0.00,	'deliveryfee'),
(610,	13,	46,	0.00,	'deliveryfee'),
(611,	13,	47,	0.00,	'deliveryfee'),
(612,	14,	1,	0.00,	'deliveryfee'),
(613,	14,	2,	0.00,	'deliveryfee'),
(614,	14,	3,	0.00,	'deliveryfee'),
(615,	14,	4,	0.00,	'deliveryfee'),
(616,	14,	5,	0.00,	'deliveryfee'),
(617,	14,	6,	0.00,	'deliveryfee'),
(618,	14,	7,	0.00,	'deliveryfee'),
(619,	14,	8,	0.00,	'deliveryfee'),
(620,	14,	9,	0.00,	'deliveryfee'),
(621,	14,	10,	0.00,	'deliveryfee'),
(622,	14,	11,	0.00,	'deliveryfee'),
(623,	14,	12,	0.00,	'deliveryfee'),
(624,	14,	13,	0.00,	'deliveryfee'),
(625,	14,	14,	0.00,	'deliveryfee'),
(626,	14,	15,	0.00,	'deliveryfee'),
(627,	14,	16,	0.00,	'deliveryfee'),
(628,	14,	17,	0.00,	'deliveryfee'),
(629,	14,	18,	0.00,	'deliveryfee'),
(630,	14,	19,	0.00,	'deliveryfee'),
(631,	14,	20,	0.00,	'deliveryfee'),
(632,	14,	21,	0.00,	'deliveryfee'),
(633,	14,	22,	0.00,	'deliveryfee'),
(634,	14,	23,	0.00,	'deliveryfee'),
(635,	14,	24,	0.00,	'deliveryfee'),
(636,	14,	25,	0.00,	'deliveryfee'),
(637,	14,	26,	0.00,	'deliveryfee'),
(638,	14,	27,	0.00,	'deliveryfee'),
(639,	14,	28,	0.00,	'deliveryfee'),
(640,	14,	29,	0.00,	'deliveryfee'),
(641,	14,	30,	0.00,	'deliveryfee'),
(642,	14,	31,	0.00,	'deliveryfee'),
(643,	14,	32,	0.00,	'deliveryfee'),
(644,	14,	33,	0.00,	'deliveryfee'),
(645,	14,	34,	0.00,	'deliveryfee'),
(646,	14,	35,	0.00,	'deliveryfee'),
(647,	14,	36,	0.00,	'deliveryfee'),
(648,	14,	37,	0.00,	'deliveryfee'),
(649,	14,	38,	0.00,	'deliveryfee'),
(650,	14,	39,	0.00,	'deliveryfee'),
(651,	14,	40,	0.00,	'deliveryfee'),
(652,	14,	41,	0.00,	'deliveryfee'),
(653,	14,	42,	0.00,	'deliveryfee'),
(654,	14,	43,	0.00,	'deliveryfee'),
(655,	14,	44,	0.00,	'deliveryfee'),
(656,	14,	45,	0.00,	'deliveryfee'),
(657,	14,	46,	0.00,	'deliveryfee'),
(658,	14,	47,	0.00,	'deliveryfee'),
(659,	15,	1,	0.00,	'deliveryfee'),
(660,	15,	2,	0.00,	'deliveryfee'),
(661,	15,	3,	0.00,	'deliveryfee'),
(662,	15,	4,	0.00,	'deliveryfee'),
(663,	15,	5,	0.00,	'deliveryfee'),
(664,	15,	6,	0.00,	'deliveryfee'),
(665,	15,	7,	0.00,	'deliveryfee'),
(666,	15,	8,	0.00,	'deliveryfee'),
(667,	15,	9,	0.00,	'deliveryfee'),
(668,	15,	10,	0.00,	'deliveryfee'),
(669,	15,	11,	0.00,	'deliveryfee'),
(670,	15,	12,	0.00,	'deliveryfee'),
(671,	15,	13,	0.00,	'deliveryfee'),
(672,	15,	14,	0.00,	'deliveryfee'),
(673,	15,	15,	0.00,	'deliveryfee'),
(674,	15,	16,	0.00,	'deliveryfee'),
(675,	15,	17,	0.00,	'deliveryfee'),
(676,	15,	18,	0.00,	'deliveryfee'),
(677,	15,	19,	0.00,	'deliveryfee'),
(678,	15,	20,	0.00,	'deliveryfee'),
(679,	15,	21,	0.00,	'deliveryfee'),
(680,	15,	22,	0.00,	'deliveryfee'),
(681,	15,	23,	0.00,	'deliveryfee'),
(682,	15,	24,	0.00,	'deliveryfee'),
(683,	15,	25,	0.00,	'deliveryfee'),
(684,	15,	26,	0.00,	'deliveryfee'),
(685,	15,	27,	0.00,	'deliveryfee'),
(686,	15,	28,	0.00,	'deliveryfee'),
(687,	15,	29,	0.00,	'deliveryfee'),
(688,	15,	30,	0.00,	'deliveryfee'),
(689,	15,	31,	0.00,	'deliveryfee'),
(690,	15,	32,	0.00,	'deliveryfee'),
(691,	15,	33,	0.00,	'deliveryfee'),
(692,	15,	34,	0.00,	'deliveryfee'),
(693,	15,	35,	0.00,	'deliveryfee'),
(694,	15,	36,	0.00,	'deliveryfee'),
(695,	15,	37,	0.00,	'deliveryfee'),
(696,	15,	38,	0.00,	'deliveryfee'),
(697,	15,	39,	0.00,	'deliveryfee'),
(698,	15,	40,	0.00,	'deliveryfee'),
(699,	15,	41,	0.00,	'deliveryfee'),
(700,	15,	42,	0.00,	'deliveryfee'),
(701,	15,	43,	0.00,	'deliveryfee'),
(702,	15,	44,	0.00,	'deliveryfee'),
(703,	15,	45,	0.00,	'deliveryfee'),
(704,	15,	46,	0.00,	'deliveryfee'),
(705,	15,	47,	0.00,	'deliveryfee'),
(706,	16,	1,	0.00,	'deliveryfee'),
(707,	16,	2,	0.00,	'deliveryfee'),
(708,	16,	3,	0.00,	'deliveryfee'),
(709,	16,	4,	0.00,	'deliveryfee'),
(710,	16,	5,	0.00,	'deliveryfee'),
(711,	16,	6,	0.00,	'deliveryfee'),
(712,	16,	7,	0.00,	'deliveryfee'),
(713,	16,	8,	0.00,	'deliveryfee'),
(714,	16,	9,	0.00,	'deliveryfee'),
(715,	16,	10,	0.00,	'deliveryfee'),
(716,	16,	11,	0.00,	'deliveryfee'),
(717,	16,	12,	0.00,	'deliveryfee'),
(718,	16,	13,	0.00,	'deliveryfee'),
(719,	16,	14,	0.00,	'deliveryfee'),
(720,	16,	15,	0.00,	'deliveryfee'),
(721,	16,	16,	0.00,	'deliveryfee'),
(722,	16,	17,	0.00,	'deliveryfee'),
(723,	16,	18,	0.00,	'deliveryfee'),
(724,	16,	19,	0.00,	'deliveryfee'),
(725,	16,	20,	0.00,	'deliveryfee'),
(726,	16,	21,	0.00,	'deliveryfee'),
(727,	16,	22,	0.00,	'deliveryfee'),
(728,	16,	23,	0.00,	'deliveryfee'),
(729,	16,	24,	0.00,	'deliveryfee'),
(730,	16,	25,	0.00,	'deliveryfee'),
(731,	16,	26,	0.00,	'deliveryfee'),
(732,	16,	27,	0.00,	'deliveryfee'),
(733,	16,	28,	0.00,	'deliveryfee'),
(734,	16,	29,	0.00,	'deliveryfee'),
(735,	16,	30,	0.00,	'deliveryfee'),
(736,	16,	31,	0.00,	'deliveryfee'),
(737,	16,	32,	0.00,	'deliveryfee'),
(738,	16,	33,	0.00,	'deliveryfee'),
(739,	16,	34,	0.00,	'deliveryfee'),
(740,	16,	35,	0.00,	'deliveryfee'),
(741,	16,	36,	0.00,	'deliveryfee'),
(742,	16,	37,	0.00,	'deliveryfee'),
(743,	16,	38,	0.00,	'deliveryfee'),
(744,	16,	39,	0.00,	'deliveryfee'),
(745,	16,	40,	0.00,	'deliveryfee'),
(746,	16,	41,	0.00,	'deliveryfee'),
(747,	16,	42,	0.00,	'deliveryfee'),
(748,	16,	43,	0.00,	'deliveryfee'),
(749,	16,	44,	0.00,	'deliveryfee'),
(750,	16,	45,	0.00,	'deliveryfee'),
(751,	16,	46,	0.00,	'deliveryfee'),
(752,	16,	47,	0.00,	'deliveryfee'),
(753,	17,	1,	0.00,	'deliveryfee'),
(754,	17,	2,	0.00,	'deliveryfee'),
(755,	17,	3,	0.00,	'deliveryfee'),
(756,	17,	4,	0.00,	'deliveryfee'),
(757,	17,	5,	0.00,	'deliveryfee'),
(758,	17,	6,	0.00,	'deliveryfee'),
(759,	17,	7,	0.00,	'deliveryfee'),
(760,	17,	8,	0.00,	'deliveryfee'),
(761,	17,	9,	0.00,	'deliveryfee'),
(762,	17,	10,	0.00,	'deliveryfee'),
(763,	17,	11,	0.00,	'deliveryfee'),
(764,	17,	12,	0.00,	'deliveryfee'),
(765,	17,	13,	0.00,	'deliveryfee'),
(766,	17,	14,	0.00,	'deliveryfee'),
(767,	17,	15,	0.00,	'deliveryfee'),
(768,	17,	16,	0.00,	'deliveryfee'),
(769,	17,	17,	0.00,	'deliveryfee'),
(770,	17,	18,	0.00,	'deliveryfee'),
(771,	17,	19,	0.00,	'deliveryfee'),
(772,	17,	20,	0.00,	'deliveryfee'),
(773,	17,	21,	0.00,	'deliveryfee'),
(774,	17,	22,	0.00,	'deliveryfee'),
(775,	17,	23,	0.00,	'deliveryfee'),
(776,	17,	24,	0.00,	'deliveryfee'),
(777,	17,	25,	0.00,	'deliveryfee'),
(778,	17,	26,	0.00,	'deliveryfee'),
(779,	17,	27,	0.00,	'deliveryfee'),
(780,	17,	28,	0.00,	'deliveryfee'),
(781,	17,	29,	0.00,	'deliveryfee'),
(782,	17,	30,	0.00,	'deliveryfee'),
(783,	17,	31,	0.00,	'deliveryfee'),
(784,	17,	32,	0.00,	'deliveryfee'),
(785,	17,	33,	0.00,	'deliveryfee'),
(786,	17,	34,	0.00,	'deliveryfee'),
(787,	17,	35,	0.00,	'deliveryfee'),
(788,	17,	36,	0.00,	'deliveryfee'),
(789,	17,	37,	0.00,	'deliveryfee'),
(790,	17,	38,	0.00,	'deliveryfee'),
(791,	17,	39,	0.00,	'deliveryfee'),
(792,	17,	40,	0.00,	'deliveryfee'),
(793,	17,	41,	0.00,	'deliveryfee'),
(794,	17,	42,	0.00,	'deliveryfee'),
(795,	17,	43,	0.00,	'deliveryfee'),
(796,	17,	44,	0.00,	'deliveryfee'),
(797,	17,	45,	0.00,	'deliveryfee'),
(798,	17,	46,	0.00,	'deliveryfee'),
(799,	17,	47,	0.00,	'deliveryfee'),
(800,	18,	1,	0.00,	'deliveryfee'),
(801,	18,	2,	0.00,	'deliveryfee'),
(802,	18,	3,	0.00,	'deliveryfee'),
(803,	18,	4,	0.00,	'deliveryfee'),
(804,	18,	5,	0.00,	'deliveryfee'),
(805,	18,	6,	0.00,	'deliveryfee'),
(806,	18,	7,	0.00,	'deliveryfee'),
(807,	18,	8,	0.00,	'deliveryfee'),
(808,	18,	9,	0.00,	'deliveryfee'),
(809,	18,	10,	0.00,	'deliveryfee'),
(810,	18,	11,	0.00,	'deliveryfee'),
(811,	18,	12,	0.00,	'deliveryfee'),
(812,	18,	13,	0.00,	'deliveryfee'),
(813,	18,	14,	0.00,	'deliveryfee'),
(814,	18,	15,	0.00,	'deliveryfee'),
(815,	18,	16,	0.00,	'deliveryfee'),
(816,	18,	17,	0.00,	'deliveryfee'),
(817,	18,	18,	0.00,	'deliveryfee'),
(818,	18,	19,	0.00,	'deliveryfee'),
(819,	18,	20,	0.00,	'deliveryfee'),
(820,	18,	21,	0.00,	'deliveryfee'),
(821,	18,	22,	0.00,	'deliveryfee'),
(822,	18,	23,	0.00,	'deliveryfee'),
(823,	18,	24,	0.00,	'deliveryfee'),
(824,	18,	25,	0.00,	'deliveryfee'),
(825,	18,	26,	0.00,	'deliveryfee'),
(826,	18,	27,	0.00,	'deliveryfee'),
(827,	18,	28,	0.00,	'deliveryfee'),
(828,	18,	29,	0.00,	'deliveryfee'),
(829,	18,	30,	0.00,	'deliveryfee'),
(830,	18,	31,	0.00,	'deliveryfee'),
(831,	18,	32,	0.00,	'deliveryfee'),
(832,	18,	33,	0.00,	'deliveryfee'),
(833,	18,	34,	0.00,	'deliveryfee'),
(834,	18,	35,	0.00,	'deliveryfee'),
(835,	18,	36,	0.00,	'deliveryfee'),
(836,	18,	37,	0.00,	'deliveryfee'),
(837,	18,	38,	0.00,	'deliveryfee'),
(838,	18,	39,	0.00,	'deliveryfee'),
(839,	18,	40,	0.00,	'deliveryfee'),
(840,	18,	41,	0.00,	'deliveryfee'),
(841,	18,	42,	0.00,	'deliveryfee'),
(842,	18,	43,	0.00,	'deliveryfee'),
(843,	18,	44,	0.00,	'deliveryfee'),
(844,	18,	45,	0.00,	'deliveryfee'),
(845,	18,	46,	0.00,	'deliveryfee'),
(846,	18,	47,	0.00,	'deliveryfee'),
(847,	19,	1,	0.00,	'deliveryfee'),
(848,	19,	2,	0.00,	'deliveryfee'),
(849,	19,	3,	0.00,	'deliveryfee'),
(850,	19,	4,	0.00,	'deliveryfee'),
(851,	19,	5,	0.00,	'deliveryfee'),
(852,	19,	6,	0.00,	'deliveryfee'),
(853,	19,	7,	0.00,	'deliveryfee'),
(854,	19,	8,	0.00,	'deliveryfee'),
(855,	19,	9,	0.00,	'deliveryfee'),
(856,	19,	10,	0.00,	'deliveryfee'),
(857,	19,	11,	0.00,	'deliveryfee'),
(858,	19,	12,	0.00,	'deliveryfee'),
(859,	19,	13,	0.00,	'deliveryfee'),
(860,	19,	14,	0.00,	'deliveryfee'),
(861,	19,	15,	0.00,	'deliveryfee'),
(862,	19,	16,	0.00,	'deliveryfee'),
(863,	19,	17,	0.00,	'deliveryfee'),
(864,	19,	18,	0.00,	'deliveryfee'),
(865,	19,	19,	0.00,	'deliveryfee'),
(866,	19,	20,	0.00,	'deliveryfee'),
(867,	19,	21,	0.00,	'deliveryfee'),
(868,	19,	22,	0.00,	'deliveryfee'),
(869,	19,	23,	0.00,	'deliveryfee'),
(870,	19,	24,	0.00,	'deliveryfee'),
(871,	19,	25,	0.00,	'deliveryfee'),
(872,	19,	26,	0.00,	'deliveryfee'),
(873,	19,	27,	0.00,	'deliveryfee'),
(874,	19,	28,	0.00,	'deliveryfee'),
(875,	19,	29,	0.00,	'deliveryfee'),
(876,	19,	30,	0.00,	'deliveryfee'),
(877,	19,	31,	0.00,	'deliveryfee'),
(878,	19,	32,	0.00,	'deliveryfee'),
(879,	19,	33,	0.00,	'deliveryfee'),
(880,	19,	34,	0.00,	'deliveryfee'),
(881,	19,	35,	0.00,	'deliveryfee'),
(882,	19,	36,	0.00,	'deliveryfee'),
(883,	19,	37,	0.00,	'deliveryfee'),
(884,	19,	38,	0.00,	'deliveryfee'),
(885,	19,	39,	0.00,	'deliveryfee'),
(886,	19,	40,	0.00,	'deliveryfee'),
(887,	19,	41,	0.00,	'deliveryfee'),
(888,	19,	42,	0.00,	'deliveryfee'),
(889,	19,	43,	0.00,	'deliveryfee'),
(890,	19,	44,	0.00,	'deliveryfee'),
(891,	19,	45,	0.00,	'deliveryfee'),
(892,	19,	46,	0.00,	'deliveryfee'),
(893,	19,	47,	0.00,	'deliveryfee'),
(894,	20,	1,	0.00,	'deliveryfee'),
(895,	20,	2,	0.00,	'deliveryfee'),
(896,	20,	3,	0.00,	'deliveryfee'),
(897,	20,	4,	0.00,	'deliveryfee'),
(898,	20,	5,	0.00,	'deliveryfee'),
(899,	20,	6,	0.00,	'deliveryfee'),
(900,	20,	7,	0.00,	'deliveryfee'),
(901,	20,	8,	0.00,	'deliveryfee'),
(902,	20,	9,	0.00,	'deliveryfee'),
(903,	20,	10,	0.00,	'deliveryfee'),
(904,	20,	11,	0.00,	'deliveryfee'),
(905,	20,	12,	0.00,	'deliveryfee'),
(906,	20,	13,	0.00,	'deliveryfee'),
(907,	20,	14,	0.00,	'deliveryfee'),
(908,	20,	15,	0.00,	'deliveryfee'),
(909,	20,	16,	0.00,	'deliveryfee'),
(910,	20,	17,	0.00,	'deliveryfee'),
(911,	20,	18,	0.00,	'deliveryfee'),
(912,	20,	19,	0.00,	'deliveryfee'),
(913,	20,	20,	0.00,	'deliveryfee'),
(914,	20,	21,	0.00,	'deliveryfee'),
(915,	20,	22,	0.00,	'deliveryfee'),
(916,	20,	23,	0.00,	'deliveryfee'),
(917,	20,	24,	0.00,	'deliveryfee'),
(918,	20,	25,	0.00,	'deliveryfee'),
(919,	20,	26,	0.00,	'deliveryfee'),
(920,	20,	27,	0.00,	'deliveryfee'),
(921,	20,	28,	0.00,	'deliveryfee'),
(922,	20,	29,	0.00,	'deliveryfee'),
(923,	20,	30,	0.00,	'deliveryfee'),
(924,	20,	31,	0.00,	'deliveryfee'),
(925,	20,	32,	0.00,	'deliveryfee'),
(926,	20,	33,	0.00,	'deliveryfee'),
(927,	20,	34,	0.00,	'deliveryfee'),
(928,	20,	35,	0.00,	'deliveryfee'),
(929,	20,	36,	0.00,	'deliveryfee'),
(930,	20,	37,	0.00,	'deliveryfee'),
(931,	20,	38,	0.00,	'deliveryfee'),
(932,	20,	39,	0.00,	'deliveryfee'),
(933,	20,	40,	0.00,	'deliveryfee'),
(934,	20,	41,	0.00,	'deliveryfee'),
(935,	20,	42,	0.00,	'deliveryfee'),
(936,	20,	43,	0.00,	'deliveryfee'),
(937,	20,	44,	0.00,	'deliveryfee'),
(938,	20,	45,	0.00,	'deliveryfee'),
(939,	20,	46,	0.00,	'deliveryfee'),
(940,	20,	47,	0.00,	'deliveryfee'),
(941,	21,	1,	0.00,	'deliveryfee'),
(942,	21,	2,	0.00,	'deliveryfee'),
(943,	21,	3,	0.00,	'deliveryfee'),
(944,	21,	4,	0.00,	'deliveryfee'),
(945,	21,	5,	0.00,	'deliveryfee'),
(946,	21,	6,	0.00,	'deliveryfee'),
(947,	21,	7,	0.00,	'deliveryfee'),
(948,	21,	8,	0.00,	'deliveryfee'),
(949,	21,	9,	0.00,	'deliveryfee'),
(950,	21,	10,	0.00,	'deliveryfee'),
(951,	21,	11,	0.00,	'deliveryfee'),
(952,	21,	12,	0.00,	'deliveryfee'),
(953,	21,	13,	0.00,	'deliveryfee'),
(954,	21,	14,	0.00,	'deliveryfee'),
(955,	21,	15,	0.00,	'deliveryfee'),
(956,	21,	16,	0.00,	'deliveryfee'),
(957,	21,	17,	0.00,	'deliveryfee'),
(958,	21,	18,	0.00,	'deliveryfee'),
(959,	21,	19,	0.00,	'deliveryfee'),
(960,	21,	20,	0.00,	'deliveryfee'),
(961,	21,	21,	0.00,	'deliveryfee'),
(962,	21,	22,	0.00,	'deliveryfee'),
(963,	21,	23,	0.00,	'deliveryfee'),
(964,	21,	24,	0.00,	'deliveryfee'),
(965,	21,	25,	0.00,	'deliveryfee'),
(966,	21,	26,	0.00,	'deliveryfee'),
(967,	21,	27,	0.00,	'deliveryfee'),
(968,	21,	28,	0.00,	'deliveryfee'),
(969,	21,	29,	0.00,	'deliveryfee'),
(970,	21,	30,	0.00,	'deliveryfee'),
(971,	21,	31,	0.00,	'deliveryfee'),
(972,	21,	32,	0.00,	'deliveryfee'),
(973,	21,	33,	0.00,	'deliveryfee'),
(974,	21,	34,	0.00,	'deliveryfee'),
(975,	21,	35,	0.00,	'deliveryfee'),
(976,	21,	36,	0.00,	'deliveryfee'),
(977,	21,	37,	0.00,	'deliveryfee'),
(978,	21,	38,	0.00,	'deliveryfee'),
(979,	21,	39,	0.00,	'deliveryfee'),
(980,	21,	40,	0.00,	'deliveryfee'),
(981,	21,	41,	0.00,	'deliveryfee'),
(982,	21,	42,	0.00,	'deliveryfee'),
(983,	21,	43,	0.00,	'deliveryfee'),
(984,	21,	44,	0.00,	'deliveryfee'),
(985,	21,	45,	0.00,	'deliveryfee'),
(986,	21,	46,	0.00,	'deliveryfee'),
(987,	21,	47,	0.00,	'deliveryfee'),
(988,	22,	1,	0.00,	'deliveryfee'),
(989,	22,	2,	0.00,	'deliveryfee'),
(990,	22,	3,	0.00,	'deliveryfee'),
(991,	22,	4,	0.00,	'deliveryfee'),
(992,	22,	5,	0.00,	'deliveryfee'),
(993,	22,	6,	0.00,	'deliveryfee'),
(994,	22,	7,	0.00,	'deliveryfee'),
(995,	22,	8,	0.00,	'deliveryfee'),
(996,	22,	9,	0.00,	'deliveryfee'),
(997,	22,	10,	0.00,	'deliveryfee'),
(998,	22,	11,	0.00,	'deliveryfee'),
(999,	22,	12,	0.00,	'deliveryfee'),
(1000,	22,	13,	0.00,	'deliveryfee'),
(1001,	22,	14,	0.00,	'deliveryfee'),
(1002,	22,	15,	0.00,	'deliveryfee'),
(1003,	22,	16,	0.00,	'deliveryfee'),
(1004,	22,	17,	0.00,	'deliveryfee'),
(1005,	22,	18,	0.00,	'deliveryfee'),
(1006,	22,	19,	0.00,	'deliveryfee'),
(1007,	22,	20,	0.00,	'deliveryfee'),
(1008,	22,	21,	0.00,	'deliveryfee'),
(1009,	22,	22,	0.00,	'deliveryfee'),
(1010,	22,	23,	0.00,	'deliveryfee'),
(1011,	22,	24,	0.00,	'deliveryfee'),
(1012,	22,	25,	0.00,	'deliveryfee'),
(1013,	22,	26,	0.00,	'deliveryfee'),
(1014,	22,	27,	0.00,	'deliveryfee'),
(1015,	22,	28,	0.00,	'deliveryfee'),
(1016,	22,	29,	0.00,	'deliveryfee'),
(1017,	22,	30,	0.00,	'deliveryfee'),
(1018,	22,	31,	0.00,	'deliveryfee'),
(1019,	22,	32,	0.00,	'deliveryfee'),
(1020,	22,	33,	0.00,	'deliveryfee'),
(1021,	22,	34,	0.00,	'deliveryfee'),
(1022,	22,	35,	0.00,	'deliveryfee'),
(1023,	22,	36,	0.00,	'deliveryfee'),
(1024,	22,	37,	0.00,	'deliveryfee'),
(1025,	22,	38,	0.00,	'deliveryfee'),
(1026,	22,	39,	0.00,	'deliveryfee'),
(1027,	22,	40,	0.00,	'deliveryfee'),
(1028,	22,	41,	0.00,	'deliveryfee'),
(1029,	22,	42,	0.00,	'deliveryfee'),
(1030,	22,	43,	0.00,	'deliveryfee'),
(1031,	22,	44,	0.00,	'deliveryfee'),
(1032,	22,	45,	0.00,	'deliveryfee'),
(1033,	22,	46,	0.00,	'deliveryfee'),
(1034,	22,	47,	0.00,	'deliveryfee'),
(1035,	23,	1,	0.00,	'deliveryfee'),
(1036,	23,	2,	0.00,	'deliveryfee'),
(1037,	23,	3,	0.00,	'deliveryfee'),
(1038,	23,	4,	0.00,	'deliveryfee'),
(1039,	23,	5,	0.00,	'deliveryfee'),
(1040,	23,	6,	0.00,	'deliveryfee'),
(1041,	23,	7,	0.00,	'deliveryfee'),
(1042,	23,	8,	0.00,	'deliveryfee'),
(1043,	23,	9,	0.00,	'deliveryfee'),
(1044,	23,	10,	0.00,	'deliveryfee'),
(1045,	23,	11,	0.00,	'deliveryfee'),
(1046,	23,	12,	0.00,	'deliveryfee'),
(1047,	23,	13,	0.00,	'deliveryfee'),
(1048,	23,	14,	0.00,	'deliveryfee'),
(1049,	23,	15,	0.00,	'deliveryfee'),
(1050,	23,	16,	0.00,	'deliveryfee'),
(1051,	23,	17,	0.00,	'deliveryfee'),
(1052,	23,	18,	0.00,	'deliveryfee'),
(1053,	23,	19,	0.00,	'deliveryfee'),
(1054,	23,	20,	0.00,	'deliveryfee'),
(1055,	23,	21,	0.00,	'deliveryfee'),
(1056,	23,	22,	0.00,	'deliveryfee'),
(1057,	23,	23,	0.00,	'deliveryfee'),
(1058,	23,	24,	0.00,	'deliveryfee'),
(1059,	23,	25,	0.00,	'deliveryfee'),
(1060,	23,	26,	0.00,	'deliveryfee'),
(1061,	23,	27,	0.00,	'deliveryfee'),
(1062,	23,	28,	0.00,	'deliveryfee'),
(1063,	23,	29,	0.00,	'deliveryfee'),
(1064,	23,	30,	0.00,	'deliveryfee'),
(1065,	23,	31,	0.00,	'deliveryfee'),
(1066,	23,	32,	0.00,	'deliveryfee'),
(1067,	23,	33,	0.00,	'deliveryfee'),
(1068,	23,	34,	0.00,	'deliveryfee'),
(1069,	23,	35,	0.00,	'deliveryfee'),
(1070,	23,	36,	0.00,	'deliveryfee'),
(1071,	23,	37,	0.00,	'deliveryfee'),
(1072,	23,	38,	0.00,	'deliveryfee'),
(1073,	23,	39,	0.00,	'deliveryfee'),
(1074,	23,	40,	0.00,	'deliveryfee'),
(1075,	23,	41,	0.00,	'deliveryfee'),
(1076,	23,	42,	0.00,	'deliveryfee'),
(1077,	23,	43,	0.00,	'deliveryfee'),
(1078,	23,	44,	0.00,	'deliveryfee'),
(1079,	23,	45,	0.00,	'deliveryfee'),
(1080,	23,	46,	0.00,	'deliveryfee'),
(1081,	23,	47,	0.00,	'deliveryfee'),
(1082,	24,	1,	0.00,	'deliveryfee'),
(1083,	24,	2,	0.00,	'deliveryfee'),
(1084,	24,	3,	0.00,	'deliveryfee'),
(1085,	24,	4,	0.00,	'deliveryfee'),
(1086,	24,	5,	0.00,	'deliveryfee'),
(1087,	24,	6,	0.00,	'deliveryfee'),
(1088,	24,	7,	0.00,	'deliveryfee'),
(1089,	24,	8,	0.00,	'deliveryfee'),
(1090,	24,	9,	0.00,	'deliveryfee'),
(1091,	24,	10,	0.00,	'deliveryfee'),
(1092,	24,	11,	0.00,	'deliveryfee'),
(1093,	24,	12,	0.00,	'deliveryfee'),
(1094,	24,	13,	0.00,	'deliveryfee'),
(1095,	24,	14,	0.00,	'deliveryfee'),
(1096,	24,	15,	0.00,	'deliveryfee'),
(1097,	24,	16,	0.00,	'deliveryfee'),
(1098,	24,	17,	0.00,	'deliveryfee'),
(1099,	24,	18,	0.00,	'deliveryfee'),
(1100,	24,	19,	0.00,	'deliveryfee'),
(1101,	24,	20,	0.00,	'deliveryfee'),
(1102,	24,	21,	0.00,	'deliveryfee'),
(1103,	24,	22,	0.00,	'deliveryfee'),
(1104,	24,	23,	0.00,	'deliveryfee'),
(1105,	24,	24,	0.00,	'deliveryfee'),
(1106,	24,	25,	0.00,	'deliveryfee'),
(1107,	24,	26,	0.00,	'deliveryfee'),
(1108,	24,	27,	0.00,	'deliveryfee'),
(1109,	24,	28,	0.00,	'deliveryfee'),
(1110,	24,	29,	0.00,	'deliveryfee'),
(1111,	24,	30,	0.00,	'deliveryfee'),
(1112,	24,	31,	0.00,	'deliveryfee'),
(1113,	24,	32,	0.00,	'deliveryfee'),
(1114,	24,	33,	0.00,	'deliveryfee'),
(1115,	24,	34,	0.00,	'deliveryfee'),
(1116,	24,	35,	0.00,	'deliveryfee'),
(1117,	24,	36,	0.00,	'deliveryfee'),
(1118,	24,	37,	0.00,	'deliveryfee'),
(1119,	24,	38,	0.00,	'deliveryfee'),
(1120,	24,	39,	0.00,	'deliveryfee'),
(1121,	24,	40,	0.00,	'deliveryfee'),
(1122,	24,	41,	0.00,	'deliveryfee'),
(1123,	24,	42,	0.00,	'deliveryfee'),
(1124,	24,	43,	0.00,	'deliveryfee'),
(1125,	24,	44,	0.00,	'deliveryfee'),
(1126,	24,	45,	0.00,	'deliveryfee'),
(1127,	24,	46,	0.00,	'deliveryfee'),
(1128,	24,	47,	0.00,	'deliveryfee'),
(1129,	25,	1,	0.00,	'deliveryfee'),
(1130,	25,	2,	0.00,	'deliveryfee'),
(1131,	25,	3,	0.00,	'deliveryfee'),
(1132,	25,	4,	0.00,	'deliveryfee'),
(1133,	25,	5,	0.00,	'deliveryfee'),
(1134,	25,	6,	0.00,	'deliveryfee'),
(1135,	25,	7,	0.00,	'deliveryfee'),
(1136,	25,	8,	0.00,	'deliveryfee'),
(1137,	25,	9,	0.00,	'deliveryfee'),
(1138,	25,	10,	0.00,	'deliveryfee'),
(1139,	25,	11,	0.00,	'deliveryfee'),
(1140,	25,	12,	0.00,	'deliveryfee'),
(1141,	25,	13,	0.00,	'deliveryfee'),
(1142,	25,	14,	0.00,	'deliveryfee'),
(1143,	25,	15,	0.00,	'deliveryfee'),
(1144,	25,	16,	0.00,	'deliveryfee'),
(1145,	25,	17,	0.00,	'deliveryfee'),
(1146,	25,	18,	0.00,	'deliveryfee'),
(1147,	25,	19,	0.00,	'deliveryfee'),
(1148,	25,	20,	0.00,	'deliveryfee'),
(1149,	25,	21,	0.00,	'deliveryfee'),
(1150,	25,	22,	0.00,	'deliveryfee'),
(1151,	25,	23,	0.00,	'deliveryfee'),
(1152,	25,	24,	0.00,	'deliveryfee'),
(1153,	25,	25,	0.00,	'deliveryfee'),
(1154,	25,	26,	0.00,	'deliveryfee'),
(1155,	25,	27,	0.00,	'deliveryfee'),
(1156,	25,	28,	0.00,	'deliveryfee'),
(1157,	25,	29,	0.00,	'deliveryfee'),
(1158,	25,	30,	0.00,	'deliveryfee'),
(1159,	25,	31,	0.00,	'deliveryfee'),
(1160,	25,	32,	0.00,	'deliveryfee'),
(1161,	25,	33,	0.00,	'deliveryfee'),
(1162,	25,	34,	0.00,	'deliveryfee'),
(1163,	25,	35,	0.00,	'deliveryfee'),
(1164,	25,	36,	0.00,	'deliveryfee'),
(1165,	25,	37,	0.00,	'deliveryfee'),
(1166,	25,	38,	0.00,	'deliveryfee'),
(1167,	25,	39,	0.00,	'deliveryfee'),
(1168,	25,	40,	0.00,	'deliveryfee'),
(1169,	25,	41,	0.00,	'deliveryfee'),
(1170,	25,	42,	0.00,	'deliveryfee'),
(1171,	25,	43,	0.00,	'deliveryfee'),
(1172,	25,	44,	0.00,	'deliveryfee'),
(1173,	25,	45,	0.00,	'deliveryfee'),
(1174,	25,	46,	0.00,	'deliveryfee'),
(1175,	25,	47,	0.00,	'deliveryfee'),
(1176,	26,	1,	0.00,	'deliveryfee'),
(1177,	26,	2,	0.00,	'deliveryfee'),
(1178,	26,	3,	0.00,	'deliveryfee'),
(1179,	26,	4,	0.00,	'deliveryfee'),
(1180,	26,	5,	0.00,	'deliveryfee'),
(1181,	26,	6,	0.00,	'deliveryfee'),
(1182,	26,	7,	0.00,	'deliveryfee'),
(1183,	26,	8,	0.00,	'deliveryfee'),
(1184,	26,	9,	0.00,	'deliveryfee'),
(1185,	26,	10,	0.00,	'deliveryfee'),
(1186,	26,	11,	0.00,	'deliveryfee'),
(1187,	26,	12,	0.00,	'deliveryfee'),
(1188,	26,	13,	0.00,	'deliveryfee'),
(1189,	26,	14,	0.00,	'deliveryfee'),
(1190,	26,	15,	0.00,	'deliveryfee'),
(1191,	26,	16,	0.00,	'deliveryfee'),
(1192,	26,	17,	0.00,	'deliveryfee'),
(1193,	26,	18,	0.00,	'deliveryfee'),
(1194,	26,	19,	0.00,	'deliveryfee'),
(1195,	26,	20,	0.00,	'deliveryfee'),
(1196,	26,	21,	0.00,	'deliveryfee'),
(1197,	26,	22,	0.00,	'deliveryfee'),
(1198,	26,	23,	0.00,	'deliveryfee'),
(1199,	26,	24,	0.00,	'deliveryfee'),
(1200,	26,	25,	0.00,	'deliveryfee'),
(1201,	26,	26,	0.00,	'deliveryfee'),
(1202,	26,	27,	0.00,	'deliveryfee'),
(1203,	26,	28,	0.00,	'deliveryfee'),
(1204,	26,	29,	0.00,	'deliveryfee'),
(1205,	26,	30,	0.00,	'deliveryfee'),
(1206,	26,	31,	0.00,	'deliveryfee'),
(1207,	26,	32,	0.00,	'deliveryfee'),
(1208,	26,	33,	0.00,	'deliveryfee'),
(1209,	26,	34,	0.00,	'deliveryfee'),
(1210,	26,	35,	0.00,	'deliveryfee'),
(1211,	26,	36,	0.00,	'deliveryfee'),
(1212,	26,	37,	0.00,	'deliveryfee'),
(1213,	26,	38,	0.00,	'deliveryfee'),
(1214,	26,	39,	0.00,	'deliveryfee'),
(1215,	26,	40,	0.00,	'deliveryfee'),
(1216,	26,	41,	0.00,	'deliveryfee'),
(1217,	26,	42,	0.00,	'deliveryfee'),
(1218,	26,	43,	0.00,	'deliveryfee'),
(1219,	26,	44,	0.00,	'deliveryfee'),
(1220,	26,	45,	0.00,	'deliveryfee'),
(1221,	26,	46,	0.00,	'deliveryfee'),
(1222,	26,	47,	0.00,	'deliveryfee'),
(1223,	27,	1,	0.00,	'deliveryfee'),
(1224,	27,	2,	0.00,	'deliveryfee'),
(1225,	27,	3,	0.00,	'deliveryfee'),
(1226,	27,	4,	0.00,	'deliveryfee'),
(1227,	27,	5,	0.00,	'deliveryfee'),
(1228,	27,	6,	0.00,	'deliveryfee'),
(1229,	27,	7,	0.00,	'deliveryfee'),
(1230,	27,	8,	0.00,	'deliveryfee'),
(1231,	27,	9,	0.00,	'deliveryfee'),
(1232,	27,	10,	0.00,	'deliveryfee'),
(1233,	27,	11,	0.00,	'deliveryfee'),
(1234,	27,	12,	0.00,	'deliveryfee'),
(1235,	27,	13,	0.00,	'deliveryfee'),
(1236,	27,	14,	0.00,	'deliveryfee'),
(1237,	27,	15,	0.00,	'deliveryfee'),
(1238,	27,	16,	0.00,	'deliveryfee'),
(1239,	27,	17,	0.00,	'deliveryfee'),
(1240,	27,	18,	0.00,	'deliveryfee'),
(1241,	27,	19,	0.00,	'deliveryfee'),
(1242,	27,	20,	0.00,	'deliveryfee'),
(1243,	27,	21,	0.00,	'deliveryfee'),
(1244,	27,	22,	0.00,	'deliveryfee'),
(1245,	27,	23,	0.00,	'deliveryfee'),
(1246,	27,	24,	0.00,	'deliveryfee'),
(1247,	27,	25,	0.00,	'deliveryfee'),
(1248,	27,	26,	0.00,	'deliveryfee'),
(1249,	27,	27,	0.00,	'deliveryfee'),
(1250,	27,	28,	0.00,	'deliveryfee'),
(1251,	27,	29,	0.00,	'deliveryfee'),
(1252,	27,	30,	0.00,	'deliveryfee'),
(1253,	27,	31,	0.00,	'deliveryfee'),
(1254,	27,	32,	0.00,	'deliveryfee'),
(1255,	27,	33,	0.00,	'deliveryfee'),
(1256,	27,	34,	0.00,	'deliveryfee'),
(1257,	27,	35,	0.00,	'deliveryfee'),
(1258,	27,	36,	0.00,	'deliveryfee'),
(1259,	27,	37,	0.00,	'deliveryfee'),
(1260,	27,	38,	0.00,	'deliveryfee'),
(1261,	27,	39,	0.00,	'deliveryfee'),
(1262,	27,	40,	0.00,	'deliveryfee'),
(1263,	27,	41,	0.00,	'deliveryfee'),
(1264,	27,	42,	0.00,	'deliveryfee'),
(1265,	27,	43,	0.00,	'deliveryfee'),
(1266,	27,	44,	0.00,	'deliveryfee'),
(1267,	27,	45,	0.00,	'deliveryfee'),
(1268,	27,	46,	0.00,	'deliveryfee'),
(1269,	27,	47,	0.00,	'deliveryfee'),
(1270,	28,	1,	0.00,	'deliveryfee'),
(1271,	28,	2,	0.00,	'deliveryfee'),
(1272,	28,	3,	0.00,	'deliveryfee'),
(1273,	28,	4,	0.00,	'deliveryfee'),
(1274,	28,	5,	0.00,	'deliveryfee'),
(1275,	28,	6,	0.00,	'deliveryfee'),
(1276,	28,	7,	0.00,	'deliveryfee'),
(1277,	28,	8,	0.00,	'deliveryfee'),
(1278,	28,	9,	0.00,	'deliveryfee'),
(1279,	28,	10,	0.00,	'deliveryfee'),
(1280,	28,	11,	0.00,	'deliveryfee'),
(1281,	28,	12,	0.00,	'deliveryfee'),
(1282,	28,	13,	0.00,	'deliveryfee'),
(1283,	28,	14,	0.00,	'deliveryfee'),
(1284,	28,	15,	0.00,	'deliveryfee'),
(1285,	28,	16,	0.00,	'deliveryfee'),
(1286,	28,	17,	0.00,	'deliveryfee'),
(1287,	28,	18,	0.00,	'deliveryfee'),
(1288,	28,	19,	0.00,	'deliveryfee'),
(1289,	28,	20,	0.00,	'deliveryfee'),
(1290,	28,	21,	0.00,	'deliveryfee'),
(1291,	28,	22,	0.00,	'deliveryfee'),
(1292,	28,	23,	0.00,	'deliveryfee'),
(1293,	28,	24,	0.00,	'deliveryfee'),
(1294,	28,	25,	0.00,	'deliveryfee'),
(1295,	28,	26,	0.00,	'deliveryfee'),
(1296,	28,	27,	0.00,	'deliveryfee'),
(1297,	28,	28,	0.00,	'deliveryfee'),
(1298,	28,	29,	0.00,	'deliveryfee'),
(1299,	28,	30,	0.00,	'deliveryfee'),
(1300,	28,	31,	0.00,	'deliveryfee'),
(1301,	28,	32,	0.00,	'deliveryfee'),
(1302,	28,	33,	0.00,	'deliveryfee'),
(1303,	28,	34,	0.00,	'deliveryfee'),
(1304,	28,	35,	0.00,	'deliveryfee'),
(1305,	28,	36,	0.00,	'deliveryfee'),
(1306,	28,	37,	0.00,	'deliveryfee'),
(1307,	28,	38,	0.00,	'deliveryfee'),
(1308,	28,	39,	0.00,	'deliveryfee'),
(1309,	28,	40,	0.00,	'deliveryfee'),
(1310,	28,	41,	0.00,	'deliveryfee'),
(1311,	28,	42,	0.00,	'deliveryfee'),
(1312,	28,	43,	0.00,	'deliveryfee'),
(1313,	28,	44,	0.00,	'deliveryfee'),
(1314,	28,	45,	0.00,	'deliveryfee'),
(1315,	28,	46,	0.00,	'deliveryfee'),
(1316,	28,	47,	0.00,	'deliveryfee'),
(1317,	29,	1,	0.00,	'deliveryfee'),
(1318,	29,	2,	0.00,	'deliveryfee'),
(1319,	29,	3,	0.00,	'deliveryfee'),
(1320,	29,	4,	0.00,	'deliveryfee'),
(1321,	29,	5,	0.00,	'deliveryfee'),
(1322,	29,	6,	0.00,	'deliveryfee'),
(1323,	29,	7,	0.00,	'deliveryfee'),
(1324,	29,	8,	0.00,	'deliveryfee'),
(1325,	29,	9,	0.00,	'deliveryfee'),
(1326,	29,	10,	0.00,	'deliveryfee'),
(1327,	29,	11,	0.00,	'deliveryfee'),
(1328,	29,	12,	0.00,	'deliveryfee'),
(1329,	29,	13,	0.00,	'deliveryfee'),
(1330,	29,	14,	0.00,	'deliveryfee'),
(1331,	29,	15,	0.00,	'deliveryfee'),
(1332,	29,	16,	0.00,	'deliveryfee'),
(1333,	29,	17,	0.00,	'deliveryfee'),
(1334,	29,	18,	0.00,	'deliveryfee'),
(1335,	29,	19,	0.00,	'deliveryfee'),
(1336,	29,	20,	0.00,	'deliveryfee'),
(1337,	29,	21,	0.00,	'deliveryfee'),
(1338,	29,	22,	0.00,	'deliveryfee'),
(1339,	29,	23,	0.00,	'deliveryfee'),
(1340,	29,	24,	0.00,	'deliveryfee'),
(1341,	29,	25,	0.00,	'deliveryfee'),
(1342,	29,	26,	0.00,	'deliveryfee'),
(1343,	29,	27,	0.00,	'deliveryfee'),
(1344,	29,	28,	0.00,	'deliveryfee'),
(1345,	29,	29,	0.00,	'deliveryfee'),
(1346,	29,	30,	0.00,	'deliveryfee'),
(1347,	29,	31,	0.00,	'deliveryfee'),
(1348,	29,	32,	0.00,	'deliveryfee'),
(1349,	29,	33,	0.00,	'deliveryfee'),
(1350,	29,	34,	0.00,	'deliveryfee'),
(1351,	29,	35,	0.00,	'deliveryfee'),
(1352,	29,	36,	0.00,	'deliveryfee'),
(1353,	29,	37,	0.00,	'deliveryfee'),
(1354,	29,	38,	0.00,	'deliveryfee'),
(1355,	29,	39,	0.00,	'deliveryfee'),
(1356,	29,	40,	0.00,	'deliveryfee'),
(1357,	29,	41,	0.00,	'deliveryfee'),
(1358,	29,	42,	0.00,	'deliveryfee'),
(1359,	29,	43,	0.00,	'deliveryfee'),
(1360,	29,	44,	0.00,	'deliveryfee'),
(1361,	29,	45,	0.00,	'deliveryfee'),
(1362,	29,	46,	0.00,	'deliveryfee'),
(1363,	29,	47,	0.00,	'deliveryfee'),
(1364,	30,	1,	880.00,	'deliveryfee'),
(1365,	30,	2,	880.00,	'deliveryfee'),
(1366,	30,	3,	880.00,	'deliveryfee'),
(1367,	30,	4,	880.00,	'deliveryfee'),
(1368,	30,	5,	880.00,	'deliveryfee'),
(1369,	30,	6,	880.00,	'deliveryfee'),
(1370,	30,	7,	880.00,	'deliveryfee'),
(1371,	30,	8,	880.00,	'deliveryfee'),
(1372,	30,	9,	880.00,	'deliveryfee'),
(1373,	30,	10,	880.00,	'deliveryfee'),
(1374,	30,	11,	880.00,	'deliveryfee'),
(1375,	30,	12,	880.00,	'deliveryfee'),
(1376,	30,	13,	880.00,	'deliveryfee'),
(1377,	30,	14,	880.00,	'deliveryfee'),
(1378,	30,	15,	880.00,	'deliveryfee'),
(1379,	30,	16,	880.00,	'deliveryfee'),
(1380,	30,	17,	880.00,	'deliveryfee'),
(1381,	30,	18,	880.00,	'deliveryfee'),
(1382,	30,	19,	880.00,	'deliveryfee'),
(1383,	30,	20,	880.00,	'deliveryfee'),
(1384,	30,	21,	880.00,	'deliveryfee'),
(1385,	30,	22,	880.00,	'deliveryfee'),
(1386,	30,	23,	880.00,	'deliveryfee'),
(1387,	30,	24,	880.00,	'deliveryfee'),
(1388,	30,	25,	880.00,	'deliveryfee'),
(1389,	30,	26,	880.00,	'deliveryfee'),
(1390,	30,	27,	880.00,	'deliveryfee'),
(1391,	30,	28,	880.00,	'deliveryfee'),
(1392,	30,	29,	880.00,	'deliveryfee'),
(1393,	30,	30,	880.00,	'deliveryfee'),
(1394,	30,	31,	880.00,	'deliveryfee'),
(1395,	30,	32,	880.00,	'deliveryfee'),
(1396,	30,	33,	880.00,	'deliveryfee'),
(1397,	30,	34,	880.00,	'deliveryfee'),
(1398,	30,	35,	880.00,	'deliveryfee'),
(1399,	30,	36,	880.00,	'deliveryfee'),
(1400,	30,	37,	880.00,	'deliveryfee'),
(1401,	30,	38,	880.00,	'deliveryfee'),
(1402,	30,	39,	880.00,	'deliveryfee'),
(1403,	30,	40,	880.00,	'deliveryfee'),
(1404,	30,	41,	880.00,	'deliveryfee'),
(1405,	30,	42,	880.00,	'deliveryfee'),
(1406,	30,	43,	880.00,	'deliveryfee'),
(1407,	30,	44,	880.00,	'deliveryfee'),
(1408,	30,	45,	880.00,	'deliveryfee'),
(1409,	30,	46,	880.00,	'deliveryfee'),
(1410,	30,	47,	880.00,	'deliveryfee'),
(1411,	31,	1,	0.00,	'deliveryfee'),
(1412,	31,	2,	0.00,	'deliveryfee'),
(1413,	31,	3,	0.00,	'deliveryfee'),
(1414,	31,	4,	0.00,	'deliveryfee'),
(1415,	31,	5,	0.00,	'deliveryfee'),
(1416,	31,	6,	0.00,	'deliveryfee'),
(1417,	31,	7,	0.00,	'deliveryfee'),
(1418,	31,	8,	0.00,	'deliveryfee'),
(1419,	31,	9,	0.00,	'deliveryfee'),
(1420,	31,	10,	0.00,	'deliveryfee'),
(1421,	31,	11,	0.00,	'deliveryfee'),
(1422,	31,	12,	0.00,	'deliveryfee'),
(1423,	31,	13,	0.00,	'deliveryfee'),
(1424,	31,	14,	0.00,	'deliveryfee'),
(1425,	31,	15,	0.00,	'deliveryfee'),
(1426,	31,	16,	0.00,	'deliveryfee'),
(1427,	31,	17,	0.00,	'deliveryfee'),
(1428,	31,	18,	0.00,	'deliveryfee'),
(1429,	31,	19,	0.00,	'deliveryfee'),
(1430,	31,	20,	0.00,	'deliveryfee'),
(1431,	31,	21,	0.00,	'deliveryfee'),
(1432,	31,	22,	0.00,	'deliveryfee'),
(1433,	31,	23,	0.00,	'deliveryfee'),
(1434,	31,	24,	0.00,	'deliveryfee'),
(1435,	31,	25,	0.00,	'deliveryfee'),
(1436,	31,	26,	0.00,	'deliveryfee'),
(1437,	31,	27,	0.00,	'deliveryfee'),
(1438,	31,	28,	0.00,	'deliveryfee'),
(1439,	31,	29,	0.00,	'deliveryfee'),
(1440,	31,	30,	0.00,	'deliveryfee'),
(1441,	31,	31,	0.00,	'deliveryfee'),
(1442,	31,	32,	0.00,	'deliveryfee'),
(1443,	31,	33,	0.00,	'deliveryfee'),
(1444,	31,	34,	0.00,	'deliveryfee'),
(1445,	31,	35,	0.00,	'deliveryfee'),
(1446,	31,	36,	0.00,	'deliveryfee'),
(1447,	31,	37,	0.00,	'deliveryfee'),
(1448,	31,	38,	0.00,	'deliveryfee'),
(1449,	31,	39,	0.00,	'deliveryfee'),
(1450,	31,	40,	0.00,	'deliveryfee'),
(1451,	31,	41,	0.00,	'deliveryfee'),
(1452,	31,	42,	0.00,	'deliveryfee'),
(1453,	31,	43,	0.00,	'deliveryfee'),
(1454,	31,	44,	0.00,	'deliveryfee'),
(1455,	31,	45,	0.00,	'deliveryfee'),
(1456,	31,	46,	0.00,	'deliveryfee'),
(1457,	31,	47,	0.00,	'deliveryfee'),
(1458,	32,	1,	2000.00,	'deliveryfee'),
(1459,	32,	2,	1560.00,	'deliveryfee'),
(1460,	32,	3,	1560.00,	'deliveryfee'),
(1461,	32,	4,	1560.00,	'deliveryfee'),
(1462,	32,	5,	1560.00,	'deliveryfee'),
(1463,	32,	6,	1560.00,	'deliveryfee'),
(1464,	32,	7,	1560.00,	'deliveryfee'),
(1465,	32,	8,	1440.00,	'deliveryfee'),
(1466,	32,	9,	1440.00,	'deliveryfee'),
(1467,	32,	10,	1440.00,	'deliveryfee'),
(1468,	32,	11,	1440.00,	'deliveryfee'),
(1469,	32,	12,	1440.00,	'deliveryfee'),
(1470,	32,	13,	1440.00,	'deliveryfee'),
(1471,	32,	14,	1440.00,	'deliveryfee'),
(1472,	32,	15,	1440.00,	'deliveryfee'),
(1473,	32,	16,	1440.00,	'deliveryfee'),
(1474,	32,	17,	1440.00,	'deliveryfee'),
(1475,	32,	18,	1440.00,	'deliveryfee'),
(1476,	32,	19,	1440.00,	'deliveryfee'),
(1477,	32,	20,	1440.00,	'deliveryfee'),
(1478,	32,	21,	1330.00,	'deliveryfee'),
(1479,	32,	22,	1440.00,	'deliveryfee'),
(1480,	32,	23,	1330.00,	'deliveryfee'),
(1481,	32,	24,	1330.00,	'deliveryfee'),
(1482,	32,	25,	1330.00,	'deliveryfee'),
(1483,	32,	26,	1330.00,	'deliveryfee'),
(1484,	32,	27,	1330.00,	'deliveryfee'),
(1485,	32,	28,	1330.00,	'deliveryfee'),
(1486,	32,	29,	1330.00,	'deliveryfee'),
(1487,	32,	30,	1330.00,	'deliveryfee'),
(1488,	32,	31,	1330.00,	'deliveryfee'),
(1489,	32,	32,	1330.00,	'deliveryfee'),
(1490,	32,	33,	1330.00,	'deliveryfee'),
(1491,	32,	34,	1330.00,	'deliveryfee'),
(1492,	32,	35,	1330.00,	'deliveryfee'),
(1493,	32,	36,	1330.00,	'deliveryfee'),
(1494,	32,	37,	1330.00,	'deliveryfee'),
(1495,	32,	38,	1330.00,	'deliveryfee'),
(1496,	32,	39,	1330.00,	'deliveryfee'),
(1497,	32,	40,	1440.00,	'deliveryfee'),
(1498,	32,	41,	1440.00,	'deliveryfee'),
(1499,	32,	42,	1440.00,	'deliveryfee'),
(1500,	32,	43,	1440.00,	'deliveryfee'),
(1501,	32,	44,	1440.00,	'deliveryfee'),
(1502,	32,	45,	1440.00,	'deliveryfee'),
(1503,	32,	46,	1440.00,	'deliveryfee'),
(1504,	32,	47,	1900.00,	'deliveryfee'),
(1505,	33,	1,	0.00,	'deliveryfee'),
(1506,	33,	2,	0.00,	'deliveryfee'),
(1507,	33,	3,	0.00,	'deliveryfee'),
(1508,	33,	4,	0.00,	'deliveryfee'),
(1509,	33,	5,	0.00,	'deliveryfee'),
(1510,	33,	6,	0.00,	'deliveryfee'),
(1511,	33,	7,	0.00,	'deliveryfee'),
(1512,	33,	8,	0.00,	'deliveryfee'),
(1513,	33,	9,	0.00,	'deliveryfee'),
(1514,	33,	10,	0.00,	'deliveryfee'),
(1515,	33,	11,	0.00,	'deliveryfee'),
(1516,	33,	12,	0.00,	'deliveryfee'),
(1517,	33,	13,	0.00,	'deliveryfee'),
(1518,	33,	14,	0.00,	'deliveryfee'),
(1519,	33,	15,	0.00,	'deliveryfee'),
(1520,	33,	16,	0.00,	'deliveryfee'),
(1521,	33,	17,	0.00,	'deliveryfee'),
(1522,	33,	18,	0.00,	'deliveryfee'),
(1523,	33,	19,	0.00,	'deliveryfee'),
(1524,	33,	20,	0.00,	'deliveryfee'),
(1525,	33,	21,	0.00,	'deliveryfee'),
(1526,	33,	22,	0.00,	'deliveryfee'),
(1527,	33,	23,	0.00,	'deliveryfee'),
(1528,	33,	24,	0.00,	'deliveryfee'),
(1529,	33,	25,	0.00,	'deliveryfee'),
(1530,	33,	26,	0.00,	'deliveryfee'),
(1531,	33,	27,	0.00,	'deliveryfee'),
(1532,	33,	28,	0.00,	'deliveryfee'),
(1533,	33,	29,	0.00,	'deliveryfee'),
(1534,	33,	30,	0.00,	'deliveryfee'),
(1535,	33,	31,	0.00,	'deliveryfee'),
(1536,	33,	32,	0.00,	'deliveryfee'),
(1537,	33,	33,	0.00,	'deliveryfee'),
(1538,	33,	34,	0.00,	'deliveryfee'),
(1539,	33,	35,	0.00,	'deliveryfee'),
(1540,	33,	36,	0.00,	'deliveryfee'),
(1541,	33,	37,	0.00,	'deliveryfee'),
(1542,	33,	38,	0.00,	'deliveryfee'),
(1543,	33,	39,	0.00,	'deliveryfee'),
(1544,	33,	40,	0.00,	'deliveryfee'),
(1545,	33,	41,	0.00,	'deliveryfee'),
(1546,	33,	42,	0.00,	'deliveryfee'),
(1547,	33,	43,	0.00,	'deliveryfee'),
(1548,	33,	44,	0.00,	'deliveryfee'),
(1549,	33,	45,	0.00,	'deliveryfee'),
(1550,	33,	46,	0.00,	'deliveryfee'),
(1551,	33,	47,	0.00,	'deliveryfee'),
(1552,	34,	1,	0.00,	'deliveryfee'),
(1553,	34,	2,	0.00,	'deliveryfee'),
(1554,	34,	3,	0.00,	'deliveryfee'),
(1555,	34,	4,	0.00,	'deliveryfee'),
(1556,	34,	5,	0.00,	'deliveryfee'),
(1557,	34,	6,	0.00,	'deliveryfee'),
(1558,	34,	7,	0.00,	'deliveryfee'),
(1559,	34,	8,	0.00,	'deliveryfee'),
(1560,	34,	9,	0.00,	'deliveryfee'),
(1561,	34,	10,	0.00,	'deliveryfee'),
(1562,	34,	11,	0.00,	'deliveryfee'),
(1563,	34,	12,	0.00,	'deliveryfee'),
(1564,	34,	13,	0.00,	'deliveryfee'),
(1565,	34,	14,	0.00,	'deliveryfee'),
(1566,	34,	15,	0.00,	'deliveryfee'),
(1567,	34,	16,	0.00,	'deliveryfee'),
(1568,	34,	17,	0.00,	'deliveryfee'),
(1569,	34,	18,	0.00,	'deliveryfee'),
(1570,	34,	19,	0.00,	'deliveryfee'),
(1571,	34,	20,	0.00,	'deliveryfee'),
(1572,	34,	21,	0.00,	'deliveryfee'),
(1573,	34,	22,	0.00,	'deliveryfee'),
(1574,	34,	23,	0.00,	'deliveryfee'),
(1575,	34,	24,	0.00,	'deliveryfee'),
(1576,	34,	25,	0.00,	'deliveryfee'),
(1577,	34,	26,	0.00,	'deliveryfee'),
(1578,	34,	27,	0.00,	'deliveryfee'),
(1579,	34,	28,	0.00,	'deliveryfee'),
(1580,	34,	29,	0.00,	'deliveryfee'),
(1581,	34,	30,	0.00,	'deliveryfee'),
(1582,	34,	31,	0.00,	'deliveryfee'),
(1583,	34,	32,	0.00,	'deliveryfee'),
(1584,	34,	33,	0.00,	'deliveryfee'),
(1585,	34,	34,	0.00,	'deliveryfee'),
(1586,	34,	35,	0.00,	'deliveryfee'),
(1587,	34,	36,	0.00,	'deliveryfee'),
(1588,	34,	37,	0.00,	'deliveryfee'),
(1589,	34,	38,	0.00,	'deliveryfee'),
(1590,	34,	39,	0.00,	'deliveryfee'),
(1591,	34,	40,	0.00,	'deliveryfee'),
(1592,	34,	41,	0.00,	'deliveryfee'),
(1593,	34,	42,	0.00,	'deliveryfee'),
(1594,	34,	43,	0.00,	'deliveryfee'),
(1595,	34,	44,	0.00,	'deliveryfee'),
(1596,	34,	45,	0.00,	'deliveryfee'),
(1597,	34,	46,	0.00,	'deliveryfee'),
(1598,	34,	47,	0.00,	'deliveryfee'),
(1599,	35,	1,	1020.00,	'deliveryfee'),
(1600,	35,	2,	1020.00,	'deliveryfee'),
(1601,	35,	3,	1020.00,	'deliveryfee'),
(1602,	35,	4,	1020.00,	'deliveryfee'),
(1603,	35,	5,	1020.00,	'deliveryfee'),
(1604,	35,	6,	1020.00,	'deliveryfee'),
(1605,	35,	7,	1020.00,	'deliveryfee'),
(1606,	35,	8,	1020.00,	'deliveryfee'),
(1607,	35,	9,	1020.00,	'deliveryfee'),
(1608,	35,	10,	1020.00,	'deliveryfee'),
(1609,	35,	11,	1020.00,	'deliveryfee'),
(1610,	35,	12,	1020.00,	'deliveryfee'),
(1611,	35,	13,	1020.00,	'deliveryfee'),
(1612,	35,	14,	1020.00,	'deliveryfee'),
(1613,	35,	15,	1020.00,	'deliveryfee'),
(1614,	35,	16,	1020.00,	'deliveryfee'),
(1615,	35,	17,	1020.00,	'deliveryfee'),
(1616,	35,	18,	1020.00,	'deliveryfee'),
(1617,	35,	19,	1020.00,	'deliveryfee'),
(1618,	35,	20,	1020.00,	'deliveryfee'),
(1619,	35,	21,	1020.00,	'deliveryfee'),
(1620,	35,	22,	1020.00,	'deliveryfee'),
(1621,	35,	23,	1020.00,	'deliveryfee'),
(1622,	35,	24,	1020.00,	'deliveryfee'),
(1623,	35,	25,	1020.00,	'deliveryfee'),
(1624,	35,	26,	1020.00,	'deliveryfee'),
(1625,	35,	27,	1020.00,	'deliveryfee'),
(1626,	35,	28,	1020.00,	'deliveryfee'),
(1627,	35,	29,	1020.00,	'deliveryfee'),
(1628,	35,	30,	1020.00,	'deliveryfee'),
(1629,	35,	31,	1020.00,	'deliveryfee'),
(1630,	35,	32,	1020.00,	'deliveryfee'),
(1631,	35,	33,	1020.00,	'deliveryfee'),
(1632,	35,	34,	1020.00,	'deliveryfee'),
(1633,	35,	35,	1020.00,	'deliveryfee'),
(1634,	35,	36,	1020.00,	'deliveryfee'),
(1635,	35,	37,	1020.00,	'deliveryfee'),
(1636,	35,	38,	1020.00,	'deliveryfee'),
(1637,	35,	39,	1020.00,	'deliveryfee'),
(1638,	35,	40,	1020.00,	'deliveryfee'),
(1639,	35,	41,	1020.00,	'deliveryfee'),
(1640,	35,	42,	1020.00,	'deliveryfee'),
(1641,	35,	43,	1020.00,	'deliveryfee'),
(1642,	35,	44,	1020.00,	'deliveryfee'),
(1643,	35,	45,	1020.00,	'deliveryfee'),
(1644,	35,	46,	1020.00,	'deliveryfee'),
(1645,	35,	47,	1020.00,	'deliveryfee'),
(1646,	36,	1,	9801.00,	'deliveryfee'),
(1647,	36,	2,	9801.00,	'deliveryfee'),
(1648,	36,	3,	9801.00,	'deliveryfee'),
(1649,	36,	4,	9801.00,	'deliveryfee'),
(1650,	36,	5,	9801.00,	'deliveryfee'),
(1651,	36,	6,	9801.00,	'deliveryfee'),
(1652,	36,	7,	9801.00,	'deliveryfee'),
(1653,	36,	8,	9801.00,	'deliveryfee'),
(1654,	36,	9,	9801.00,	'deliveryfee'),
(1655,	36,	10,	9801.00,	'deliveryfee'),
(1656,	36,	11,	9801.00,	'deliveryfee'),
(1657,	36,	12,	9801.00,	'deliveryfee'),
(1658,	36,	13,	9801.00,	'deliveryfee'),
(1659,	36,	14,	9801.00,	'deliveryfee'),
(1660,	36,	15,	9801.00,	'deliveryfee'),
(1661,	36,	16,	9801.00,	'deliveryfee'),
(1662,	36,	17,	9801.00,	'deliveryfee'),
(1663,	36,	18,	9801.00,	'deliveryfee'),
(1664,	36,	19,	9801.00,	'deliveryfee'),
(1665,	36,	20,	9801.00,	'deliveryfee'),
(1666,	36,	21,	9801.00,	'deliveryfee'),
(1667,	36,	22,	9801.00,	'deliveryfee'),
(1668,	36,	23,	9801.00,	'deliveryfee'),
(1669,	36,	24,	9801.00,	'deliveryfee'),
(1670,	36,	25,	9801.00,	'deliveryfee'),
(1671,	36,	26,	9801.00,	'deliveryfee'),
(1672,	36,	27,	9801.00,	'deliveryfee'),
(1673,	36,	28,	9801.00,	'deliveryfee'),
(1674,	36,	29,	9801.00,	'deliveryfee'),
(1675,	36,	30,	9801.00,	'deliveryfee'),
(1676,	36,	31,	9801.00,	'deliveryfee'),
(1677,	36,	32,	9801.00,	'deliveryfee'),
(1678,	36,	33,	9801.00,	'deliveryfee'),
(1679,	36,	34,	9801.00,	'deliveryfee'),
(1680,	36,	35,	9801.00,	'deliveryfee'),
(1681,	36,	36,	9801.00,	'deliveryfee'),
(1682,	36,	37,	9801.00,	'deliveryfee'),
(1683,	36,	38,	9801.00,	'deliveryfee'),
(1684,	36,	39,	9801.00,	'deliveryfee'),
(1685,	36,	40,	9801.00,	'deliveryfee'),
(1686,	36,	41,	9801.00,	'deliveryfee'),
(1687,	36,	42,	9801.00,	'deliveryfee'),
(1688,	36,	43,	9801.00,	'deliveryfee'),
(1689,	36,	44,	9801.00,	'deliveryfee'),
(1690,	36,	45,	9801.00,	'deliveryfee'),
(1691,	36,	46,	9801.00,	'deliveryfee'),
(1692,	36,	47,	9801.00,	'deliveryfee'),
(1693,	37,	1,	0.00,	'deliveryfee'),
(1694,	37,	2,	0.00,	'deliveryfee'),
(1695,	37,	3,	0.00,	'deliveryfee'),
(1696,	37,	4,	0.00,	'deliveryfee'),
(1697,	37,	5,	0.00,	'deliveryfee'),
(1698,	37,	6,	0.00,	'deliveryfee'),
(1699,	37,	7,	0.00,	'deliveryfee'),
(1700,	37,	8,	0.00,	'deliveryfee'),
(1701,	37,	9,	0.00,	'deliveryfee'),
(1702,	37,	10,	0.00,	'deliveryfee'),
(1703,	37,	11,	0.00,	'deliveryfee'),
(1704,	37,	12,	0.00,	'deliveryfee'),
(1705,	37,	13,	0.00,	'deliveryfee'),
(1706,	37,	14,	0.00,	'deliveryfee'),
(1707,	37,	15,	0.00,	'deliveryfee'),
(1708,	37,	16,	0.00,	'deliveryfee'),
(1709,	37,	17,	0.00,	'deliveryfee'),
(1710,	37,	18,	0.00,	'deliveryfee'),
(1711,	37,	19,	0.00,	'deliveryfee'),
(1712,	37,	20,	0.00,	'deliveryfee'),
(1713,	37,	21,	0.00,	'deliveryfee'),
(1714,	37,	22,	0.00,	'deliveryfee'),
(1715,	37,	23,	0.00,	'deliveryfee'),
(1716,	37,	24,	0.00,	'deliveryfee'),
(1717,	37,	25,	0.00,	'deliveryfee'),
(1718,	37,	26,	0.00,	'deliveryfee'),
(1719,	37,	27,	0.00,	'deliveryfee'),
(1720,	37,	28,	0.00,	'deliveryfee'),
(1721,	37,	29,	0.00,	'deliveryfee'),
(1722,	37,	30,	0.00,	'deliveryfee'),
(1723,	37,	31,	0.00,	'deliveryfee'),
(1724,	37,	32,	0.00,	'deliveryfee'),
(1725,	37,	33,	0.00,	'deliveryfee'),
(1726,	37,	34,	0.00,	'deliveryfee'),
(1727,	37,	35,	0.00,	'deliveryfee'),
(1728,	37,	36,	0.00,	'deliveryfee'),
(1729,	37,	37,	0.00,	'deliveryfee'),
(1730,	37,	38,	0.00,	'deliveryfee'),
(1731,	37,	39,	0.00,	'deliveryfee'),
(1732,	37,	40,	0.00,	'deliveryfee'),
(1733,	37,	41,	0.00,	'deliveryfee'),
(1734,	37,	42,	0.00,	'deliveryfee'),
(1735,	37,	43,	0.00,	'deliveryfee'),
(1736,	37,	44,	0.00,	'deliveryfee'),
(1737,	37,	45,	0.00,	'deliveryfee'),
(1738,	37,	46,	0.00,	'deliveryfee'),
(1739,	37,	47,	0.00,	'deliveryfee'),
(1740,	38,	1,	0.00,	'deliveryfee'),
(1741,	38,	2,	0.00,	'deliveryfee'),
(1742,	38,	3,	0.00,	'deliveryfee'),
(1743,	38,	4,	0.00,	'deliveryfee'),
(1744,	38,	5,	0.00,	'deliveryfee'),
(1745,	38,	6,	0.00,	'deliveryfee'),
(1746,	38,	7,	0.00,	'deliveryfee'),
(1747,	38,	8,	0.00,	'deliveryfee'),
(1748,	38,	9,	0.00,	'deliveryfee'),
(1749,	38,	10,	0.00,	'deliveryfee'),
(1750,	38,	11,	0.00,	'deliveryfee'),
(1751,	38,	12,	0.00,	'deliveryfee'),
(1752,	38,	13,	0.00,	'deliveryfee'),
(1753,	38,	14,	0.00,	'deliveryfee'),
(1754,	38,	15,	0.00,	'deliveryfee'),
(1755,	38,	16,	0.00,	'deliveryfee'),
(1756,	38,	17,	0.00,	'deliveryfee'),
(1757,	38,	18,	0.00,	'deliveryfee'),
(1758,	38,	19,	0.00,	'deliveryfee'),
(1759,	38,	20,	0.00,	'deliveryfee'),
(1760,	38,	21,	0.00,	'deliveryfee'),
(1761,	38,	22,	0.00,	'deliveryfee'),
(1762,	38,	23,	0.00,	'deliveryfee'),
(1763,	38,	24,	0.00,	'deliveryfee'),
(1764,	38,	25,	0.00,	'deliveryfee'),
(1765,	38,	26,	0.00,	'deliveryfee'),
(1766,	38,	27,	0.00,	'deliveryfee'),
(1767,	38,	28,	0.00,	'deliveryfee'),
(1768,	38,	29,	0.00,	'deliveryfee'),
(1769,	38,	30,	0.00,	'deliveryfee'),
(1770,	38,	31,	0.00,	'deliveryfee'),
(1771,	38,	32,	0.00,	'deliveryfee'),
(1772,	38,	33,	0.00,	'deliveryfee'),
(1773,	38,	34,	0.00,	'deliveryfee'),
(1774,	38,	35,	0.00,	'deliveryfee'),
(1775,	38,	36,	0.00,	'deliveryfee'),
(1776,	38,	37,	0.00,	'deliveryfee'),
(1777,	38,	38,	0.00,	'deliveryfee'),
(1778,	38,	39,	0.00,	'deliveryfee'),
(1779,	38,	40,	0.00,	'deliveryfee'),
(1780,	38,	41,	0.00,	'deliveryfee'),
(1781,	38,	42,	0.00,	'deliveryfee'),
(1782,	38,	43,	0.00,	'deliveryfee'),
(1783,	38,	44,	0.00,	'deliveryfee'),
(1784,	38,	45,	0.00,	'deliveryfee'),
(1785,	38,	46,	0.00,	'deliveryfee'),
(1786,	38,	47,	0.00,	'deliveryfee'),
(1787,	39,	1,	100.00,	'deliveryfee'),
(1788,	39,	2,	100.00,	'deliveryfee'),
(1789,	39,	3,	100.00,	'deliveryfee'),
(1790,	39,	4,	100.00,	'deliveryfee'),
(1791,	39,	5,	100.00,	'deliveryfee'),
(1792,	39,	6,	100.00,	'deliveryfee'),
(1793,	39,	7,	100.00,	'deliveryfee'),
(1794,	39,	8,	100.00,	'deliveryfee'),
(1795,	39,	9,	100.00,	'deliveryfee'),
(1796,	39,	10,	100.00,	'deliveryfee'),
(1797,	39,	11,	100.00,	'deliveryfee'),
(1798,	39,	12,	100.00,	'deliveryfee'),
(1799,	39,	13,	100.00,	'deliveryfee'),
(1800,	39,	14,	100.00,	'deliveryfee'),
(1801,	39,	15,	100.00,	'deliveryfee'),
(1802,	39,	16,	100.00,	'deliveryfee'),
(1803,	39,	17,	100.00,	'deliveryfee'),
(1804,	39,	18,	100.00,	'deliveryfee'),
(1805,	39,	19,	100.00,	'deliveryfee'),
(1806,	39,	20,	100.00,	'deliveryfee'),
(1807,	39,	21,	100.00,	'deliveryfee'),
(1808,	39,	22,	100.00,	'deliveryfee'),
(1809,	39,	23,	100.00,	'deliveryfee'),
(1810,	39,	24,	100.00,	'deliveryfee'),
(1811,	39,	25,	100.00,	'deliveryfee'),
(1812,	39,	26,	100.00,	'deliveryfee'),
(1813,	39,	27,	100.00,	'deliveryfee'),
(1814,	39,	28,	100.00,	'deliveryfee'),
(1815,	39,	29,	100.00,	'deliveryfee'),
(1816,	39,	30,	100.00,	'deliveryfee'),
(1817,	39,	31,	100.00,	'deliveryfee'),
(1818,	39,	32,	100.00,	'deliveryfee'),
(1819,	39,	33,	100.00,	'deliveryfee'),
(1820,	39,	34,	100.00,	'deliveryfee'),
(1821,	39,	35,	100.00,	'deliveryfee'),
(1822,	39,	36,	100.00,	'deliveryfee'),
(1823,	39,	37,	100.00,	'deliveryfee'),
(1824,	39,	38,	100.00,	'deliveryfee'),
(1825,	39,	39,	100.00,	'deliveryfee'),
(1826,	39,	40,	100.00,	'deliveryfee'),
(1827,	39,	41,	100.00,	'deliveryfee'),
(1828,	39,	42,	100.00,	'deliveryfee'),
(1829,	39,	43,	100.00,	'deliveryfee'),
(1830,	39,	44,	100.00,	'deliveryfee'),
(1831,	39,	45,	100.00,	'deliveryfee'),
(1832,	39,	46,	100.00,	'deliveryfee'),
(1833,	39,	47,	100.00,	'deliveryfee'),
(1834,	40,	1,	100.00,	'deliveryfee'),
(1835,	40,	2,	100.00,	'deliveryfee'),
(1836,	40,	3,	100.00,	'deliveryfee'),
(1837,	40,	4,	100.00,	'deliveryfee'),
(1838,	40,	5,	100.00,	'deliveryfee'),
(1839,	40,	6,	100.00,	'deliveryfee'),
(1840,	40,	7,	100.00,	'deliveryfee'),
(1841,	40,	8,	100.00,	'deliveryfee'),
(1842,	40,	9,	100.00,	'deliveryfee'),
(1843,	40,	10,	100.00,	'deliveryfee'),
(1844,	40,	11,	100.00,	'deliveryfee'),
(1845,	40,	12,	100.00,	'deliveryfee'),
(1846,	40,	13,	100.00,	'deliveryfee'),
(1847,	40,	14,	100.00,	'deliveryfee'),
(1848,	40,	15,	100.00,	'deliveryfee'),
(1849,	40,	16,	100.00,	'deliveryfee'),
(1850,	40,	17,	100.00,	'deliveryfee'),
(1851,	40,	18,	100.00,	'deliveryfee'),
(1852,	40,	19,	100.00,	'deliveryfee'),
(1853,	40,	20,	100.00,	'deliveryfee'),
(1854,	40,	21,	100.00,	'deliveryfee'),
(1855,	40,	22,	100.00,	'deliveryfee'),
(1856,	40,	23,	100.00,	'deliveryfee'),
(1857,	40,	24,	100.00,	'deliveryfee'),
(1858,	40,	25,	100.00,	'deliveryfee'),
(1859,	40,	26,	100.00,	'deliveryfee'),
(1860,	40,	27,	100.00,	'deliveryfee'),
(1861,	40,	28,	100.00,	'deliveryfee'),
(1862,	40,	29,	100.00,	'deliveryfee'),
(1863,	40,	30,	100.00,	'deliveryfee'),
(1864,	40,	31,	100.00,	'deliveryfee'),
(1865,	40,	32,	100.00,	'deliveryfee'),
(1866,	40,	33,	100.00,	'deliveryfee'),
(1867,	40,	34,	100.00,	'deliveryfee'),
(1868,	40,	35,	100.00,	'deliveryfee'),
(1869,	40,	36,	100.00,	'deliveryfee'),
(1870,	40,	37,	100.00,	'deliveryfee'),
(1871,	40,	38,	100.00,	'deliveryfee'),
(1872,	40,	39,	100.00,	'deliveryfee'),
(1873,	40,	40,	100.00,	'deliveryfee'),
(1874,	40,	41,	100.00,	'deliveryfee'),
(1875,	40,	42,	100.00,	'deliveryfee'),
(1876,	40,	43,	100.00,	'deliveryfee'),
(1877,	40,	44,	100.00,	'deliveryfee'),
(1878,	40,	45,	100.00,	'deliveryfee'),
(1879,	40,	46,	100.00,	'deliveryfee'),
(1880,	40,	47,	100.00,	'deliveryfee'),
(1881,	41,	1,	0.00,	'deliveryfee'),
(1882,	41,	2,	0.00,	'deliveryfee'),
(1883,	41,	3,	0.00,	'deliveryfee'),
(1884,	41,	4,	0.00,	'deliveryfee'),
(1885,	41,	5,	0.00,	'deliveryfee'),
(1886,	41,	6,	0.00,	'deliveryfee'),
(1887,	41,	7,	0.00,	'deliveryfee'),
(1888,	41,	8,	0.00,	'deliveryfee'),
(1889,	41,	9,	0.00,	'deliveryfee'),
(1890,	41,	10,	0.00,	'deliveryfee'),
(1891,	41,	11,	0.00,	'deliveryfee'),
(1892,	41,	12,	0.00,	'deliveryfee'),
(1893,	41,	13,	0.00,	'deliveryfee'),
(1894,	41,	14,	0.00,	'deliveryfee'),
(1895,	41,	15,	0.00,	'deliveryfee'),
(1896,	41,	16,	0.00,	'deliveryfee'),
(1897,	41,	17,	0.00,	'deliveryfee'),
(1898,	41,	18,	0.00,	'deliveryfee'),
(1899,	41,	19,	0.00,	'deliveryfee'),
(1900,	41,	20,	0.00,	'deliveryfee'),
(1901,	41,	21,	0.00,	'deliveryfee'),
(1902,	41,	22,	0.00,	'deliveryfee'),
(1903,	41,	23,	0.00,	'deliveryfee'),
(1904,	41,	24,	0.00,	'deliveryfee'),
(1905,	41,	25,	0.00,	'deliveryfee'),
(1906,	41,	26,	0.00,	'deliveryfee'),
(1907,	41,	27,	0.00,	'deliveryfee'),
(1908,	41,	28,	0.00,	'deliveryfee'),
(1909,	41,	29,	0.00,	'deliveryfee'),
(1910,	41,	30,	0.00,	'deliveryfee'),
(1911,	41,	31,	0.00,	'deliveryfee'),
(1912,	41,	32,	0.00,	'deliveryfee'),
(1913,	41,	33,	0.00,	'deliveryfee'),
(1914,	41,	34,	0.00,	'deliveryfee'),
(1915,	41,	35,	0.00,	'deliveryfee'),
(1916,	41,	36,	0.00,	'deliveryfee'),
(1917,	41,	37,	0.00,	'deliveryfee'),
(1918,	41,	38,	0.00,	'deliveryfee'),
(1919,	41,	39,	0.00,	'deliveryfee'),
(1920,	41,	40,	0.00,	'deliveryfee'),
(1921,	41,	41,	0.00,	'deliveryfee'),
(1922,	41,	42,	0.00,	'deliveryfee'),
(1923,	41,	43,	0.00,	'deliveryfee'),
(1924,	41,	44,	0.00,	'deliveryfee'),
(1925,	41,	45,	0.00,	'deliveryfee'),
(1926,	41,	46,	0.00,	'deliveryfee'),
(1927,	41,	47,	0.00,	'deliveryfee'),
(1928,	42,	1,	0.00,	'deliveryfee'),
(1929,	42,	2,	0.00,	'deliveryfee'),
(1930,	42,	3,	0.00,	'deliveryfee'),
(1931,	42,	4,	0.00,	'deliveryfee'),
(1932,	42,	5,	0.00,	'deliveryfee'),
(1933,	42,	6,	0.00,	'deliveryfee'),
(1934,	42,	7,	0.00,	'deliveryfee'),
(1935,	42,	8,	0.00,	'deliveryfee'),
(1936,	42,	9,	0.00,	'deliveryfee'),
(1937,	42,	10,	0.00,	'deliveryfee'),
(1938,	42,	11,	0.00,	'deliveryfee'),
(1939,	42,	12,	0.00,	'deliveryfee'),
(1940,	42,	13,	0.00,	'deliveryfee'),
(1941,	42,	14,	0.00,	'deliveryfee'),
(1942,	42,	15,	0.00,	'deliveryfee'),
(1943,	42,	16,	0.00,	'deliveryfee'),
(1944,	42,	17,	0.00,	'deliveryfee'),
(1945,	42,	18,	0.00,	'deliveryfee'),
(1946,	42,	19,	0.00,	'deliveryfee'),
(1947,	42,	20,	0.00,	'deliveryfee'),
(1948,	42,	21,	0.00,	'deliveryfee'),
(1949,	42,	22,	0.00,	'deliveryfee'),
(1950,	42,	23,	0.00,	'deliveryfee'),
(1951,	42,	24,	0.00,	'deliveryfee'),
(1952,	42,	25,	0.00,	'deliveryfee'),
(1953,	42,	26,	0.00,	'deliveryfee'),
(1954,	42,	27,	0.00,	'deliveryfee'),
(1955,	42,	28,	0.00,	'deliveryfee'),
(1956,	42,	29,	0.00,	'deliveryfee'),
(1957,	42,	30,	0.00,	'deliveryfee'),
(1958,	42,	31,	0.00,	'deliveryfee'),
(1959,	42,	32,	0.00,	'deliveryfee'),
(1960,	42,	33,	0.00,	'deliveryfee'),
(1961,	42,	34,	0.00,	'deliveryfee'),
(1962,	42,	35,	0.00,	'deliveryfee'),
(1963,	42,	36,	0.00,	'deliveryfee'),
(1964,	42,	37,	0.00,	'deliveryfee'),
(1965,	42,	38,	0.00,	'deliveryfee'),
(1966,	42,	39,	0.00,	'deliveryfee'),
(1967,	42,	40,	0.00,	'deliveryfee'),
(1968,	42,	41,	0.00,	'deliveryfee'),
(1969,	42,	42,	0.00,	'deliveryfee'),
(1970,	42,	43,	0.00,	'deliveryfee'),
(1971,	42,	44,	0.00,	'deliveryfee'),
(1972,	42,	45,	0.00,	'deliveryfee'),
(1973,	42,	46,	0.00,	'deliveryfee'),
(1974,	42,	47,	0.00,	'deliveryfee'),
(1975,	43,	1,	0.00,	'deliveryfee'),
(1976,	43,	2,	0.00,	'deliveryfee'),
(1977,	43,	3,	0.00,	'deliveryfee'),
(1978,	43,	4,	0.00,	'deliveryfee'),
(1979,	43,	5,	0.00,	'deliveryfee'),
(1980,	43,	6,	0.00,	'deliveryfee'),
(1981,	43,	7,	0.00,	'deliveryfee'),
(1982,	43,	8,	0.00,	'deliveryfee'),
(1983,	43,	9,	0.00,	'deliveryfee'),
(1984,	43,	10,	0.00,	'deliveryfee'),
(1985,	43,	11,	0.00,	'deliveryfee'),
(1986,	43,	12,	0.00,	'deliveryfee'),
(1987,	43,	13,	0.00,	'deliveryfee'),
(1988,	43,	14,	0.00,	'deliveryfee'),
(1989,	43,	15,	0.00,	'deliveryfee'),
(1990,	43,	16,	0.00,	'deliveryfee'),
(1991,	43,	17,	0.00,	'deliveryfee'),
(1992,	43,	18,	0.00,	'deliveryfee'),
(1993,	43,	19,	0.00,	'deliveryfee'),
(1994,	43,	20,	0.00,	'deliveryfee'),
(1995,	43,	21,	0.00,	'deliveryfee'),
(1996,	43,	22,	0.00,	'deliveryfee'),
(1997,	43,	23,	0.00,	'deliveryfee'),
(1998,	43,	24,	0.00,	'deliveryfee'),
(1999,	43,	25,	0.00,	'deliveryfee'),
(2000,	43,	26,	0.00,	'deliveryfee'),
(2001,	43,	27,	0.00,	'deliveryfee'),
(2002,	43,	28,	0.00,	'deliveryfee'),
(2003,	43,	29,	0.00,	'deliveryfee'),
(2004,	43,	30,	0.00,	'deliveryfee'),
(2005,	43,	31,	0.00,	'deliveryfee'),
(2006,	43,	32,	0.00,	'deliveryfee'),
(2007,	43,	33,	0.00,	'deliveryfee'),
(2008,	43,	34,	0.00,	'deliveryfee'),
(2009,	43,	35,	0.00,	'deliveryfee'),
(2010,	43,	36,	0.00,	'deliveryfee'),
(2011,	43,	37,	0.00,	'deliveryfee'),
(2012,	43,	38,	0.00,	'deliveryfee'),
(2013,	43,	39,	0.00,	'deliveryfee'),
(2014,	43,	40,	0.00,	'deliveryfee'),
(2015,	43,	41,	0.00,	'deliveryfee'),
(2016,	43,	42,	0.00,	'deliveryfee'),
(2017,	43,	43,	0.00,	'deliveryfee'),
(2018,	43,	44,	0.00,	'deliveryfee'),
(2019,	43,	45,	0.00,	'deliveryfee'),
(2020,	43,	46,	0.00,	'deliveryfee'),
(2021,	43,	47,	0.00,	'deliveryfee'),
(2022,	44,	1,	0.00,	'deliveryfee'),
(2023,	44,	2,	0.00,	'deliveryfee'),
(2024,	44,	3,	0.00,	'deliveryfee'),
(2025,	44,	4,	0.00,	'deliveryfee'),
(2026,	44,	5,	0.00,	'deliveryfee'),
(2027,	44,	6,	0.00,	'deliveryfee'),
(2028,	44,	7,	0.00,	'deliveryfee'),
(2029,	44,	8,	0.00,	'deliveryfee'),
(2030,	44,	9,	0.00,	'deliveryfee'),
(2031,	44,	10,	0.00,	'deliveryfee'),
(2032,	44,	11,	0.00,	'deliveryfee'),
(2033,	44,	12,	0.00,	'deliveryfee'),
(2034,	44,	13,	0.00,	'deliveryfee'),
(2035,	44,	14,	0.00,	'deliveryfee'),
(2036,	44,	15,	0.00,	'deliveryfee'),
(2037,	44,	16,	0.00,	'deliveryfee'),
(2038,	44,	17,	0.00,	'deliveryfee'),
(2039,	44,	18,	0.00,	'deliveryfee'),
(2040,	44,	19,	0.00,	'deliveryfee'),
(2041,	44,	20,	0.00,	'deliveryfee'),
(2042,	44,	21,	0.00,	'deliveryfee'),
(2043,	44,	22,	0.00,	'deliveryfee'),
(2044,	44,	23,	0.00,	'deliveryfee'),
(2045,	44,	24,	0.00,	'deliveryfee'),
(2046,	44,	25,	0.00,	'deliveryfee'),
(2047,	44,	26,	0.00,	'deliveryfee'),
(2048,	44,	27,	0.00,	'deliveryfee'),
(2049,	44,	28,	0.00,	'deliveryfee'),
(2050,	44,	29,	0.00,	'deliveryfee'),
(2051,	44,	30,	0.00,	'deliveryfee'),
(2052,	44,	31,	0.00,	'deliveryfee'),
(2053,	44,	32,	0.00,	'deliveryfee'),
(2054,	44,	33,	0.00,	'deliveryfee'),
(2055,	44,	34,	0.00,	'deliveryfee'),
(2056,	44,	35,	0.00,	'deliveryfee'),
(2057,	44,	36,	0.00,	'deliveryfee'),
(2058,	44,	37,	0.00,	'deliveryfee'),
(2059,	44,	38,	0.00,	'deliveryfee'),
(2060,	44,	39,	0.00,	'deliveryfee'),
(2061,	44,	40,	0.00,	'deliveryfee'),
(2062,	44,	41,	0.00,	'deliveryfee'),
(2063,	44,	42,	0.00,	'deliveryfee'),
(2064,	44,	43,	0.00,	'deliveryfee'),
(2065,	44,	44,	0.00,	'deliveryfee'),
(2066,	44,	45,	0.00,	'deliveryfee'),
(2067,	44,	46,	0.00,	'deliveryfee'),
(2068,	44,	47,	0.00,	'deliveryfee'),
(2069,	45,	1,	0.00,	'deliveryfee'),
(2070,	45,	2,	0.00,	'deliveryfee'),
(2071,	45,	3,	0.00,	'deliveryfee'),
(2072,	45,	4,	0.00,	'deliveryfee'),
(2073,	45,	5,	0.00,	'deliveryfee'),
(2074,	45,	6,	0.00,	'deliveryfee'),
(2075,	45,	7,	0.00,	'deliveryfee'),
(2076,	45,	8,	0.00,	'deliveryfee'),
(2077,	45,	9,	0.00,	'deliveryfee'),
(2078,	45,	10,	0.00,	'deliveryfee'),
(2079,	45,	11,	0.00,	'deliveryfee'),
(2080,	45,	12,	0.00,	'deliveryfee'),
(2081,	45,	13,	0.00,	'deliveryfee'),
(2082,	45,	14,	0.00,	'deliveryfee'),
(2083,	45,	15,	0.00,	'deliveryfee'),
(2084,	45,	16,	0.00,	'deliveryfee'),
(2085,	45,	17,	0.00,	'deliveryfee'),
(2086,	45,	18,	0.00,	'deliveryfee'),
(2087,	45,	19,	0.00,	'deliveryfee'),
(2088,	45,	20,	0.00,	'deliveryfee'),
(2089,	45,	21,	0.00,	'deliveryfee'),
(2090,	45,	22,	0.00,	'deliveryfee'),
(2091,	45,	23,	0.00,	'deliveryfee'),
(2092,	45,	24,	0.00,	'deliveryfee'),
(2093,	45,	25,	0.00,	'deliveryfee'),
(2094,	45,	26,	0.00,	'deliveryfee'),
(2095,	45,	27,	0.00,	'deliveryfee'),
(2096,	45,	28,	0.00,	'deliveryfee'),
(2097,	45,	29,	0.00,	'deliveryfee'),
(2098,	45,	30,	0.00,	'deliveryfee'),
(2099,	45,	31,	0.00,	'deliveryfee'),
(2100,	45,	32,	0.00,	'deliveryfee'),
(2101,	45,	33,	0.00,	'deliveryfee'),
(2102,	45,	34,	0.00,	'deliveryfee'),
(2103,	45,	35,	0.00,	'deliveryfee'),
(2104,	45,	36,	0.00,	'deliveryfee'),
(2105,	45,	37,	0.00,	'deliveryfee'),
(2106,	45,	38,	0.00,	'deliveryfee'),
(2107,	45,	39,	0.00,	'deliveryfee'),
(2108,	45,	40,	0.00,	'deliveryfee'),
(2109,	45,	41,	0.00,	'deliveryfee'),
(2110,	45,	42,	0.00,	'deliveryfee'),
(2111,	45,	43,	0.00,	'deliveryfee'),
(2112,	45,	44,	0.00,	'deliveryfee'),
(2113,	45,	45,	0.00,	'deliveryfee'),
(2114,	45,	46,	0.00,	'deliveryfee'),
(2115,	45,	47,	0.00,	'deliveryfee'),
(2116,	46,	1,	0.00,	'deliveryfee'),
(2117,	46,	2,	0.00,	'deliveryfee'),
(2118,	46,	3,	0.00,	'deliveryfee'),
(2119,	46,	4,	0.00,	'deliveryfee'),
(2120,	46,	5,	0.00,	'deliveryfee'),
(2121,	46,	6,	0.00,	'deliveryfee'),
(2122,	46,	7,	0.00,	'deliveryfee'),
(2123,	46,	8,	0.00,	'deliveryfee'),
(2124,	46,	9,	0.00,	'deliveryfee'),
(2125,	46,	10,	0.00,	'deliveryfee'),
(2126,	46,	11,	0.00,	'deliveryfee'),
(2127,	46,	12,	0.00,	'deliveryfee'),
(2128,	46,	13,	0.00,	'deliveryfee'),
(2129,	46,	14,	0.00,	'deliveryfee'),
(2130,	46,	15,	0.00,	'deliveryfee'),
(2131,	46,	16,	0.00,	'deliveryfee'),
(2132,	46,	17,	0.00,	'deliveryfee'),
(2133,	46,	18,	0.00,	'deliveryfee'),
(2134,	46,	19,	0.00,	'deliveryfee'),
(2135,	46,	20,	0.00,	'deliveryfee'),
(2136,	46,	21,	0.00,	'deliveryfee'),
(2137,	46,	22,	0.00,	'deliveryfee'),
(2138,	46,	23,	0.00,	'deliveryfee'),
(2139,	46,	24,	0.00,	'deliveryfee'),
(2140,	46,	25,	0.00,	'deliveryfee'),
(2141,	46,	26,	0.00,	'deliveryfee'),
(2142,	46,	27,	0.00,	'deliveryfee'),
(2143,	46,	28,	0.00,	'deliveryfee'),
(2144,	46,	29,	0.00,	'deliveryfee'),
(2145,	46,	30,	0.00,	'deliveryfee'),
(2146,	46,	31,	0.00,	'deliveryfee'),
(2147,	46,	32,	0.00,	'deliveryfee'),
(2148,	46,	33,	0.00,	'deliveryfee'),
(2149,	46,	34,	0.00,	'deliveryfee'),
(2150,	46,	35,	0.00,	'deliveryfee'),
(2151,	46,	36,	0.00,	'deliveryfee'),
(2152,	46,	37,	0.00,	'deliveryfee'),
(2153,	46,	38,	0.00,	'deliveryfee'),
(2154,	46,	39,	0.00,	'deliveryfee'),
(2155,	46,	40,	0.00,	'deliveryfee'),
(2156,	46,	41,	0.00,	'deliveryfee'),
(2157,	46,	42,	0.00,	'deliveryfee'),
(2158,	46,	43,	0.00,	'deliveryfee'),
(2159,	46,	44,	0.00,	'deliveryfee'),
(2160,	46,	45,	0.00,	'deliveryfee'),
(2161,	46,	46,	0.00,	'deliveryfee'),
(2162,	46,	47,	0.00,	'deliveryfee'),
(2163,	47,	1,	0.00,	'deliveryfee'),
(2164,	47,	2,	0.00,	'deliveryfee'),
(2165,	47,	3,	0.00,	'deliveryfee'),
(2166,	47,	4,	0.00,	'deliveryfee'),
(2167,	47,	5,	0.00,	'deliveryfee'),
(2168,	47,	6,	0.00,	'deliveryfee'),
(2169,	47,	7,	0.00,	'deliveryfee'),
(2170,	47,	8,	0.00,	'deliveryfee'),
(2171,	47,	9,	0.00,	'deliveryfee'),
(2172,	47,	10,	0.00,	'deliveryfee'),
(2173,	47,	11,	0.00,	'deliveryfee'),
(2174,	47,	12,	0.00,	'deliveryfee'),
(2175,	47,	13,	0.00,	'deliveryfee'),
(2176,	47,	14,	0.00,	'deliveryfee'),
(2177,	47,	15,	0.00,	'deliveryfee'),
(2178,	47,	16,	0.00,	'deliveryfee'),
(2179,	47,	17,	0.00,	'deliveryfee'),
(2180,	47,	18,	0.00,	'deliveryfee'),
(2181,	47,	19,	0.00,	'deliveryfee'),
(2182,	47,	20,	0.00,	'deliveryfee'),
(2183,	47,	21,	0.00,	'deliveryfee'),
(2184,	47,	22,	0.00,	'deliveryfee'),
(2185,	47,	23,	0.00,	'deliveryfee'),
(2186,	47,	24,	0.00,	'deliveryfee'),
(2187,	47,	25,	0.00,	'deliveryfee'),
(2188,	47,	26,	0.00,	'deliveryfee'),
(2189,	47,	27,	0.00,	'deliveryfee'),
(2190,	47,	28,	0.00,	'deliveryfee'),
(2191,	47,	29,	0.00,	'deliveryfee'),
(2192,	47,	30,	0.00,	'deliveryfee'),
(2193,	47,	31,	0.00,	'deliveryfee'),
(2194,	47,	32,	0.00,	'deliveryfee'),
(2195,	47,	33,	0.00,	'deliveryfee'),
(2196,	47,	34,	0.00,	'deliveryfee'),
(2197,	47,	35,	0.00,	'deliveryfee'),
(2198,	47,	36,	0.00,	'deliveryfee'),
(2199,	47,	37,	0.00,	'deliveryfee'),
(2200,	47,	38,	0.00,	'deliveryfee'),
(2201,	47,	39,	0.00,	'deliveryfee'),
(2202,	47,	40,	0.00,	'deliveryfee'),
(2203,	47,	41,	0.00,	'deliveryfee'),
(2204,	47,	42,	0.00,	'deliveryfee'),
(2205,	47,	43,	0.00,	'deliveryfee'),
(2206,	47,	44,	0.00,	'deliveryfee'),
(2207,	47,	45,	0.00,	'deliveryfee'),
(2208,	47,	46,	0.00,	'deliveryfee'),
(2209,	47,	47,	0.00,	'deliveryfee'),
(2210,	48,	1,	0.00,	'deliveryfee'),
(2211,	48,	2,	0.00,	'deliveryfee'),
(2212,	48,	3,	0.00,	'deliveryfee'),
(2213,	48,	4,	0.00,	'deliveryfee'),
(2214,	48,	5,	0.00,	'deliveryfee'),
(2215,	48,	6,	0.00,	'deliveryfee'),
(2216,	48,	7,	0.00,	'deliveryfee'),
(2217,	48,	8,	0.00,	'deliveryfee'),
(2218,	48,	9,	0.00,	'deliveryfee'),
(2219,	48,	10,	0.00,	'deliveryfee'),
(2220,	48,	11,	0.00,	'deliveryfee'),
(2221,	48,	12,	0.00,	'deliveryfee'),
(2222,	48,	13,	0.00,	'deliveryfee'),
(2223,	48,	14,	0.00,	'deliveryfee'),
(2224,	48,	15,	0.00,	'deliveryfee'),
(2225,	48,	16,	0.00,	'deliveryfee'),
(2226,	48,	17,	0.00,	'deliveryfee'),
(2227,	48,	18,	0.00,	'deliveryfee'),
(2228,	48,	19,	0.00,	'deliveryfee'),
(2229,	48,	20,	0.00,	'deliveryfee'),
(2230,	48,	21,	0.00,	'deliveryfee'),
(2231,	48,	22,	0.00,	'deliveryfee'),
(2232,	48,	23,	0.00,	'deliveryfee'),
(2233,	48,	24,	0.00,	'deliveryfee'),
(2234,	48,	25,	0.00,	'deliveryfee'),
(2235,	48,	26,	0.00,	'deliveryfee'),
(2236,	48,	27,	0.00,	'deliveryfee'),
(2237,	48,	28,	0.00,	'deliveryfee'),
(2238,	48,	29,	0.00,	'deliveryfee'),
(2239,	48,	30,	0.00,	'deliveryfee'),
(2240,	48,	31,	0.00,	'deliveryfee'),
(2241,	48,	32,	0.00,	'deliveryfee'),
(2242,	48,	33,	0.00,	'deliveryfee'),
(2243,	48,	34,	0.00,	'deliveryfee'),
(2244,	48,	35,	0.00,	'deliveryfee'),
(2245,	48,	36,	0.00,	'deliveryfee'),
(2246,	48,	37,	0.00,	'deliveryfee'),
(2247,	48,	38,	0.00,	'deliveryfee'),
(2248,	48,	39,	0.00,	'deliveryfee'),
(2249,	48,	40,	0.00,	'deliveryfee'),
(2250,	48,	41,	0.00,	'deliveryfee'),
(2251,	48,	42,	0.00,	'deliveryfee'),
(2252,	48,	43,	0.00,	'deliveryfee'),
(2253,	48,	44,	0.00,	'deliveryfee'),
(2254,	48,	45,	0.00,	'deliveryfee'),
(2255,	48,	46,	0.00,	'deliveryfee'),
(2256,	48,	47,	0.00,	'deliveryfee'),
(2257,	49,	1,	0.00,	'deliveryfee'),
(2258,	49,	2,	0.00,	'deliveryfee'),
(2259,	49,	3,	0.00,	'deliveryfee'),
(2260,	49,	4,	0.00,	'deliveryfee'),
(2261,	49,	5,	0.00,	'deliveryfee'),
(2262,	49,	6,	0.00,	'deliveryfee'),
(2263,	49,	7,	0.00,	'deliveryfee'),
(2264,	49,	8,	0.00,	'deliveryfee'),
(2265,	49,	9,	0.00,	'deliveryfee'),
(2266,	49,	10,	0.00,	'deliveryfee'),
(2267,	49,	11,	0.00,	'deliveryfee'),
(2268,	49,	12,	0.00,	'deliveryfee'),
(2269,	49,	13,	0.00,	'deliveryfee'),
(2270,	49,	14,	0.00,	'deliveryfee'),
(2271,	49,	15,	0.00,	'deliveryfee'),
(2272,	49,	16,	0.00,	'deliveryfee'),
(2273,	49,	17,	0.00,	'deliveryfee'),
(2274,	49,	18,	0.00,	'deliveryfee'),
(2275,	49,	19,	0.00,	'deliveryfee'),
(2276,	49,	20,	0.00,	'deliveryfee'),
(2277,	49,	21,	0.00,	'deliveryfee'),
(2278,	49,	22,	0.00,	'deliveryfee'),
(2279,	49,	23,	0.00,	'deliveryfee'),
(2280,	49,	24,	0.00,	'deliveryfee'),
(2281,	49,	25,	0.00,	'deliveryfee'),
(2282,	49,	26,	0.00,	'deliveryfee'),
(2283,	49,	27,	0.00,	'deliveryfee'),
(2284,	49,	28,	0.00,	'deliveryfee'),
(2285,	49,	29,	0.00,	'deliveryfee'),
(2286,	49,	30,	0.00,	'deliveryfee'),
(2287,	49,	31,	0.00,	'deliveryfee'),
(2288,	49,	32,	0.00,	'deliveryfee'),
(2289,	49,	33,	0.00,	'deliveryfee'),
(2290,	49,	34,	0.00,	'deliveryfee'),
(2291,	49,	35,	0.00,	'deliveryfee'),
(2292,	49,	36,	0.00,	'deliveryfee'),
(2293,	49,	37,	0.00,	'deliveryfee'),
(2294,	49,	38,	0.00,	'deliveryfee'),
(2295,	49,	39,	0.00,	'deliveryfee'),
(2296,	49,	40,	0.00,	'deliveryfee'),
(2297,	49,	41,	0.00,	'deliveryfee'),
(2298,	49,	42,	0.00,	'deliveryfee'),
(2299,	49,	43,	0.00,	'deliveryfee'),
(2300,	49,	44,	0.00,	'deliveryfee'),
(2301,	49,	45,	0.00,	'deliveryfee'),
(2302,	49,	46,	0.00,	'deliveryfee'),
(2303,	49,	47,	0.00,	'deliveryfee'),
(2304,	50,	1,	0.00,	'deliveryfee'),
(2305,	50,	2,	0.00,	'deliveryfee'),
(2306,	50,	3,	0.00,	'deliveryfee'),
(2307,	50,	4,	0.00,	'deliveryfee'),
(2308,	50,	5,	0.00,	'deliveryfee'),
(2309,	50,	6,	0.00,	'deliveryfee'),
(2310,	50,	7,	0.00,	'deliveryfee'),
(2311,	50,	8,	0.00,	'deliveryfee'),
(2312,	50,	9,	0.00,	'deliveryfee'),
(2313,	50,	10,	0.00,	'deliveryfee'),
(2314,	50,	11,	0.00,	'deliveryfee'),
(2315,	50,	12,	0.00,	'deliveryfee'),
(2316,	50,	13,	0.00,	'deliveryfee'),
(2317,	50,	14,	0.00,	'deliveryfee'),
(2318,	50,	15,	0.00,	'deliveryfee'),
(2319,	50,	16,	0.00,	'deliveryfee'),
(2320,	50,	17,	0.00,	'deliveryfee'),
(2321,	50,	18,	0.00,	'deliveryfee'),
(2322,	50,	19,	0.00,	'deliveryfee'),
(2323,	50,	20,	0.00,	'deliveryfee'),
(2324,	50,	21,	0.00,	'deliveryfee'),
(2325,	50,	22,	0.00,	'deliveryfee'),
(2326,	50,	23,	0.00,	'deliveryfee'),
(2327,	50,	24,	0.00,	'deliveryfee'),
(2328,	50,	25,	0.00,	'deliveryfee'),
(2329,	50,	26,	0.00,	'deliveryfee'),
(2330,	50,	27,	0.00,	'deliveryfee'),
(2331,	50,	28,	0.00,	'deliveryfee'),
(2332,	50,	29,	0.00,	'deliveryfee'),
(2333,	50,	30,	0.00,	'deliveryfee'),
(2334,	50,	31,	0.00,	'deliveryfee'),
(2335,	50,	32,	0.00,	'deliveryfee'),
(2336,	50,	33,	0.00,	'deliveryfee'),
(2337,	50,	34,	0.00,	'deliveryfee'),
(2338,	50,	35,	0.00,	'deliveryfee'),
(2339,	50,	36,	0.00,	'deliveryfee'),
(2340,	50,	37,	0.00,	'deliveryfee'),
(2341,	50,	38,	0.00,	'deliveryfee'),
(2342,	50,	39,	0.00,	'deliveryfee'),
(2343,	50,	40,	0.00,	'deliveryfee'),
(2344,	50,	41,	0.00,	'deliveryfee'),
(2345,	50,	42,	0.00,	'deliveryfee'),
(2346,	50,	43,	0.00,	'deliveryfee'),
(2347,	50,	44,	0.00,	'deliveryfee'),
(2348,	50,	45,	0.00,	'deliveryfee'),
(2349,	50,	46,	0.00,	'deliveryfee'),
(2350,	50,	47,	0.00,	'deliveryfee');

DROP TABLE IF EXISTS `dtb_delivery_time`;
CREATE TABLE `dtb_delivery_time` (
  `id` int(10) unsigned NOT NULL AUTO_INCREMENT,
  `delivery_id` int(10) unsigned DEFAULT NULL,
  `delivery_time` varchar(255) NOT NULL,
  `sort_no` smallint(5) unsigned NOT NULL,
  `visible` tinyint(1) NOT NULL DEFAULT 1,
  `create_date` datetime NOT NULL COMMENT '(DC2Type:datetimetz)',
  `update_date` datetime NOT NULL COMMENT '(DC2Type:datetimetz)',
  `discriminator_type` varchar(255) NOT NULL,
  PRIMARY KEY (`id`),
  KEY `IDX_E80EE3A612136921` (`delivery_id`),
  CONSTRAINT `FK_E80EE3A612136921` FOREIGN KEY (`delivery_id`) REFERENCES `dtb_delivery` (`id`)
) ENGINE=InnoDB DEFAULT CHARSET=utf8;

INSERT INTO `dtb_delivery_time` (`id`, `delivery_id`, `delivery_time`, `sort_no`, `visible`, `create_date`, `update_date`, `discriminator_type`) VALUES
(1,	1,	'午前',	1,	1,	'2017-03-07 10:14:52',	'2021-04-14 03:39:52',	'deliverytime'),
(2,	1,	'午後',	2,	1,	'2017-03-07 10:14:52',	'2021-04-14 03:39:52',	'deliverytime'),
(3,	6,	'午前中',	1,	1,	'2021-04-26 07:50:04',	'2021-06-01 06:20:02',	'deliverytime'),
(4,	6,	'午後',	2,	1,	'2021-04-26 07:50:04',	'2021-06-01 06:20:02',	'deliverytime'),
(5,	6,	'夕方１７時以降',	3,	1,	'2021-04-26 07:50:04',	'2021-06-01 06:20:02',	'deliverytime'),
(6,	3,	'午前中',	1,	1,	'2023-05-17 09:14:16',	'2023-05-17 09:14:27',	'deliverytime'),
(7,	3,	'午後（１２時～１６時）',	2,	1,	'2023-05-17 09:14:16',	'2023-05-17 09:14:27',	'deliverytime'),
(8,	3,	'夕方（１６時～１８時）',	3,	1,	'2023-05-17 09:14:16',	'2023-05-17 09:14:27',	'deliverytime'),
(9,	3,	'夜(１８時～２０時）',	4,	1,	'2023-05-17 09:14:16',	'2023-05-17 09:14:27',	'deliverytime');

DROP TABLE IF EXISTS `dtb_layout`;
CREATE TABLE `dtb_layout` (
  `id` int(10) unsigned NOT NULL AUTO_INCREMENT,
  `device_type_id` smallint(5) unsigned DEFAULT NULL,
  `layout_name` varchar(255) DEFAULT NULL,
  `create_date` datetime NOT NULL COMMENT '(DC2Type:datetimetz)',
  `update_date` datetime NOT NULL COMMENT '(DC2Type:datetimetz)',
  `discriminator_type` varchar(255) NOT NULL,
  PRIMARY KEY (`id`),
  KEY `IDX_5A62AA7C4FFA550E` (`device_type_id`),
  CONSTRAINT `FK_5A62AA7C4FFA550E` FOREIGN KEY (`device_type_id`) REFERENCES `mtb_device_type` (`id`)
) ENGINE=InnoDB DEFAULT CHARSET=utf8;

INSERT INTO `dtb_layout` (`id`, `device_type_id`, `layout_name`, `create_date`, `update_date`, `discriminator_type`) VALUES
(0,	10,	'トップページ用レイアウト',	'2022-01-19 08:22:46',	'2022-01-19 08:22:46',	'layout'),
(1,	10,	'トップページ用レイアウト',	'2017-03-07 10:14:52',	'2017-03-07 10:14:52',	'layout'),
(2,	10,	'下層ページ用レイアウト',	'2017-03-07 10:14:52',	'2017-03-07 10:14:52',	'layout'),
(3,	10,	'下層ページサイドバーあり',	'2021-01-27 08:31:17',	'2021-01-27 08:31:17',	'layout'),
(5,	10,	'商品一覧ページ',	'2021-01-28 05:21:53',	'2021-01-28 05:21:53',	'layout'),
(6,	10,	'ガイドページ',	'2021-01-28 05:48:27',	'2021-01-28 05:48:27',	'layout'),
(7,	10,	'ブログ一覧',	'2021-01-28 07:11:29',	'2021-01-28 07:11:29',	'layout'),
(10,	10,	'プレビュー用レイアウト',	'2017-03-07 10:14:52',	'2017-03-07 10:14:52',	'layout');

DROP TABLE IF EXISTS `dtb_mail_history`;
CREATE TABLE `dtb_mail_history` (
  `id` int(10) unsigned NOT NULL AUTO_INCREMENT,
  `order_id` int(10) unsigned DEFAULT NULL,
  `creator_id` int(10) unsigned DEFAULT NULL,
  `send_date` datetime DEFAULT NULL COMMENT '(DC2Type:datetimetz)',
  `mail_subject` varchar(255) DEFAULT NULL,
  `mail_body` longtext DEFAULT NULL,
  `mail_html_body` longtext DEFAULT NULL,
  `discriminator_type` varchar(255) NOT NULL,
  PRIMARY KEY (`id`),
  KEY `IDX_4870AB118D9F6D38` (`order_id`),
  KEY `IDX_4870AB1161220EA6` (`creator_id`),
  CONSTRAINT `FK_4870AB1161220EA6` FOREIGN KEY (`creator_id`) REFERENCES `dtb_member` (`id`),
  CONSTRAINT `FK_4870AB118D9F6D38` FOREIGN KEY (`order_id`) REFERENCES `dtb_order` (`id`)
) ENGINE=InnoDB DEFAULT CHARSET=utf8;

INSERT INTO `dtb_mail_history` (`id`, `order_id`, `creator_id`, `send_date`, `mail_subject`, `mail_body`, `mail_html_body`, `discriminator_type`) VALUES
(1,	1,	NULL,	'2021-03-01 05:35:56',	'[THE ALL] ご注文ありがとうございます',	'テスト 太郎 様\n\nこの度はご注文いただき誠にありがとうございます。下記ご注文内容にお間違えがないかご確認下さい。\n\n************************************************\n　ご請求金額\n************************************************\n\nご注文日時：2021/03/01 14:35:56\nご注文番号：1\nお支払い合計：￥1,060\nお支払い方法：銀行振込\nお問い合わせ：\n\n\n************************************************\n　ご注文商品明細\n************************************************\n\n商品コード：ああ\n商品名：パン     \n単価：￥220\n数量：1\n\n-------------------------------------------------\n小　計：￥220\n手数料：￥0\n送　料：￥840\n-------------------------------------------------\n合　計：￥1,060\n        (10 %対象：￥1,060)\n    ============================================\nお支払い合計：￥1,060\n\n************************************************\n　ご注文者情報\n************************************************\nお名前：テスト 太郎 様\nお名前(カナ)：テスト タロウ 様\n会社名：TSPC株式会社\n郵便番号：〒6680011\n住所：兵庫県豊岡市7\n電話番号：1111\nメールアドレス：ohshita@tspc.co.jp\n\n************************************************\n　配送情報\n************************************************\n\n◎お届け先\nお名前：テスト 太郎 様\nお名前(カナ)：テスト タロウ 様\n会社名：TSPC株式会社\n郵便番号：〒6680011\n住所：兵庫県豊岡市7\n電話番号：1111\n\n配送方法：クロネコヤマト\nお届け日：2021/03/20\nお届け時間：指定なし\n\n商品コード：ああ\n商品名：パン    \n数量：1\n\n\n\n============================================\n\nこのメッセージはお客様へのお知らせ専用ですので、\nこのメッセージへの返信としてご質問をお送りいただいても回答できません。\nご了承ください。\n',	'<!DOCTYPE html PUBLIC \"-//W3C//DTD HTML 4.01 Transitional//EN\" \"http://www.w3.org/TR/html4/loose.dtd\">\n<html xmlns=\"http://www.w3.org/1999/xhtml\">\n\n<body bgcolor=\"#F0F0F0\" leftmargin=\"0\" topmargin=\"0\" marginwidth=\"0\" marginheight=\"0\" style=\"margin-top:0;margin-bottom:0;margin-right:0;margin-left:0;padding-top:0;padding-bottom:0;padding-right:0;padding-left:0;-ms-text-size-adjust:100%;-webkit-text-size-adjust:100%;\">\n<br>\n<br>\n<div align=\"center\"><a href=\"https://phpstack-517100-1643419.cloudwaysapps.com/\" style=\"font-family:Helvetica, Arial, sans-serif;font-size:30px;color:#333333;text-decoration:none;\">THE ALL</a></div>\n<!-- 100% background wrapper (grey background) -->\n<table border=\"0\" width=\"100%\" height=\"100%\" cellpadding=\"0\" cellspacing=\"0\" bgcolor=\"#F0F0F0\" style=\"border-spacing:0;mso-table-lspace:0pt;mso-table-rspace:0pt;\">\n    <tr>\n        <td align=\"center\" valign=\"top\" bgcolor=\"#F0F0F0\" style=\"background-color:#F0F0F0;border-collapse:collapse;\">\n            <br>\n            <!-- 600px container (white background) -->\n            <table id=\"html-mail-table1\" border=\"0\" width=\"600px\" cellpadding=\"10\" cellspacing=\"0\" class=\"container\" style=\"border-spacing:0;mso-table-lspace:0pt;mso-table-rspace:0pt;\">\n                <tr>\n                    <td class=\"container-padding content\" align=\"left\" style=\"border-collapse:collapse;padding-left:24px;padding-right:24px;padding-top:12px;padding-bottom:12px;background-color:#ffffff;\">\n                        <br>\n                        <div class=\"title\" style=\"font-family:Helvetica, Arial, sans-serif;font-size:14px;line-height:20px;text-align:left;color:#333333;\">この度はご注文いただき誠にありがとうございます。</div>\n                        <br>\n                        <div class=\"body-text\" style=\"font-family:Helvetica, Arial, sans-serif;font-size:14px;line-height:20px;text-align:left;color:#333333;\">\n                            テスト 太郎 様<br/>\n                            <br/>\n                            下記ご注文内容にお間違えがないかご確認下さい。<br/>\n                            <br/>\n                            <hr style=\"border-top: 3px double #8c8b8b;\">\n                            　ご請求金額<br/>\n                            <hr style=\"border-top: 3px double #8c8b8b;\">\n                            ご注文日時：2021/03/01 14:35:56<br/>\n                            ご注文番号：1<br/>\n                            お支払い合計：￥1,060<br/>\n                            お支払い方法：銀行振込<br/>\n                                                        お問い合わせ：<br/>\n                            <br/>\n                            <hr style=\"border-top: 3px double #8c8b8b;\">\n                            　ご注文商品明細<br/>\n                            <hr style=\"border-top: 3px double #8c8b8b;\">\n                                                                                        商品コード：ああ<br/>\n                                商品名：パン    <br/>\n                                単価：￥220<br/>\n                                数量：1<br/>\n                                <br/>\n                                                                                    <hr style=\"border-top: 2px dashed #8c8b8b;\">\n                            小　計：￥220<br/>\n                            手数料：￥0<br/>\n                            送　料：￥840<br/>\n                                                        <hr style=\"border-top: 1px dotted #8c8b8b;\">\n                            合　計：￥1,060<br/>\n                                                            (10 %対象：￥1,060)<br/>\n                                                                                    <hr style=\"border-top: 1px dotted #8c8b8b;\">\n                            お支払い合計：￥1,060\n                            <br/>\n                            <hr style=\"border-top: 3px double #8c8b8b;\">\n                            ご注文者情報<br/>\n                            <hr style=\"border-top: 3px double #8c8b8b;\">\n                            お名前：テスト 太郎 様<br/>\n                            お名前(カナ)：テスト タロウ 様<br/>\n                                                            会社名：TSPC株式会社<br/>\n                                                        郵便番号：〒6680011<br/>\n                            住所：兵庫県豊岡市7<br/>\n                            電話番号：1111<br/>\n                            メールアドレス：ohshita@tspc.co.jp<br/>\n                            <br/>\n                            <hr style=\"border-top: 3px double #8c8b8b;\">\n                            　配送情報<br/>\n                            <hr style=\"border-top: 3px double #8c8b8b;\">\n\n                                                            ◎お届け先<br/>\n                                <br/>\n                                お名前：テスト 太郎 様<br/>\n                                お名前(カナ)：テスト タロウ 様<br/>\n                                                                    会社名：TSPC株式会社<br/>\n                                                                郵便番号：〒6680011<br/>\n                                住所：兵庫県豊岡市7<br/>\n                                電話番号：1111<br/>\n                                <br/>\n                                配送方法：クロネコヤマト<br/>\n                                お届け日：2021/03/20<br/>\n                                お届け時間：指定なし<br/>\n                                <br/>\n                                                                    商品コード：ああ<br/>\n                                    商品名：パン    <br/>\n                                    数量：1<br/>\n                                    <br/>\n                                                                                                                    <hr style=\"border-top: 2px dotted #8c8b8b;\">\n                            このメッセージはお客様へのお知らせ専用ですので、<br/>\n                            このメッセージへの返信としてご質問をお送りいただいても回答できません。<br/>\n                            ご了承ください。<br/>\n                        </div>\n                    </td>\n                </tr>\n            </table>\n            <!--/600px container -->\n            <br>\n            <br>\n            <table id=\"html-mail-table2\" border=\"0\" width=\"600px\" cellpadding=\"10\" cellspacing=\"0\" class=\"container\" style=\"border-spacing:0;mso-table-lspace:0pt;mso-table-rspace:0pt;\">\n                <tr>\n                    <td class=\"container-padding content footer-text\" align=\"left\" style=\"border-collapse:collapse;font-family:Helvetica, Arial, sans-serif;font-size:12px;line-height:16px;color:#aaaaaa;padding-left:24px;padding-right:24px;padding-top:12px;padding-bottom:12px;background-color:#ffffff;\">\n                        本メールは、THE ALLより送信しております。<br/>\n                        もしお心当たりが無い場合は、その旨 <a href=\"mailto:admin@example.com\" style=\"text-decoration:none;\">admin@example.com</a> までご連絡いただければ幸いです。<br/>\n                        <br/>\n                        <div class=\"title\" style=\"font-size:14px;font-family:Helvetica, Arial, sans-serif;font-weight:600;color:#374550;\"><a href=\"https://phpstack-517100-1643419.cloudwaysapps.com/\" style=\"color:#aaaaaa;text-decoration:none;\">THE ALL</a></div>\n                        <div>copyright &copy; THE ALL all rights reserved.</div>\n                    </td>\n                </tr>\n            </table>\n        </td>\n    </tr>\n</table>\n<!--/100% background wrapper-->\n<br>\n<br>\n</body>\n\n</html>\n',	'mailhistory'),
(2,	1,	1,	'2021-03-01 05:41:20',	'[THE ALL] ご注文ありがとうございます',	'テスト 太郎 様\r\n\r\nこの度はご注文いただき誠にありがとうございます。下記ご注文内容にお間違えがないかご確認下さい。\r\n\r\n************************************************\r\n　ご請求金額\r\n************************************************\r\n\r\nご注文日時：2021/03/01 14:35:56\r\nご注文番号：1\r\nお支払い合計：￥1,060\r\nお支払い方法：銀行振込\r\nお問い合わせ：\r\n\r\n\r\n************************************************\r\n　ご注文商品明細\r\n************************************************\r\n\r\n商品コード：ああ\r\n商品名：パン     \r\n単価：￥220\r\n数量：1\r\n\r\n-------------------------------------------------\r\n小　計：￥220\r\n手数料：￥0\r\n送　料：￥840\r\n-------------------------------------------------\r\n合　計：￥1,060\r\n        (10 %対象：￥1,060)\r\n    ============================================\r\nお支払い合計：￥1,060\r\n\r\n************************************************\r\n　ご注文者情報\r\n************************************************\r\nお名前：テスト 太郎 様\r\nお名前(カナ)：テスト タロウ 様\r\n会社名：TSPC株式会社\r\n郵便番号：〒6680011\r\n住所：兵庫県豊岡市7\r\n電話番号：1111\r\nメールアドレス：ohshita@tspc.co.jp\r\n\r\n************************************************\r\n　配送情報\r\n************************************************\r\n\r\n◎お届け先\r\nお名前：テスト 太郎 様\r\nお名前(カナ)：テスト タロウ 様\r\n会社名：TSPC株式会社\r\n郵便番号：〒6680011\r\n住所：兵庫県豊岡市7\r\n電話番号：1111\r\n\r\n配送方法：クロネコヤマト\r\nお届け日：2021/03/20\r\nお届け時間：指定なし\r\n\r\n商品コード：ああ\r\n商品名：パン    \r\n数量：1\r\n\r\n\r\n\r\n============================================\r\n\r\nこのメッセージはお客様へのお知らせ専用ですので、\r\nこのメッセージへの返信としてご質問をお送りいただいても回答できません。\r\nご了承ください。',	NULL,	'mailhistory'),
(3,	2,	NULL,	'2021-03-04 08:45:03',	'[THE ALL] ご注文ありがとうございます',	'チャーチル ライリー 様\n\nこの度はご注文いただき誠にありがとうございます。下記ご注文内容にお間違えがないかご確認下さい。\n\n************************************************\n　ご請求金額\n************************************************\n\nご注文日時：2021/03/04 17:45:03\nご注文番号：2\nお支払い合計：￥38,250\nお支払い方法：銀行振込\nご利用ポイント：0 pt\n加算ポイント：345 pt\nお問い合わせ：\n\n\n************************************************\n　ご注文商品明細\n************************************************\n\n商品コード：cube-06\n商品名：彩のジェラートCUBE  抹茶  16mm × 16mm 16mm × 16mm\n単価：￥37,950\n数量：1\n\n-------------------------------------------------\n小　計：￥37,950\n手数料：￥0\n送　料：￥300\n-------------------------------------------------\n合　計：￥38,250\n        (10 %対象：￥38,250)\n    ============================================\nお支払い合計：￥38,250\n\n************************************************\n　ご注文者情報\n************************************************\nお名前：チャーチル ライリー 様\nお名前(カナ)：チャーチル ライリー 様\n郵便番号：〒6293101\n住所：京都府京丹後市網野町網野123\n電話番号：12312341234\nメールアドレス：riley@subspire.co.jp\n\n************************************************\n　配送情報\n************************************************\n\n◎お届け先\nお名前：チャーチル ライリー 様\nお名前(カナ)：チャーチル ライリー 様\n郵便番号：〒6293101\n住所：京都府京丹後市網野町網野123\n電話番号：12312341234\n\n配送方法：通常配送\nお届け日：指定なし\nお届け時間：指定なし\n\n商品コード：cube-06\n商品名：彩のジェラートCUBE  抹茶  16mm × 16mm\n数量：1\n\n\n\n============================================\n\nこのメッセージはお客様へのお知らせ専用ですので、\nこのメッセージへの返信としてご質問をお送りいただいても回答できません。\nご了承ください。\n',	'<!DOCTYPE html PUBLIC \"-//W3C//DTD HTML 4.01 Transitional//EN\" \"http://www.w3.org/TR/html4/loose.dtd\">\n<html xmlns=\"http://www.w3.org/1999/xhtml\">\n\n<body bgcolor=\"#F0F0F0\" leftmargin=\"0\" topmargin=\"0\" marginwidth=\"0\" marginheight=\"0\" style=\"margin-top:0;margin-bottom:0;margin-right:0;margin-left:0;padding-top:0;padding-bottom:0;padding-right:0;padding-left:0;-ms-text-size-adjust:100%;-webkit-text-size-adjust:100%;\">\n<br>\n<br>\n<div align=\"center\"><a href=\"https://phpstack-517100-1643419.cloudwaysapps.com/\" style=\"font-family:Helvetica, Arial, sans-serif;font-size:30px;color:#333333;text-decoration:none;\">THE ALL</a></div>\n<!-- 100% background wrapper (grey background) -->\n<table border=\"0\" width=\"100%\" height=\"100%\" cellpadding=\"0\" cellspacing=\"0\" bgcolor=\"#F0F0F0\" style=\"border-spacing:0;mso-table-lspace:0pt;mso-table-rspace:0pt;\">\n    <tr>\n        <td align=\"center\" valign=\"top\" bgcolor=\"#F0F0F0\" style=\"background-color:#F0F0F0;border-collapse:collapse;\">\n            <br>\n            <!-- 600px container (white background) -->\n            <table id=\"html-mail-table1\" border=\"0\" width=\"600px\" cellpadding=\"10\" cellspacing=\"0\" class=\"container\" style=\"border-spacing:0;mso-table-lspace:0pt;mso-table-rspace:0pt;\">\n                <tr>\n                    <td class=\"container-padding content\" align=\"left\" style=\"border-collapse:collapse;padding-left:24px;padding-right:24px;padding-top:12px;padding-bottom:12px;background-color:#ffffff;\">\n                        <br>\n                        <div class=\"title\" style=\"font-family:Helvetica, Arial, sans-serif;font-size:14px;line-height:20px;text-align:left;color:#333333;\">この度はご注文いただき誠にありがとうございます。</div>\n                        <br>\n                        <div class=\"body-text\" style=\"font-family:Helvetica, Arial, sans-serif;font-size:14px;line-height:20px;text-align:left;color:#333333;\">\n                            チャーチル ライリー 様<br/>\n                            <br/>\n                            下記ご注文内容にお間違えがないかご確認下さい。<br/>\n                            <br/>\n                            <hr style=\"border-top: 3px double #8c8b8b;\">\n                            　ご請求金額<br/>\n                            <hr style=\"border-top: 3px double #8c8b8b;\">\n                            ご注文日時：2021/03/04 17:45:03<br/>\n                            ご注文番号：2<br/>\n                            お支払い合計：￥38,250<br/>\n                            お支払い方法：銀行振込<br/>\n                                                        ご利用ポイント：0 pt<br/>\n                            加算ポイント：345 pt<br/>\n                                                        お問い合わせ：<br/>\n                            <br/>\n                            <hr style=\"border-top: 3px double #8c8b8b;\">\n                            　ご注文商品明細<br/>\n                            <hr style=\"border-top: 3px double #8c8b8b;\">\n                                                                                        商品コード：cube-06<br/>\n                                商品名：彩のジェラートCUBE  抹茶  16mm × 16mm<br/>\n                                単価：￥37,950<br/>\n                                数量：1<br/>\n                                <br/>\n                                                                                    <hr style=\"border-top: 2px dashed #8c8b8b;\">\n                            小　計：￥37,950<br/>\n                            手数料：￥0<br/>\n                            送　料：￥300<br/>\n                                                        <hr style=\"border-top: 1px dotted #8c8b8b;\">\n                            合　計：￥38,250<br/>\n                                                            (10 %対象：￥38,250)<br/>\n                                                                                    <hr style=\"border-top: 1px dotted #8c8b8b;\">\n                            お支払い合計：￥38,250\n                            <br/>\n                            <hr style=\"border-top: 3px double #8c8b8b;\">\n                            ご注文者情報<br/>\n                            <hr style=\"border-top: 3px double #8c8b8b;\">\n                            お名前：チャーチル ライリー 様<br/>\n                            お名前(カナ)：チャーチル ライリー 様<br/>\n                                                        郵便番号：〒6293101<br/>\n                            住所：京都府京丹後市網野町網野123<br/>\n                            電話番号：12312341234<br/>\n                            メールアドレス：riley@subspire.co.jp<br/>\n                            <br/>\n                            <hr style=\"border-top: 3px double #8c8b8b;\">\n                            　配送情報<br/>\n                            <hr style=\"border-top: 3px double #8c8b8b;\">\n\n                                                            ◎お届け先<br/>\n                                <br/>\n                                お名前：チャーチル ライリー 様<br/>\n                                お名前(カナ)：チャーチル ライリー 様<br/>\n                                                                郵便番号：〒6293101<br/>\n                                住所：京都府京丹後市網野町網野123<br/>\n                                電話番号：12312341234<br/>\n                                <br/>\n                                配送方法：通常配送<br/>\n                                お届け日：指定なし<br/>\n                                お届け時間：指定なし<br/>\n                                <br/>\n                                                                    商品コード：cube-06<br/>\n                                    商品名：彩のジェラートCUBE  抹茶  16mm × 16mm<br/>\n                                    数量：1<br/>\n                                    <br/>\n                                                                                                                    <hr style=\"border-top: 2px dotted #8c8b8b;\">\n                            このメッセージはお客様へのお知らせ専用ですので、<br/>\n                            このメッセージへの返信としてご質問をお送りいただいても回答できません。<br/>\n                            ご了承ください。<br/>\n                        </div>\n                    </td>\n                </tr>\n            </table>\n            <!--/600px container -->\n            <br>\n            <br>\n            <table id=\"html-mail-table2\" border=\"0\" width=\"600px\" cellpadding=\"10\" cellspacing=\"0\" class=\"container\" style=\"border-spacing:0;mso-table-lspace:0pt;mso-table-rspace:0pt;\">\n                <tr>\n                    <td class=\"container-padding content footer-text\" align=\"left\" style=\"border-collapse:collapse;font-family:Helvetica, Arial, sans-serif;font-size:12px;line-height:16px;color:#aaaaaa;padding-left:24px;padding-right:24px;padding-top:12px;padding-bottom:12px;background-color:#ffffff;\">\n                        本メールは、THE ALLより送信しております。<br/>\n                        もしお心当たりが無い場合は、その旨 <a href=\"mailto:admin@example.com\" style=\"text-decoration:none;\">admin@example.com</a> までご連絡いただければ幸いです。<br/>\n                        <br/>\n                        <div class=\"title\" style=\"font-size:14px;font-family:Helvetica, Arial, sans-serif;font-weight:600;color:#374550;\"><a href=\"https://phpstack-517100-1643419.cloudwaysapps.com/\" style=\"color:#aaaaaa;text-decoration:none;\">THE ALL</a></div>\n                        <div>copyright &copy; THE ALL all rights reserved.</div>\n                    </td>\n                </tr>\n            </table>\n        </td>\n    </tr>\n</table>\n<!--/100% background wrapper-->\n<br>\n<br>\n</body>\n\n</html>\n',	'mailhistory'),
(4,	5,	NULL,	'2021-03-09 01:29:29',	'[THE ALL] ご注文ありがとうございます',	'チャーチル ライリー 様\n\nこの度はご注文いただき誠にありがとうございます。下記ご注文内容にお間違えがないかご確認下さい。\n\n************************************************\n　ご請求金額\n************************************************\n\nご注文日時：2021/03/09 10:29:29\nご注文番号：5\nお支払い合計：￥328,640\nお支払い方法：銀行振込\nご利用ポイント：0 pt\n加算ポイント：2,980 pt\nお問い合わせ：\n\n\n************************************************\n　ご注文商品明細\n************************************************\n\n商品コード：020-00350\n商品名：指輪     \n単価：￥327,800\n数量：1\n\n-------------------------------------------------\n小　計：￥327,800\n手数料：￥0\n送　料：￥840\n-------------------------------------------------\n合　計：￥328,640\n        (10 %対象：￥328,640)\n    ============================================\nお支払い合計：￥328,640\n\n************************************************\n　ご注文者情報\n************************************************\nお名前：チャーチル ライリー 様\nお名前(カナ)：チャーチル ライリー 様\n郵便番号：〒6293101\n住所：京都府京丹後市網野町網野123\n電話番号：12312341234\nメールアドレス：riley@subspire.co.jp\n\n************************************************\n　配送情報\n************************************************\n\n◎お届け先\nお名前：チャーチル ライリー 様\nお名前(カナ)：チャーチル ライリー 様\n郵便番号：〒6293101\n住所：京都府京丹後市網野町網野123\n電話番号：12312341234\n\n配送方法：クロネコヤマト\nお届け日：指定なし\nお届け時間：指定なし\n\n商品コード：020-00350\n商品名：指輪    \n数量：1\n\n\n\n============================================\n\nこのメッセージはお客様へのお知らせ専用ですので、\nこのメッセージへの返信としてご質問をお送りいただいても回答できません。\nご了承ください。\n',	'<!DOCTYPE html PUBLIC \"-//W3C//DTD HTML 4.01 Transitional//EN\" \"http://www.w3.org/TR/html4/loose.dtd\">\n<html xmlns=\"http://www.w3.org/1999/xhtml\">\n\n<body bgcolor=\"#F0F0F0\" leftmargin=\"0\" topmargin=\"0\" marginwidth=\"0\" marginheight=\"0\" style=\"margin-top:0;margin-bottom:0;margin-right:0;margin-left:0;padding-top:0;padding-bottom:0;padding-right:0;padding-left:0;-ms-text-size-adjust:100%;-webkit-text-size-adjust:100%;\">\n<br>\n<br>\n<div align=\"center\"><a href=\"https://phpstack-517100-1643419.cloudwaysapps.com/\" style=\"font-family:Helvetica, Arial, sans-serif;font-size:30px;color:#333333;text-decoration:none;\">THE ALL</a></div>\n<!-- 100% background wrapper (grey background) -->\n<table border=\"0\" width=\"100%\" height=\"100%\" cellpadding=\"0\" cellspacing=\"0\" bgcolor=\"#F0F0F0\" style=\"border-spacing:0;mso-table-lspace:0pt;mso-table-rspace:0pt;\">\n    <tr>\n        <td align=\"center\" valign=\"top\" bgcolor=\"#F0F0F0\" style=\"background-color:#F0F0F0;border-collapse:collapse;\">\n            <br>\n            <!-- 600px container (white background) -->\n            <table id=\"html-mail-table1\" border=\"0\" width=\"600px\" cellpadding=\"10\" cellspacing=\"0\" class=\"container\" style=\"border-spacing:0;mso-table-lspace:0pt;mso-table-rspace:0pt;\">\n                <tr>\n                    <td class=\"container-padding content\" align=\"left\" style=\"border-collapse:collapse;padding-left:24px;padding-right:24px;padding-top:12px;padding-bottom:12px;background-color:#ffffff;\">\n                        <br>\n                        <div class=\"title\" style=\"font-family:Helvetica, Arial, sans-serif;font-size:14px;line-height:20px;text-align:left;color:#333333;\">この度はご注文いただき誠にありがとうございます。</div>\n                        <br>\n                        <div class=\"body-text\" style=\"font-family:Helvetica, Arial, sans-serif;font-size:14px;line-height:20px;text-align:left;color:#333333;\">\n                            チャーチル ライリー 様<br/>\n                            <br/>\n                            下記ご注文内容にお間違えがないかご確認下さい。<br/>\n                            <br/>\n                            <hr style=\"border-top: 3px double #8c8b8b;\">\n                            　ご請求金額<br/>\n                            <hr style=\"border-top: 3px double #8c8b8b;\">\n                            ご注文日時：2021/03/09 10:29:29<br/>\n                            ご注文番号：5<br/>\n                            お支払い合計：￥328,640<br/>\n                            お支払い方法：銀行振込<br/>\n                                                        ご利用ポイント：0 pt<br/>\n                            加算ポイント：2,980 pt<br/>\n                                                        お問い合わせ：<br/>\n                            <br/>\n                            <hr style=\"border-top: 3px double #8c8b8b;\">\n                            　ご注文商品明細<br/>\n                            <hr style=\"border-top: 3px double #8c8b8b;\">\n                                                                                        商品コード：020-00350<br/>\n                                商品名：指輪    <br/>\n                                単価：￥327,800<br/>\n                                数量：1<br/>\n                                <br/>\n                                                                                    <hr style=\"border-top: 2px dashed #8c8b8b;\">\n                            小　計：￥327,800<br/>\n                            手数料：￥0<br/>\n                            送　料：￥840<br/>\n                                                        <hr style=\"border-top: 1px dotted #8c8b8b;\">\n                            合　計：￥328,640<br/>\n                                                            (10 %対象：￥328,640)<br/>\n                                                                                    <hr style=\"border-top: 1px dotted #8c8b8b;\">\n                            お支払い合計：￥328,640\n                            <br/>\n                            <hr style=\"border-top: 3px double #8c8b8b;\">\n                            ご注文者情報<br/>\n                            <hr style=\"border-top: 3px double #8c8b8b;\">\n                            お名前：チャーチル ライリー 様<br/>\n                            お名前(カナ)：チャーチル ライリー 様<br/>\n                                                        郵便番号：〒6293101<br/>\n                            住所：京都府京丹後市網野町網野123<br/>\n                            電話番号：12312341234<br/>\n                            メールアドレス：riley@subspire.co.jp<br/>\n                            <br/>\n                            <hr style=\"border-top: 3px double #8c8b8b;\">\n                            　配送情報<br/>\n                            <hr style=\"border-top: 3px double #8c8b8b;\">\n\n                                                            ◎お届け先<br/>\n                                <br/>\n                                お名前：チャーチル ライリー 様<br/>\n                                お名前(カナ)：チャーチル ライリー 様<br/>\n                                                                郵便番号：〒6293101<br/>\n                                住所：京都府京丹後市網野町網野123<br/>\n                                電話番号：12312341234<br/>\n                                <br/>\n                                配送方法：クロネコヤマト<br/>\n                                お届け日：指定なし<br/>\n                                お届け時間：指定なし<br/>\n                                <br/>\n                                                                    商品コード：020-00350<br/>\n                                    商品名：指輪    <br/>\n                                    数量：1<br/>\n                                    <br/>\n                                                                                                                    <hr style=\"border-top: 2px dotted #8c8b8b;\">\n                            このメッセージはお客様へのお知らせ専用ですので、<br/>\n                            このメッセージへの返信としてご質問をお送りいただいても回答できません。<br/>\n                            ご了承ください。<br/>\n                        </div>\n                    </td>\n                </tr>\n            </table>\n            <!--/600px container -->\n            <br>\n            <br>\n            <table id=\"html-mail-table2\" border=\"0\" width=\"600px\" cellpadding=\"10\" cellspacing=\"0\" class=\"container\" style=\"border-spacing:0;mso-table-lspace:0pt;mso-table-rspace:0pt;\">\n                <tr>\n                    <td class=\"container-padding content footer-text\" align=\"left\" style=\"border-collapse:collapse;font-family:Helvetica, Arial, sans-serif;font-size:12px;line-height:16px;color:#aaaaaa;padding-left:24px;padding-right:24px;padding-top:12px;padding-bottom:12px;background-color:#ffffff;\">\n                        本メールは、THE ALLより送信しております。<br/>\n                        もしお心当たりが無い場合は、その旨 <a href=\"mailto:admin@example.com\" style=\"text-decoration:none;\">admin@example.com</a> までご連絡いただければ幸いです。<br/>\n                        <br/>\n                        <div class=\"title\" style=\"font-size:14px;font-family:Helvetica, Arial, sans-serif;font-weight:600;color:#374550;\"><a href=\"https://phpstack-517100-1643419.cloudwaysapps.com/\" style=\"color:#aaaaaa;text-decoration:none;\">THE ALL</a></div>\n                        <div>copyright &copy; THE ALL all rights reserved.</div>\n                    </td>\n                </tr>\n            </table>\n        </td>\n    </tr>\n</table>\n<!--/100% background wrapper-->\n<br>\n<br>\n</body>\n\n</html>\n',	'mailhistory'),
(5,	6,	NULL,	'2021-03-09 01:32:26',	'[THE ALL] ご注文ありがとうございます',	'チャーチル ライリー 様\n\nこの度はご注文いただき誠にありがとうございます。下記ご注文内容にお間違えがないかご確認下さい。\n\n************************************************\n　ご請求金額\n************************************************\n\nご注文日時：2021/03/09 10:32:26\nご注文番号：6\nお支払い合計：￥328,640\nお支払い方法：銀行振込\nご利用ポイント：0 pt\n加算ポイント：2,980 pt\nお問い合わせ：\n\n\n************************************************\n　ご注文商品明細\n************************************************\n\n商品コード：020-00350\n商品名：指輪     \n単価：￥327,800\n数量：1\n\n-------------------------------------------------\n小　計：￥327,800\n手数料：￥0\n送　料：￥840\n-------------------------------------------------\n合　計：￥328,640\n        (10 %対象：￥328,640)\n    ============================================\nお支払い合計：￥328,640\n\n************************************************\n　ご注文者情報\n************************************************\nお名前：チャーチル ライリー 様\nお名前(カナ)：チャーチル ライリー 様\n郵便番号：〒6293101\n住所：京都府京丹後市網野町網野123\n電話番号：12312341234\nメールアドレス：riley@subspire.co.jp\n\n************************************************\n　配送情報\n************************************************\n\n◎お届け先\nお名前：チャーチル ライリー 様\nお名前(カナ)：チャーチル ライリー 様\n郵便番号：〒6293101\n住所：京都府京丹後市網野町網野123\n電話番号：12312341234\n\n配送方法：クロネコヤマト\nお届け日：指定なし\nお届け時間：指定なし\n\n商品コード：020-00350\n商品名：指輪    \n数量：1\n\n\n\n============================================\n\nこのメッセージはお客様へのお知らせ専用ですので、\nこのメッセージへの返信としてご質問をお送りいただいても回答できません。\nご了承ください。\n',	'<!DOCTYPE html PUBLIC \"-//W3C//DTD HTML 4.01 Transitional//EN\" \"http://www.w3.org/TR/html4/loose.dtd\">\n<html xmlns=\"http://www.w3.org/1999/xhtml\">\n\n<body bgcolor=\"#F0F0F0\" leftmargin=\"0\" topmargin=\"0\" marginwidth=\"0\" marginheight=\"0\" style=\"margin-top:0;margin-bottom:0;margin-right:0;margin-left:0;padding-top:0;padding-bottom:0;padding-right:0;padding-left:0;-ms-text-size-adjust:100%;-webkit-text-size-adjust:100%;\">\n<br>\n<br>\n<div align=\"center\"><a href=\"https://phpstack-517100-1643419.cloudwaysapps.com/\" style=\"font-family:Helvetica, Arial, sans-serif;font-size:30px;color:#333333;text-decoration:none;\">THE ALL</a></div>\n<!-- 100% background wrapper (grey background) -->\n<table border=\"0\" width=\"100%\" height=\"100%\" cellpadding=\"0\" cellspacing=\"0\" bgcolor=\"#F0F0F0\" style=\"border-spacing:0;mso-table-lspace:0pt;mso-table-rspace:0pt;\">\n    <tr>\n        <td align=\"center\" valign=\"top\" bgcolor=\"#F0F0F0\" style=\"background-color:#F0F0F0;border-collapse:collapse;\">\n            <br>\n            <!-- 600px container (white background) -->\n            <table id=\"html-mail-table1\" border=\"0\" width=\"600px\" cellpadding=\"10\" cellspacing=\"0\" class=\"container\" style=\"border-spacing:0;mso-table-lspace:0pt;mso-table-rspace:0pt;\">\n                <tr>\n                    <td class=\"container-padding content\" align=\"left\" style=\"border-collapse:collapse;padding-left:24px;padding-right:24px;padding-top:12px;padding-bottom:12px;background-color:#ffffff;\">\n                        <br>\n                        <div class=\"title\" style=\"font-family:Helvetica, Arial, sans-serif;font-size:14px;line-height:20px;text-align:left;color:#333333;\">この度はご注文いただき誠にありがとうございます。</div>\n                        <br>\n                        <div class=\"body-text\" style=\"font-family:Helvetica, Arial, sans-serif;font-size:14px;line-height:20px;text-align:left;color:#333333;\">\n                            チャーチル ライリー 様<br/>\n                            <br/>\n                            下記ご注文内容にお間違えがないかご確認下さい。<br/>\n                            <br/>\n                            <hr style=\"border-top: 3px double #8c8b8b;\">\n                            　ご請求金額<br/>\n                            <hr style=\"border-top: 3px double #8c8b8b;\">\n                            ご注文日時：2021/03/09 10:32:26<br/>\n                            ご注文番号：6<br/>\n                            お支払い合計：￥328,640<br/>\n                            お支払い方法：銀行振込<br/>\n                                                        ご利用ポイント：0 pt<br/>\n                            加算ポイント：2,980 pt<br/>\n                                                        お問い合わせ：<br/>\n                            <br/>\n                            <hr style=\"border-top: 3px double #8c8b8b;\">\n                            　ご注文商品明細<br/>\n                            <hr style=\"border-top: 3px double #8c8b8b;\">\n                                                                                        商品コード：020-00350<br/>\n                                商品名：指輪    <br/>\n                                単価：￥327,800<br/>\n                                数量：1<br/>\n                                <br/>\n                                                                                    <hr style=\"border-top: 2px dashed #8c8b8b;\">\n                            小　計：￥327,800<br/>\n                            手数料：￥0<br/>\n                            送　料：￥840<br/>\n                                                        <hr style=\"border-top: 1px dotted #8c8b8b;\">\n                            合　計：￥328,640<br/>\n                                                            (10 %対象：￥328,640)<br/>\n                                                                                    <hr style=\"border-top: 1px dotted #8c8b8b;\">\n                            お支払い合計：￥328,640\n                            <br/>\n                            <hr style=\"border-top: 3px double #8c8b8b;\">\n                            ご注文者情報<br/>\n                            <hr style=\"border-top: 3px double #8c8b8b;\">\n                            お名前：チャーチル ライリー 様<br/>\n                            お名前(カナ)：チャーチル ライリー 様<br/>\n                                                        郵便番号：〒6293101<br/>\n                            住所：京都府京丹後市網野町網野123<br/>\n                            電話番号：12312341234<br/>\n                            メールアドレス：riley@subspire.co.jp<br/>\n                            <br/>\n                            <hr style=\"border-top: 3px double #8c8b8b;\">\n                            　配送情報<br/>\n                            <hr style=\"border-top: 3px double #8c8b8b;\">\n\n                                                            ◎お届け先<br/>\n                                <br/>\n                                お名前：チャーチル ライリー 様<br/>\n                                お名前(カナ)：チャーチル ライリー 様<br/>\n                                                                郵便番号：〒6293101<br/>\n                                住所：京都府京丹後市網野町網野123<br/>\n                                電話番号：12312341234<br/>\n                                <br/>\n                                配送方法：クロネコヤマト<br/>\n                                お届け日：指定なし<br/>\n                                お届け時間：指定なし<br/>\n                                <br/>\n                                                                    商品コード：020-00350<br/>\n                                    商品名：指輪    <br/>\n                                    数量：1<br/>\n                                    <br/>\n                                                                                                                    <hr style=\"border-top: 2px dotted #8c8b8b;\">\n                            このメッセージはお客様へのお知らせ専用ですので、<br/>\n                            このメッセージへの返信としてご質問をお送りいただいても回答できません。<br/>\n                            ご了承ください。<br/>\n                        </div>\n                    </td>\n                </tr>\n            </table>\n            <!--/600px container -->\n            <br>\n            <br>\n            <table id=\"html-mail-table2\" border=\"0\" width=\"600px\" cellpadding=\"10\" cellspacing=\"0\" class=\"container\" style=\"border-spacing:0;mso-table-lspace:0pt;mso-table-rspace:0pt;\">\n                <tr>\n                    <td class=\"container-padding content footer-text\" align=\"left\" style=\"border-collapse:collapse;font-family:Helvetica, Arial, sans-serif;font-size:12px;line-height:16px;color:#aaaaaa;padding-left:24px;padding-right:24px;padding-top:12px;padding-bottom:12px;background-color:#ffffff;\">\n                        本メールは、THE ALLより送信しております。<br/>\n                        もしお心当たりが無い場合は、その旨 <a href=\"mailto:admin@example.com\" style=\"text-decoration:none;\">admin@example.com</a> までご連絡いただければ幸いです。<br/>\n                        <br/>\n                        <div class=\"title\" style=\"font-size:14px;font-family:Helvetica, Arial, sans-serif;font-weight:600;color:#374550;\"><a href=\"https://phpstack-517100-1643419.cloudwaysapps.com/\" style=\"color:#aaaaaa;text-decoration:none;\">THE ALL</a></div>\n                        <div>copyright &copy; THE ALL all rights reserved.</div>\n                    </td>\n                </tr>\n            </table>\n        </td>\n    </tr>\n</table>\n<!--/100% background wrapper-->\n<br>\n<br>\n</body>\n\n</html>\n',	'mailhistory'),
(6,	8,	NULL,	'2021-03-09 05:42:35',	'[THE ALL] ご注文ありがとうございます',	'山本 太郎 様\n\nこの度はご注文いただき誠にありがとうございます。下記ご注文内容にお間違えがないかご確認下さい。\n\n************************************************\n　ご請求金額\n************************************************\n\nご注文日時：2021/03/09 14:42:35\nご注文番号：8\nお支払い合計：￥14,600\nお支払い方法：銀行振込\nお問い合わせ：メールアドレス不良のテスト\n\n\n************************************************\n　ご注文商品明細\n************************************************\n\n商品コード：cube-08\n商品名：彩のジェラートCUBE  チョコ  32mm × 32mm 32mm × 32mm\n単価：￥14,300\n数量：1\n\n-------------------------------------------------\n小　計：￥14,300\n手数料：￥0\n送　料：￥300\n-------------------------------------------------\n合　計：￥14,600\n        (10 %対象：￥14,600)\n    ============================================\nお支払い合計：￥14,600\n\n************************************************\n　ご注文者情報\n************************************************\nお名前：山本 太郎 様\nお名前(カナ)：ヤマモト タロウ 様\n会社名：TSPC株式会社\n郵便番号：〒6680044\n住所：兵庫県豊岡市山王町7-7\n電話番号：0976224477\nメールアドレス：ohshita1@tspc.co.jp\n\n************************************************\n　配送情報\n************************************************\n\n◎お届け先\nお名前：山本 太郎 様\nお名前(カナ)：ヤマモト タロウ 様\n会社名：TSPC株式会社\n郵便番号：〒6680044\n住所：兵庫県豊岡市山王町7-7\n電話番号：0976224477\n\n配送方法：通常配送\nお届け日：指定なし\nお届け時間：指定なし\n\n商品コード：cube-08\n商品名：彩のジェラートCUBE  チョコ  32mm × 32mm\n数量：1\n\n\n\n============================================\n\nこのメッセージはお客様へのお知らせ専用ですので、\nこのメッセージへの返信としてご質問をお送りいただいても回答できません。\nご了承ください。\n',	'<!DOCTYPE html PUBLIC \"-//W3C//DTD HTML 4.01 Transitional//EN\" \"http://www.w3.org/TR/html4/loose.dtd\">\n<html xmlns=\"http://www.w3.org/1999/xhtml\">\n\n<body bgcolor=\"#F0F0F0\" leftmargin=\"0\" topmargin=\"0\" marginwidth=\"0\" marginheight=\"0\" style=\"margin-top:0;margin-bottom:0;margin-right:0;margin-left:0;padding-top:0;padding-bottom:0;padding-right:0;padding-left:0;-ms-text-size-adjust:100%;-webkit-text-size-adjust:100%;\">\n<br>\n<br>\n<div align=\"center\"><a href=\"https://phpstack-517100-1643419.cloudwaysapps.com/\" style=\"font-family:Helvetica, Arial, sans-serif;font-size:30px;color:#333333;text-decoration:none;\">THE ALL</a></div>\n<!-- 100% background wrapper (grey background) -->\n<table border=\"0\" width=\"100%\" height=\"100%\" cellpadding=\"0\" cellspacing=\"0\" bgcolor=\"#F0F0F0\" style=\"border-spacing:0;mso-table-lspace:0pt;mso-table-rspace:0pt;\">\n    <tr>\n        <td align=\"center\" valign=\"top\" bgcolor=\"#F0F0F0\" style=\"background-color:#F0F0F0;border-collapse:collapse;\">\n            <br>\n            <!-- 600px container (white background) -->\n            <table id=\"html-mail-table1\" border=\"0\" width=\"600px\" cellpadding=\"10\" cellspacing=\"0\" class=\"container\" style=\"border-spacing:0;mso-table-lspace:0pt;mso-table-rspace:0pt;\">\n                <tr>\n                    <td class=\"container-padding content\" align=\"left\" style=\"border-collapse:collapse;padding-left:24px;padding-right:24px;padding-top:12px;padding-bottom:12px;background-color:#ffffff;\">\n                        <br>\n                        <div class=\"title\" style=\"font-family:Helvetica, Arial, sans-serif;font-size:14px;line-height:20px;text-align:left;color:#333333;\">この度はご注文いただき誠にありがとうございます。</div>\n                        <br>\n                        <div class=\"body-text\" style=\"font-family:Helvetica, Arial, sans-serif;font-size:14px;line-height:20px;text-align:left;color:#333333;\">\n                            山本 太郎 様<br/>\n                            <br/>\n                            下記ご注文内容にお間違えがないかご確認下さい。<br/>\n                            <br/>\n                            <hr style=\"border-top: 3px double #8c8b8b;\">\n                            　ご請求金額<br/>\n                            <hr style=\"border-top: 3px double #8c8b8b;\">\n                            ご注文日時：2021/03/09 14:42:35<br/>\n                            ご注文番号：8<br/>\n                            お支払い合計：￥14,600<br/>\n                            お支払い方法：銀行振込<br/>\n                                                        お問い合わせ：メールアドレス不良のテスト<br/>\n                            <br/>\n                            <hr style=\"border-top: 3px double #8c8b8b;\">\n                            　ご注文商品明細<br/>\n                            <hr style=\"border-top: 3px double #8c8b8b;\">\n                                                                                        商品コード：cube-08<br/>\n                                商品名：彩のジェラートCUBE  チョコ  32mm × 32mm<br/>\n                                単価：￥14,300<br/>\n                                数量：1<br/>\n                                <br/>\n                                                                                    <hr style=\"border-top: 2px dashed #8c8b8b;\">\n                            小　計：￥14,300<br/>\n                            手数料：￥0<br/>\n                            送　料：￥300<br/>\n                                                        <hr style=\"border-top: 1px dotted #8c8b8b;\">\n                            合　計：￥14,600<br/>\n                                                            (10 %対象：￥14,600)<br/>\n                                                                                    <hr style=\"border-top: 1px dotted #8c8b8b;\">\n                            お支払い合計：￥14,600\n                            <br/>\n                            <hr style=\"border-top: 3px double #8c8b8b;\">\n                            ご注文者情報<br/>\n                            <hr style=\"border-top: 3px double #8c8b8b;\">\n                            お名前：山本 太郎 様<br/>\n                            お名前(カナ)：ヤマモト タロウ 様<br/>\n                                                            会社名：TSPC株式会社<br/>\n                                                        郵便番号：〒6680044<br/>\n                            住所：兵庫県豊岡市山王町7-7<br/>\n                            電話番号：0976224477<br/>\n                            メールアドレス：ohshita1@tspc.co.jp<br/>\n                            <br/>\n                            <hr style=\"border-top: 3px double #8c8b8b;\">\n                            　配送情報<br/>\n                            <hr style=\"border-top: 3px double #8c8b8b;\">\n\n                                                            ◎お届け先<br/>\n                                <br/>\n                                お名前：山本 太郎 様<br/>\n                                お名前(カナ)：ヤマモト タロウ 様<br/>\n                                                                    会社名：TSPC株式会社<br/>\n                                                                郵便番号：〒6680044<br/>\n                                住所：兵庫県豊岡市山王町7-7<br/>\n                                電話番号：0976224477<br/>\n                                <br/>\n                                配送方法：通常配送<br/>\n                                お届け日：指定なし<br/>\n                                お届け時間：指定なし<br/>\n                                <br/>\n                                                                    商品コード：cube-08<br/>\n                                    商品名：彩のジェラートCUBE  チョコ  32mm × 32mm<br/>\n                                    数量：1<br/>\n                                    <br/>\n                                                                                                                    <hr style=\"border-top: 2px dotted #8c8b8b;\">\n                            このメッセージはお客様へのお知らせ専用ですので、<br/>\n                            このメッセージへの返信としてご質問をお送りいただいても回答できません。<br/>\n                            ご了承ください。<br/>\n                        </div>\n                    </td>\n                </tr>\n            </table>\n            <!--/600px container -->\n            <br>\n            <br>\n            <table id=\"html-mail-table2\" border=\"0\" width=\"600px\" cellpadding=\"10\" cellspacing=\"0\" class=\"container\" style=\"border-spacing:0;mso-table-lspace:0pt;mso-table-rspace:0pt;\">\n                <tr>\n                    <td class=\"container-padding content footer-text\" align=\"left\" style=\"border-collapse:collapse;font-family:Helvetica, Arial, sans-serif;font-size:12px;line-height:16px;color:#aaaaaa;padding-left:24px;padding-right:24px;padding-top:12px;padding-bottom:12px;background-color:#ffffff;\">\n                        本メールは、THE ALLより送信しております。<br/>\n                        もしお心当たりが無い場合は、その旨 <a href=\"mailto:admin@example.com\" style=\"text-decoration:none;\">admin@example.com</a> までご連絡いただければ幸いです。<br/>\n                        <br/>\n                        <div class=\"title\" style=\"font-size:14px;font-family:Helvetica, Arial, sans-serif;font-weight:600;color:#374550;\"><a href=\"https://phpstack-517100-1643419.cloudwaysapps.com/\" style=\"color:#aaaaaa;text-decoration:none;\">THE ALL</a></div>\n                        <div>copyright &copy; THE ALL all rights reserved.</div>\n                    </td>\n                </tr>\n            </table>\n        </td>\n    </tr>\n</table>\n<!--/100% background wrapper-->\n<br>\n<br>\n</body>\n\n</html>\n',	'mailhistory'),
(7,	9,	NULL,	'2021-03-09 07:19:15',	'[THE ALL] ご注文ありがとうございます',	'テスト 五郎 様\n\nこの度はご注文いただき誠にありがとうございます。下記ご注文内容にお間違えがないかご確認下さい。\n\n************************************************\n　ご請求金額\n************************************************\n\nご注文日時：2021/03/09 16:19:15\nご注文番号：9\nお支払い合計：￥43,740\nお支払い方法：銀行振込\nお問い合わせ：\n\n\n************************************************\n　ご注文商品明細\n************************************************\n\n商品コード：R-200220\n商品名：ネックレス     \n単価：￥42,900\n数量：1\n\n-------------------------------------------------\n小　計：￥42,900\n手数料：￥0\n送　料：￥840\n-------------------------------------------------\n合　計：￥43,740\n        (10 %対象：￥43,740)\n    ============================================\nお支払い合計：￥43,740\n\n************************************************\n　ご注文者情報\n************************************************\nお名前：テスト 五郎 様\nお名前(カナ)：テスト ゴロウ 様\n会社名：TSPC株式会社\n郵便番号：〒6680211\n住所：兵庫県豊岡市出石町下谷４\n電話番号：0799\nメールアドレス：ohshita@tspc.co.jp\n\n************************************************\n　配送情報\n************************************************\n\n◎お届け先\nお名前：テスト 五郎 様\nお名前(カナ)：テスト ゴロウ 様\n会社名：TSPC株式会社\n郵便番号：〒6680211\n住所：兵庫県豊岡市４\n電話番号：0799\n\n配送方法：クロネコヤマト\nお届け日：指定なし\nお届け時間：指定なし\n\n商品コード：R-200220\n商品名：ネックレス    \n数量：1\n\n\n\n============================================\n\nこのメッセージはお客様へのお知らせ専用ですので、\nこのメッセージへの返信としてご質問をお送りいただいても回答できません。\nご了承ください。\n',	'<!DOCTYPE html PUBLIC \"-//W3C//DTD HTML 4.01 Transitional//EN\" \"http://www.w3.org/TR/html4/loose.dtd\">\n<html xmlns=\"http://www.w3.org/1999/xhtml\">\n\n<body bgcolor=\"#F0F0F0\" leftmargin=\"0\" topmargin=\"0\" marginwidth=\"0\" marginheight=\"0\" style=\"margin-top:0;margin-bottom:0;margin-right:0;margin-left:0;padding-top:0;padding-bottom:0;padding-right:0;padding-left:0;-ms-text-size-adjust:100%;-webkit-text-size-adjust:100%;\">\n<br>\n<br>\n<div align=\"center\"><a href=\"https://phpstack-517100-1643419.cloudwaysapps.com/\" style=\"font-family:Helvetica, Arial, sans-serif;font-size:30px;color:#333333;text-decoration:none;\">THE ALL</a></div>\n<!-- 100% background wrapper (grey background) -->\n<table border=\"0\" width=\"100%\" height=\"100%\" cellpadding=\"0\" cellspacing=\"0\" bgcolor=\"#F0F0F0\" style=\"border-spacing:0;mso-table-lspace:0pt;mso-table-rspace:0pt;\">\n    <tr>\n        <td align=\"center\" valign=\"top\" bgcolor=\"#F0F0F0\" style=\"background-color:#F0F0F0;border-collapse:collapse;\">\n            <br>\n            <!-- 600px container (white background) -->\n            <table id=\"html-mail-table1\" border=\"0\" width=\"600px\" cellpadding=\"10\" cellspacing=\"0\" class=\"container\" style=\"border-spacing:0;mso-table-lspace:0pt;mso-table-rspace:0pt;\">\n                <tr>\n                    <td class=\"container-padding content\" align=\"left\" style=\"border-collapse:collapse;padding-left:24px;padding-right:24px;padding-top:12px;padding-bottom:12px;background-color:#ffffff;\">\n                        <br>\n                        <div class=\"title\" style=\"font-family:Helvetica, Arial, sans-serif;font-size:14px;line-height:20px;text-align:left;color:#333333;\">この度はご注文いただき誠にありがとうございます。</div>\n                        <br>\n                        <div class=\"body-text\" style=\"font-family:Helvetica, Arial, sans-serif;font-size:14px;line-height:20px;text-align:left;color:#333333;\">\n                            テスト 五郎 様<br/>\n                            <br/>\n                            下記ご注文内容にお間違えがないかご確認下さい。<br/>\n                            <br/>\n                            <hr style=\"border-top: 3px double #8c8b8b;\">\n                            　ご請求金額<br/>\n                            <hr style=\"border-top: 3px double #8c8b8b;\">\n                            ご注文日時：2021/03/09 16:19:15<br/>\n                            ご注文番号：9<br/>\n                            お支払い合計：￥43,740<br/>\n                            お支払い方法：銀行振込<br/>\n                                                        お問い合わせ：<br/>\n                            <br/>\n                            <hr style=\"border-top: 3px double #8c8b8b;\">\n                            　ご注文商品明細<br/>\n                            <hr style=\"border-top: 3px double #8c8b8b;\">\n                                                                                        商品コード：R-200220<br/>\n                                商品名：ネックレス    <br/>\n                                単価：￥42,900<br/>\n                                数量：1<br/>\n                                <br/>\n                                                                                    <hr style=\"border-top: 2px dashed #8c8b8b;\">\n                            小　計：￥42,900<br/>\n                            手数料：￥0<br/>\n                            送　料：￥840<br/>\n                                                        <hr style=\"border-top: 1px dotted #8c8b8b;\">\n                            合　計：￥43,740<br/>\n                                                            (10 %対象：￥43,740)<br/>\n                                                                                    <hr style=\"border-top: 1px dotted #8c8b8b;\">\n                            お支払い合計：￥43,740\n                            <br/>\n                            <hr style=\"border-top: 3px double #8c8b8b;\">\n                            ご注文者情報<br/>\n                            <hr style=\"border-top: 3px double #8c8b8b;\">\n                            お名前：テスト 五郎 様<br/>\n                            お名前(カナ)：テスト ゴロウ 様<br/>\n                                                            会社名：TSPC株式会社<br/>\n                                                        郵便番号：〒6680211<br/>\n                            住所：兵庫県豊岡市出石町下谷４<br/>\n                            電話番号：0799<br/>\n                            メールアドレス：ohshita@tspc.co.jp<br/>\n                            <br/>\n                            <hr style=\"border-top: 3px double #8c8b8b;\">\n                            　配送情報<br/>\n                            <hr style=\"border-top: 3px double #8c8b8b;\">\n\n                                                            ◎お届け先<br/>\n                                <br/>\n                                お名前：テスト 五郎 様<br/>\n                                お名前(カナ)：テスト ゴロウ 様<br/>\n                                                                    会社名：TSPC株式会社<br/>\n                                                                郵便番号：〒6680211<br/>\n                                住所：兵庫県豊岡市４<br/>\n                                電話番号：0799<br/>\n                                <br/>\n                                配送方法：クロネコヤマト<br/>\n                                お届け日：指定なし<br/>\n                                お届け時間：指定なし<br/>\n                                <br/>\n                                                                    商品コード：R-200220<br/>\n                                    商品名：ネックレス    <br/>\n                                    数量：1<br/>\n                                    <br/>\n                                                                                                                    <hr style=\"border-top: 2px dotted #8c8b8b;\">\n                            このメッセージはお客様へのお知らせ専用ですので、<br/>\n                            このメッセージへの返信としてご質問をお送りいただいても回答できません。<br/>\n                            ご了承ください。<br/>\n                        </div>\n                    </td>\n                </tr>\n            </table>\n            <!--/600px container -->\n            <br>\n            <br>\n            <table id=\"html-mail-table2\" border=\"0\" width=\"600px\" cellpadding=\"10\" cellspacing=\"0\" class=\"container\" style=\"border-spacing:0;mso-table-lspace:0pt;mso-table-rspace:0pt;\">\n                <tr>\n                    <td class=\"container-padding content footer-text\" align=\"left\" style=\"border-collapse:collapse;font-family:Helvetica, Arial, sans-serif;font-size:12px;line-height:16px;color:#aaaaaa;padding-left:24px;padding-right:24px;padding-top:12px;padding-bottom:12px;background-color:#ffffff;\">\n                        本メールは、THE ALLより送信しております。<br/>\n                        もしお心当たりが無い場合は、その旨 <a href=\"mailto:admin@example.com\" style=\"text-decoration:none;\">admin@example.com</a> までご連絡いただければ幸いです。<br/>\n                        <br/>\n                        <div class=\"title\" style=\"font-size:14px;font-family:Helvetica, Arial, sans-serif;font-weight:600;color:#374550;\"><a href=\"https://phpstack-517100-1643419.cloudwaysapps.com/\" style=\"color:#aaaaaa;text-decoration:none;\">THE ALL</a></div>\n                        <div>copyright &copy; THE ALL all rights reserved.</div>\n                    </td>\n                </tr>\n            </table>\n        </td>\n    </tr>\n</table>\n<!--/100% background wrapper-->\n<br>\n<br>\n</body>\n\n</html>\n',	'mailhistory'),
(8,	10,	NULL,	'2021-03-09 07:20:35',	'[THE ALL] ご注文ありがとうございます',	'テスト ゴロウ 様\n\nこの度はご注文いただき誠にありがとうございます。下記ご注文内容にお間違えがないかご確認下さい。\n\n************************************************\n　ご請求金額\n************************************************\n\nご注文日時：2021/03/09 16:20:35\nご注文番号：10\nお支払い合計：￥55,300\nお支払い方法：銀行振込\nお問い合わせ：\n\n\n************************************************\n　ご注文商品明細\n************************************************\n\n商品コード：\n商品名：test 11     \n単価：￥55,000\n数量：1\n\n-------------------------------------------------\n小　計：￥55,000\n手数料：￥0\n送　料：￥300\n-------------------------------------------------\n合　計：￥55,300\n        (10 %対象：￥55,300)\n    ============================================\nお支払い合計：￥55,300\n\n************************************************\n　ご注文者情報\n************************************************\nお名前：テスト ゴロウ 様\nお名前(カナ)：テスト ゴロウ 様\n会社名：TSPC株式会社\n郵便番号：〒6680211\n住所：兵庫県豊岡市7\n電話番号：079652\nメールアドレス：ohshita@tspc.co.jp\n\n************************************************\n　配送情報\n************************************************\n\n◎お届け先\nお名前：テスト ゴロウ 様\nお名前(カナ)：テスト ゴロウ 様\n会社名：TSPC株式会社\n郵便番号：〒6680211\n住所：兵庫県豊岡市7\n電話番号：079652\n\n配送方法：通常配送\nお届け日：指定なし\nお届け時間：指定なし\n\n商品コード：\n商品名：test 11    \n数量：1\n\n\n\n============================================\n\nこのメッセージはお客様へのお知らせ専用ですので、\nこのメッセージへの返信としてご質問をお送りいただいても回答できません。\nご了承ください。\n',	'<!DOCTYPE html PUBLIC \"-//W3C//DTD HTML 4.01 Transitional//EN\" \"http://www.w3.org/TR/html4/loose.dtd\">\n<html xmlns=\"http://www.w3.org/1999/xhtml\">\n\n<body bgcolor=\"#F0F0F0\" leftmargin=\"0\" topmargin=\"0\" marginwidth=\"0\" marginheight=\"0\" style=\"margin-top:0;margin-bottom:0;margin-right:0;margin-left:0;padding-top:0;padding-bottom:0;padding-right:0;padding-left:0;-ms-text-size-adjust:100%;-webkit-text-size-adjust:100%;\">\n<br>\n<br>\n<div align=\"center\"><a href=\"https://phpstack-517100-1643419.cloudwaysapps.com/\" style=\"font-family:Helvetica, Arial, sans-serif;font-size:30px;color:#333333;text-decoration:none;\">THE ALL</a></div>\n<!-- 100% background wrapper (grey background) -->\n<table border=\"0\" width=\"100%\" height=\"100%\" cellpadding=\"0\" cellspacing=\"0\" bgcolor=\"#F0F0F0\" style=\"border-spacing:0;mso-table-lspace:0pt;mso-table-rspace:0pt;\">\n    <tr>\n        <td align=\"center\" valign=\"top\" bgcolor=\"#F0F0F0\" style=\"background-color:#F0F0F0;border-collapse:collapse;\">\n            <br>\n            <!-- 600px container (white background) -->\n            <table id=\"html-mail-table1\" border=\"0\" width=\"600px\" cellpadding=\"10\" cellspacing=\"0\" class=\"container\" style=\"border-spacing:0;mso-table-lspace:0pt;mso-table-rspace:0pt;\">\n                <tr>\n                    <td class=\"container-padding content\" align=\"left\" style=\"border-collapse:collapse;padding-left:24px;padding-right:24px;padding-top:12px;padding-bottom:12px;background-color:#ffffff;\">\n                        <br>\n                        <div class=\"title\" style=\"font-family:Helvetica, Arial, sans-serif;font-size:14px;line-height:20px;text-align:left;color:#333333;\">この度はご注文いただき誠にありがとうございます。</div>\n                        <br>\n                        <div class=\"body-text\" style=\"font-family:Helvetica, Arial, sans-serif;font-size:14px;line-height:20px;text-align:left;color:#333333;\">\n                            テスト ゴロウ 様<br/>\n                            <br/>\n                            下記ご注文内容にお間違えがないかご確認下さい。<br/>\n                            <br/>\n                            <hr style=\"border-top: 3px double #8c8b8b;\">\n                            　ご請求金額<br/>\n                            <hr style=\"border-top: 3px double #8c8b8b;\">\n                            ご注文日時：2021/03/09 16:20:35<br/>\n                            ご注文番号：10<br/>\n                            お支払い合計：￥55,300<br/>\n                            お支払い方法：銀行振込<br/>\n                                                        お問い合わせ：<br/>\n                            <br/>\n                            <hr style=\"border-top: 3px double #8c8b8b;\">\n                            　ご注文商品明細<br/>\n                            <hr style=\"border-top: 3px double #8c8b8b;\">\n                                                                                        商品コード：<br/>\n                                商品名：test 11    <br/>\n                                単価：￥55,000<br/>\n                                数量：1<br/>\n                                <br/>\n                                                                                    <hr style=\"border-top: 2px dashed #8c8b8b;\">\n                            小　計：￥55,000<br/>\n                            手数料：￥0<br/>\n                            送　料：￥300<br/>\n                                                        <hr style=\"border-top: 1px dotted #8c8b8b;\">\n                            合　計：￥55,300<br/>\n                                                            (10 %対象：￥55,300)<br/>\n                                                                                    <hr style=\"border-top: 1px dotted #8c8b8b;\">\n                            お支払い合計：￥55,300\n                            <br/>\n                            <hr style=\"border-top: 3px double #8c8b8b;\">\n                            ご注文者情報<br/>\n                            <hr style=\"border-top: 3px double #8c8b8b;\">\n                            お名前：テスト ゴロウ 様<br/>\n                            お名前(カナ)：テスト ゴロウ 様<br/>\n                                                            会社名：TSPC株式会社<br/>\n                                                        郵便番号：〒6680211<br/>\n                            住所：兵庫県豊岡市7<br/>\n                            電話番号：079652<br/>\n                            メールアドレス：ohshita@tspc.co.jp<br/>\n                            <br/>\n                            <hr style=\"border-top: 3px double #8c8b8b;\">\n                            　配送情報<br/>\n                            <hr style=\"border-top: 3px double #8c8b8b;\">\n\n                                                            ◎お届け先<br/>\n                                <br/>\n                                お名前：テスト ゴロウ 様<br/>\n                                お名前(カナ)：テスト ゴロウ 様<br/>\n                                                                    会社名：TSPC株式会社<br/>\n                                                                郵便番号：〒6680211<br/>\n                                住所：兵庫県豊岡市7<br/>\n                                電話番号：079652<br/>\n                                <br/>\n                                配送方法：通常配送<br/>\n                                お届け日：指定なし<br/>\n                                お届け時間：指定なし<br/>\n                                <br/>\n                                                                    商品コード：<br/>\n                                    商品名：test 11    <br/>\n                                    数量：1<br/>\n                                    <br/>\n                                                                                                                    <hr style=\"border-top: 2px dotted #8c8b8b;\">\n                            このメッセージはお客様へのお知らせ専用ですので、<br/>\n                            このメッセージへの返信としてご質問をお送りいただいても回答できません。<br/>\n                            ご了承ください。<br/>\n                        </div>\n                    </td>\n                </tr>\n            </table>\n            <!--/600px container -->\n            <br>\n            <br>\n            <table id=\"html-mail-table2\" border=\"0\" width=\"600px\" cellpadding=\"10\" cellspacing=\"0\" class=\"container\" style=\"border-spacing:0;mso-table-lspace:0pt;mso-table-rspace:0pt;\">\n                <tr>\n                    <td class=\"container-padding content footer-text\" align=\"left\" style=\"border-collapse:collapse;font-family:Helvetica, Arial, sans-serif;font-size:12px;line-height:16px;color:#aaaaaa;padding-left:24px;padding-right:24px;padding-top:12px;padding-bottom:12px;background-color:#ffffff;\">\n                        本メールは、THE ALLより送信しております。<br/>\n                        もしお心当たりが無い場合は、その旨 <a href=\"mailto:admin@example.com\" style=\"text-decoration:none;\">admin@example.com</a> までご連絡いただければ幸いです。<br/>\n                        <br/>\n                        <div class=\"title\" style=\"font-size:14px;font-family:Helvetica, Arial, sans-serif;font-weight:600;color:#374550;\"><a href=\"https://phpstack-517100-1643419.cloudwaysapps.com/\" style=\"color:#aaaaaa;text-decoration:none;\">THE ALL</a></div>\n                        <div>copyright &copy; THE ALL all rights reserved.</div>\n                    </td>\n                </tr>\n            </table>\n        </td>\n    </tr>\n</table>\n<!--/100% background wrapper-->\n<br>\n<br>\n</body>\n\n</html>\n',	'mailhistory'),
(9,	20,	NULL,	'2021-03-18 04:27:56',	'[THE ALL] ご注文ありがとうございます',	'豊岡 太郎 様\n\nこの度はご注文いただき誠にありがとうございます。下記ご注文内容にお間違えがないかご確認下さい。\n\n************************************************\n　ご請求金額\n************************************************\n\nご注文日時：2021/03/18 13:27:55\nご注文番号：20\nお支払い合計：￥232,720\nお支払い方法：銀行振込\nご利用ポイント：0 pt\n加算ポイント：2,100 pt\nお問い合わせ：\n\n\n************************************************\n　ご注文商品明細\n************************************************\n\n商品コード：Ｔ－００１２５\n商品名：タンザナイト     \n単価：￥11,000\n数量：1\n\n商品コード：d-121-0020\n商品名：ダイヤモンドリング     \n単価：￥220,000\n数量：1\n\n-------------------------------------------------\n小　計：￥231,000\n手数料：￥0\n送　料：￥1,720\n-------------------------------------------------\n合　計：￥232,720\n        (10 %対象：￥232,720)\n    ============================================\nお支払い合計：￥232,720\n\n************************************************\n　ご注文者情報\n************************************************\nお名前：豊岡 太郎 様\nお名前(カナ)：トヨオカ タロウ 様\n会社名：TEE ALL\n郵便番号：〒6680000\n住所：兵庫県豊岡市元町１２－７\n電話番号：0796239113\nメールアドレス：ohshita@tspc.co.jp\n\n************************************************\n　配送情報\n************************************************\n\n◎お届け先\nお名前：豊岡 太郎 様\nお名前(カナ)：トヨオカ タロウ 様\n会社名：TEE ALL\n郵便番号：〒6680000\n住所：兵庫県豊岡市元町１２－７\n電話番号：0796239113\n\n配送方法：クロネコヤマト\nお届け日：指定なし\nお届け時間：指定なし\n\n商品コード：Ｔ－００１２５\n商品名：タンザナイト    \n数量：1\n\n商品コード：d-121-0020\n商品名：ダイヤモンドリング    \n数量：1\n\n\n\n============================================\n\nこのメッセージはお客様へのお知らせ専用ですので、\nこのメッセージへの返信としてご質問をお送りいただいても回答できません。\nご了承ください。\n',	'<!DOCTYPE html PUBLIC \"-//W3C//DTD HTML 4.01 Transitional//EN\" \"http://www.w3.org/TR/html4/loose.dtd\">\n<html xmlns=\"http://www.w3.org/1999/xhtml\">\n\n<body bgcolor=\"#F0F0F0\" leftmargin=\"0\" topmargin=\"0\" marginwidth=\"0\" marginheight=\"0\" style=\"margin-top:0;margin-bottom:0;margin-right:0;margin-left:0;padding-top:0;padding-bottom:0;padding-right:0;padding-left:0;-ms-text-size-adjust:100%;-webkit-text-size-adjust:100%;\">\n<br>\n<br>\n<div align=\"center\"><a href=\"https://phpstack-517100-1643419.cloudwaysapps.com/\" style=\"font-family:Helvetica, Arial, sans-serif;font-size:30px;color:#333333;text-decoration:none;\">THE ALL</a></div>\n<!-- 100% background wrapper (grey background) -->\n<table border=\"0\" width=\"100%\" height=\"100%\" cellpadding=\"0\" cellspacing=\"0\" bgcolor=\"#F0F0F0\" style=\"border-spacing:0;mso-table-lspace:0pt;mso-table-rspace:0pt;\">\n    <tr>\n        <td align=\"center\" valign=\"top\" bgcolor=\"#F0F0F0\" style=\"background-color:#F0F0F0;border-collapse:collapse;\">\n            <br>\n            <!-- 600px container (white background) -->\n            <table id=\"html-mail-table1\" border=\"0\" width=\"600px\" cellpadding=\"10\" cellspacing=\"0\" class=\"container\" style=\"border-spacing:0;mso-table-lspace:0pt;mso-table-rspace:0pt;\">\n                <tr>\n                    <td class=\"container-padding content\" align=\"left\" style=\"border-collapse:collapse;padding-left:24px;padding-right:24px;padding-top:12px;padding-bottom:12px;background-color:#ffffff;\">\n                        <br>\n                        <div class=\"title\" style=\"font-family:Helvetica, Arial, sans-serif;font-size:14px;line-height:20px;text-align:left;color:#333333;\">この度はご注文いただき誠にありがとうございます。</div>\n                        <br>\n                        <div class=\"body-text\" style=\"font-family:Helvetica, Arial, sans-serif;font-size:14px;line-height:20px;text-align:left;color:#333333;\">\n                            豊岡 太郎 様<br/>\n                            <br/>\n                            下記ご注文内容にお間違えがないかご確認下さい。<br/>\n                            <br/>\n                            <hr style=\"border-top: 3px double #8c8b8b;\">\n                            　ご請求金額<br/>\n                            <hr style=\"border-top: 3px double #8c8b8b;\">\n                            ご注文日時：2021/03/18 13:27:55<br/>\n                            ご注文番号：20<br/>\n                            お支払い合計：￥232,720<br/>\n                            お支払い方法：銀行振込<br/>\n                                                        ご利用ポイント：0 pt<br/>\n                            加算ポイント：2,100 pt<br/>\n                                                        お問い合わせ：<br/>\n                            <br/>\n                            <hr style=\"border-top: 3px double #8c8b8b;\">\n                            　ご注文商品明細<br/>\n                            <hr style=\"border-top: 3px double #8c8b8b;\">\n                                                                                        商品コード：Ｔ－００１２５<br/>\n                                商品名：タンザナイト    <br/>\n                                単価：￥11,000<br/>\n                                数量：1<br/>\n                                <br/>\n                                                            商品コード：d-121-0020<br/>\n                                商品名：ダイヤモンドリング    <br/>\n                                単価：￥220,000<br/>\n                                数量：1<br/>\n                                <br/>\n                                                                                    <hr style=\"border-top: 2px dashed #8c8b8b;\">\n                            小　計：￥231,000<br/>\n                            手数料：￥0<br/>\n                            送　料：￥1,720<br/>\n                                                        <hr style=\"border-top: 1px dotted #8c8b8b;\">\n                            合　計：￥232,720<br/>\n                                                            (10 %対象：￥232,720)<br/>\n                                                                                    <hr style=\"border-top: 1px dotted #8c8b8b;\">\n                            お支払い合計：￥232,720\n                            <br/>\n                            <hr style=\"border-top: 3px double #8c8b8b;\">\n                            ご注文者情報<br/>\n                            <hr style=\"border-top: 3px double #8c8b8b;\">\n                            お名前：豊岡 太郎 様<br/>\n                            お名前(カナ)：トヨオカ タロウ 様<br/>\n                                                            会社名：TEE ALL<br/>\n                                                        郵便番号：〒6680000<br/>\n                            住所：兵庫県豊岡市元町１２－７<br/>\n                            電話番号：0796239113<br/>\n                            メールアドレス：ohshita@tspc.co.jp<br/>\n                            <br/>\n                            <hr style=\"border-top: 3px double #8c8b8b;\">\n                            　配送情報<br/>\n                            <hr style=\"border-top: 3px double #8c8b8b;\">\n\n                                                            ◎お届け先<br/>\n                                <br/>\n                                お名前：豊岡 太郎 様<br/>\n                                お名前(カナ)：トヨオカ タロウ 様<br/>\n                                                                    会社名：TEE ALL<br/>\n                                                                郵便番号：〒6680000<br/>\n                                住所：兵庫県豊岡市元町１２－７<br/>\n                                電話番号：0796239113<br/>\n                                <br/>\n                                配送方法：クロネコヤマト<br/>\n                                お届け日：指定なし<br/>\n                                お届け時間：指定なし<br/>\n                                <br/>\n                                                                    商品コード：Ｔ－００１２５<br/>\n                                    商品名：タンザナイト    <br/>\n                                    数量：1<br/>\n                                    <br/>\n                                                                    商品コード：d-121-0020<br/>\n                                    商品名：ダイヤモンドリング    <br/>\n                                    数量：1<br/>\n                                    <br/>\n                                                                                                                    <hr style=\"border-top: 2px dotted #8c8b8b;\">\n                            このメッセージはお客様へのお知らせ専用ですので、<br/>\n                            このメッセージへの返信としてご質問をお送りいただいても回答できません。<br/>\n                            ご了承ください。<br/>\n                        </div>\n                    </td>\n                </tr>\n            </table>\n            <!--/600px container -->\n            <br>\n            <br>\n            <table id=\"html-mail-table2\" border=\"0\" width=\"600px\" cellpadding=\"10\" cellspacing=\"0\" class=\"container\" style=\"border-spacing:0;mso-table-lspace:0pt;mso-table-rspace:0pt;\">\n                <tr>\n                    <td class=\"container-padding content footer-text\" align=\"left\" style=\"border-collapse:collapse;font-family:Helvetica, Arial, sans-serif;font-size:12px;line-height:16px;color:#aaaaaa;padding-left:24px;padding-right:24px;padding-top:12px;padding-bottom:12px;background-color:#ffffff;\">\n                        本メールは、THE ALLより送信しております。<br/>\n                        もしお心当たりが無い場合は、その旨 <a href=\"mailto:dqjjfgjzbk@517100.cloudwaysapps.com\" style=\"text-decoration:none;\">dqjjfgjzbk@517100.cloudwaysapps.com</a> までご連絡いただければ幸いです。<br/>\n                        <br/>\n                        <div class=\"title\" style=\"font-size:14px;font-family:Helvetica, Arial, sans-serif;font-weight:600;color:#374550;\"><a href=\"https://phpstack-517100-1643419.cloudwaysapps.com/\" style=\"color:#aaaaaa;text-decoration:none;\">THE ALL</a></div>\n                        <div>copyright &copy; THE ALL all rights reserved.</div>\n                    </td>\n                </tr>\n            </table>\n        </td>\n    </tr>\n</table>\n<!--/100% background wrapper-->\n<br>\n<br>\n</body>\n\n</html>\n',	'mailhistory'),
(10,	28,	NULL,	'2021-04-08 04:31:58',	'[THE ALL] ご注文ありがとうございます',	'豊岡 太郎 様\n\nこの度はご注文いただき誠にありがとうございます。下記ご注文内容にお間違えがないかご確認下さい。\n\n************************************************\n　ご請求金額\n************************************************\n\nご注文日時：2021/04/08 13:31:58\nご注文番号：28\nお支払い合計：￥198,940\nお支払い方法：銀行振込\nご利用ポイント：0 pt\n加算ポイント：1,802 pt\nお問い合わせ：\n\n\n************************************************\n　ご注文商品明細\n************************************************\n\n商品コード：ああ\n商品名：パン     \n単価：￥220\n数量：1\n\n商品コード：ああ\n商品名：カシオ CASIO Gショック G-SHOCK クオーツ メンズ 腕時計 GA-100CG-2A ネイビー［逆輸入品］［wimp］     \n単価：￥198,000\n数量：1\n\n-------------------------------------------------\n小　計：￥198,220\n手数料：￥0\n送　料：￥720\n-------------------------------------------------\n合　計：￥198,940\n        (10 %対象：￥198,940)\n    ============================================\nお支払い合計：￥198,940\n\n************************************************\n　ご注文者情報\n************************************************\nお名前：豊岡 太郎 様\nお名前(カナ)：トヨオカ タロウ 様\n会社名：TEE ALL\n郵便番号：〒6680000\n住所：兵庫県豊岡市元町１２－７\n電話番号：0796239113\nメールアドレス：tspc.nokosazu@gmail.com\n\n************************************************\n　配送情報\n************************************************\n\n◎お届け先\nお名前：豊岡 太郎 様\nお名前(カナ)：トヨオカ タロウ 様\n会社名：TEE ALL\n郵便番号：〒6680000\n住所：兵庫県豊岡市元町１２－７\n電話番号：0796239113\n\n配送方法：ヤマト運輸\nお届け日：指定なし\nお届け時間：指定なし\n\n商品コード：ああ\n商品名：パン    \n数量：1\n\n商品コード：ああ\n商品名：カシオ CASIO Gショック G-SHOCK クオーツ メンズ 腕時計 GA-100CG-2A ネイビー［逆輸入品］［wimp］    \n数量：1\n\n\n\n============================================\n\nこのメッセージはお客様へのお知らせ専用ですので、\nこのメッセージへの返信としてご質問をお送りいただいても回答できません。\nご了承ください。\n',	'<!DOCTYPE html PUBLIC \"-//W3C//DTD HTML 4.01 Transitional//EN\" \"http://www.w3.org/TR/html4/loose.dtd\">\n<html xmlns=\"http://www.w3.org/1999/xhtml\">\n\n<body bgcolor=\"#F0F0F0\" leftmargin=\"0\" topmargin=\"0\" marginwidth=\"0\" marginheight=\"0\" style=\"margin-top:0;margin-bottom:0;margin-right:0;margin-left:0;padding-top:0;padding-bottom:0;padding-right:0;padding-left:0;-ms-text-size-adjust:100%;-webkit-text-size-adjust:100%;\">\n<br>\n<br>\n<div align=\"center\"><a href=\"https://phpstack-517100-1643419.cloudwaysapps.com/\" style=\"font-family:Helvetica, Arial, sans-serif;font-size:30px;color:#333333;text-decoration:none;\">THE ALL</a></div>\n<!-- 100% background wrapper (grey background) -->\n<table border=\"0\" width=\"100%\" height=\"100%\" cellpadding=\"0\" cellspacing=\"0\" bgcolor=\"#F0F0F0\" style=\"border-spacing:0;mso-table-lspace:0pt;mso-table-rspace:0pt;\">\n    <tr>\n        <td align=\"center\" valign=\"top\" bgcolor=\"#F0F0F0\" style=\"background-color:#F0F0F0;border-collapse:collapse;\">\n            <br>\n            <!-- 600px container (white background) -->\n            <table id=\"html-mail-table1\" border=\"0\" width=\"600px\" cellpadding=\"10\" cellspacing=\"0\" class=\"container\" style=\"border-spacing:0;mso-table-lspace:0pt;mso-table-rspace:0pt;\">\n                <tr>\n                    <td class=\"container-padding content\" align=\"left\" style=\"border-collapse:collapse;padding-left:24px;padding-right:24px;padding-top:12px;padding-bottom:12px;background-color:#ffffff;\">\n                        <br>\n                        <div class=\"title\" style=\"font-family:Helvetica, Arial, sans-serif;font-size:14px;line-height:20px;text-align:left;color:#333333;\">この度はご注文いただき誠にありがとうございます。</div>\n                        <br>\n                        <div class=\"body-text\" style=\"font-family:Helvetica, Arial, sans-serif;font-size:14px;line-height:20px;text-align:left;color:#333333;\">\n                            豊岡 太郎 様<br/>\n                            <br/>\n                            下記ご注文内容にお間違えがないかご確認下さい。<br/>\n                            <br/>\n                            <hr style=\"border-top: 3px double #8c8b8b;\">\n                            　ご請求金額<br/>\n                            <hr style=\"border-top: 3px double #8c8b8b;\">\n                            ご注文日時：2021/04/08 13:31:58<br/>\n                            ご注文番号：28<br/>\n                            お支払い合計：￥198,940<br/>\n                            お支払い方法：銀行振込<br/>\n                                                        ご利用ポイント：0 pt<br/>\n                            加算ポイント：1,802 pt<br/>\n                                                        お問い合わせ：<br/>\n                            <br/>\n                            <hr style=\"border-top: 3px double #8c8b8b;\">\n                            　ご注文商品明細<br/>\n                            <hr style=\"border-top: 3px double #8c8b8b;\">\n                                                                                        商品コード：ああ<br/>\n                                商品名：パン    <br/>\n                                単価：￥220<br/>\n                                数量：1<br/>\n                                <br/>\n                                                            商品コード：ああ<br/>\n                                商品名：カシオ CASIO Gショック G-SHOCK クオーツ メンズ 腕時計 GA-100CG-2A ネイビー［逆輸入品］［wimp］    <br/>\n                                単価：￥198,000<br/>\n                                数量：1<br/>\n                                <br/>\n                                                                                    <hr style=\"border-top: 2px dashed #8c8b8b;\">\n                            小　計：￥198,220<br/>\n                            手数料：￥0<br/>\n                            送　料：￥720<br/>\n                                                        <hr style=\"border-top: 1px dotted #8c8b8b;\">\n                            合　計：￥198,940<br/>\n                                                            (10 %対象：￥198,940)<br/>\n                                                                                    <hr style=\"border-top: 1px dotted #8c8b8b;\">\n                            お支払い合計：￥198,940\n                            <br/>\n                            <hr style=\"border-top: 3px double #8c8b8b;\">\n                            ご注文者情報<br/>\n                            <hr style=\"border-top: 3px double #8c8b8b;\">\n                            お名前：豊岡 太郎 様<br/>\n                            お名前(カナ)：トヨオカ タロウ 様<br/>\n                                                            会社名：TEE ALL<br/>\n                                                        郵便番号：〒6680000<br/>\n                            住所：兵庫県豊岡市元町１２－７<br/>\n                            電話番号：0796239113<br/>\n                            メールアドレス：tspc.nokosazu@gmail.com<br/>\n                            <br/>\n                            <hr style=\"border-top: 3px double #8c8b8b;\">\n                            　配送情報<br/>\n                            <hr style=\"border-top: 3px double #8c8b8b;\">\n\n                                                            ◎お届け先<br/>\n                                <br/>\n                                お名前：豊岡 太郎 様<br/>\n                                お名前(カナ)：トヨオカ タロウ 様<br/>\n                                                                    会社名：TEE ALL<br/>\n                                                                郵便番号：〒6680000<br/>\n                                住所：兵庫県豊岡市元町１２－７<br/>\n                                電話番号：0796239113<br/>\n                                <br/>\n                                配送方法：ヤマト運輸<br/>\n                                お届け日：指定なし<br/>\n                                お届け時間：指定なし<br/>\n                                <br/>\n                                                                    商品コード：ああ<br/>\n                                    商品名：パン    <br/>\n                                    数量：1<br/>\n                                    <br/>\n                                                                    商品コード：ああ<br/>\n                                    商品名：カシオ CASIO Gショック G-SHOCK クオーツ メンズ 腕時計 GA-100CG-2A ネイビー［逆輸入品］［wimp］    <br/>\n                                    数量：1<br/>\n                                    <br/>\n                                                                                                                    <hr style=\"border-top: 2px dotted #8c8b8b;\">\n                            このメッセージはお客様へのお知らせ専用ですので、<br/>\n                            このメッセージへの返信としてご質問をお送りいただいても回答できません。<br/>\n                            ご了承ください。<br/>\n                        </div>\n                    </td>\n                </tr>\n            </table>\n            <!--/600px container -->\n            <br>\n            <br>\n            <table id=\"html-mail-table2\" border=\"0\" width=\"600px\" cellpadding=\"10\" cellspacing=\"0\" class=\"container\" style=\"border-spacing:0;mso-table-lspace:0pt;mso-table-rspace:0pt;\">\n                <tr>\n                    <td class=\"container-padding content footer-text\" align=\"left\" style=\"border-collapse:collapse;font-family:Helvetica, Arial, sans-serif;font-size:12px;line-height:16px;color:#aaaaaa;padding-left:24px;padding-right:24px;padding-top:12px;padding-bottom:12px;background-color:#ffffff;\">\n                        本メールは、THE ALLより送信しております。<br/>\n                        もしお心当たりが無い場合は、その旨 <a href=\"mailto:dqjjfgjzbk@517100.cloudwaysapps.com\" style=\"text-decoration:none;\">dqjjfgjzbk@517100.cloudwaysapps.com</a> までご連絡いただければ幸いです。<br/>\n                        <br/>\n                        <div class=\"title\" style=\"font-size:14px;font-family:Helvetica, Arial, sans-serif;font-weight:600;color:#374550;\"><a href=\"https://phpstack-517100-1643419.cloudwaysapps.com/\" style=\"color:#aaaaaa;text-decoration:none;\">THE ALL</a></div>\n                        <div>copyright &copy; THE ALL all rights reserved.</div>\n                    </td>\n                </tr>\n            </table>\n        </td>\n    </tr>\n</table>\n<!--/100% background wrapper-->\n<br>\n<br>\n</body>\n\n</html>\n',	'mailhistory'),
(11,	28,	1,	'2021-04-08 05:02:49',	'[THE ALL] ご注文ありがとうございます',	'豊岡 太郎 様\r\n\r\nこの度はご注文いただき誠にありがとうございます。下記ご注文内容にお間違えがないかご確認下さい。\r\n\r\n************************************************\r\n　ご請求金額\r\n************************************************\r\n\r\nご注文日時：2021/04/08 13:31:58\r\nご注文番号：28\r\nお支払い合計：￥198,940\r\nお支払い方法：銀行振込\r\nご利用ポイント：0 pt\r\n加算ポイント：1,802 pt\r\nお問い合わせ：\r\n\r\n\r\n************************************************\r\n　ご注文商品明細\r\n************************************************\r\n\r\n商品コード：ああ\r\n商品名：パン     \r\n単価：￥220\r\n数量：1\r\n\r\n商品コード：ああ\r\n商品名：カシオ CASIO Gショック G-SHOCK クオーツ メンズ 腕時計 GA-100CG-2A ネイビー［逆輸入品］［wimp］     \r\n単価：￥198,000\r\n数量：1\r\n\r\n-------------------------------------------------\r\n小　計：￥198,220\r\n手数料：￥0\r\n送　料：￥720\r\n-------------------------------------------------\r\n合　計：￥198,940\r\n        (10 %対象：￥198,940)\r\n    ============================================\r\nお支払い合計：￥198,940\r\n\r\n************************************************\r\n　ご注文者情報\r\n************************************************\r\nお名前：豊岡 太郎 様\r\nお名前(カナ)：トヨオカ タロウ 様\r\n会社名：TEE ALL\r\n郵便番号：〒6680000\r\n住所：兵庫県豊岡市元町１２－７\r\n電話番号：0796239113\r\nメールアドレス：tspc.nokosazu@gmail.com\r\n\r\n************************************************\r\n　配送情報\r\n************************************************\r\n\r\n◎お届け先\r\nお名前：豊岡 太郎 様\r\nお名前(カナ)：トヨオカ タロウ 様\r\n会社名：TEE ALL\r\n郵便番号：〒6680000\r\n住所：兵庫県豊岡市元町１２－７\r\n電話番号：0796239113\r\n\r\n配送方法：ヤマト運輸\r\nお届け日：指定なし\r\nお届け時間：指定なし\r\n\r\n商品コード：ああ\r\n商品名：パン    \r\n数量：1\r\n\r\n商品コード：ああ\r\n商品名：カシオ CASIO Gショック G-SHOCK クオーツ メンズ 腕時計 GA-100CG-2A ネイビー［逆輸入品］［wimp］    \r\n数量：1\r\n\r\n\r\n\r\n============================================\r\n\r\nこのメッセージはお客様へのお知らせ専用ですので、\r\nこのメッセージへの返信としてご質問をお送りいただいても回答できません。\r\nご了承ください。',	NULL,	'mailhistory'),
(12,	28,	6,	'2021-04-08 05:26:04',	'[THE ALL] 商品出荷のお知らせ',	'豊岡 太郎 様\n\nお客さまがご注文された以下の商品を発送いたしました。商品の到着まで、今しばらくお待ちください。\n\n\n************************************************\n　ご注文商品明細\n************************************************\n\n商品コード：ああ\n商品名：パン    \n数量：1\n\n商品コード：ああ\n商品名：カシオ CASIO Gショック G-SHOCK クオーツ メンズ 腕時計 GA-100CG-2A ネイビー［逆輸入品］［wimp］    \n数量：1\n\n\n============================================\n\n************************************************\n　ご注文者情報\n************************************************\nお名前：豊岡 太郎 様\nお名前(カナ)：トヨオカ タロウ 様\n会社名：TEE ALL\n郵便番号：〒6680000\n住所：兵庫県豊岡市元町１２－７\n電話番号：0796239113\n\n************************************************\n　配送情報\n************************************************\n\nお名前：豊岡 太郎 様\nお名前(カナ)：トヨオカ タロウ 様\n会社名：TEE ALL\n郵便番号：〒6680000\n住所：兵庫県豊岡市元町１２－７\n電話番号：0796239113\n\nお届け日：指定なし\nお届け時間：指定なし\n',	'<!DOCTYPE html PUBLIC \"-//W3C//DTD HTML 4.01 Transitional//EN\" \"http://www.w3.org/TR/html4/loose.dtd\">\n<html xmlns=\"http://www.w3.org/1999/xhtml\">\n\n<body bgcolor=\"#F0F0F0\" leftmargin=\"0\" topmargin=\"0\" marginwidth=\"0\" marginheight=\"0\" style=\"margin-top:0;margin-bottom:0;margin-right:0;margin-left:0;padding-top:0;padding-bottom:0;padding-right:0;padding-left:0;-ms-text-size-adjust:100%;-webkit-text-size-adjust:100%;\">\n<br>\n<br>\n<div align=\"center\"><a href=\"https://phpstack-517100-1643419.cloudwaysapps.com/\" style=\"font-family:Helvetica, Arial, sans-serif;font-size:30px;color:#333333;text-decoration:none;\">THE ALL</a></div>\n<!-- 100% background wrapper (grey background) -->\n<table border=\"0\" width=\"100%\" height=\"100%\" cellpadding=\"0\" cellspacing=\"0\" bgcolor=\"#F0F0F0\" style=\"border-spacing:0;mso-table-lspace:0pt;mso-table-rspace:0pt;\">\n    <tr>\n        <td align=\"center\" valign=\"top\" bgcolor=\"#F0F0F0\" style=\"background-color:#F0F0F0;border-collapse:collapse;\">\n            <br>\n            <!-- 600px container (white background) -->\n            <table id=\"html-mail-table1\" border=\"0\" width=\"600px\" cellpadding=\"10\" cellspacing=\"0\" class=\"container\" style=\"border-spacing:0;mso-table-lspace:0pt;mso-table-rspace:0pt;\">\n                <tr>\n                    <td class=\"container-padding content\" align=\"left\" style=\"border-collapse:collapse;padding-left:24px;padding-right:24px;padding-top:12px;padding-bottom:12px;background-color:#ffffff;\">\n                        <br>\n                        <div class=\"title\" style=\"font-family:Helvetica, Arial, sans-serif;font-size:18px;font-weight:600;color:#374550;\">商品を発送いたしました。</div>\n                        <br>\n                        <div class=\"body-text\" style=\"font-family:Helvetica, Arial, sans-serif;font-size:14px;line-height:20px;text-align:left;color:#333333;\">\n                            豊岡 太郎 様<br>\n                            <br>\n                            THE ALLでございます。<br/>\n                            お客さまがご注文された以下の商品を発送いたしました。商品の到着まで、今しばらくお待ちください。<br/>\n                            <br/>\n                                                        <hr style=\"border-top: 3px double #8c8b8b;\">\n                            　ご注文商品明細<br/>\n                            <hr style=\"border-top: 3px double #8c8b8b;\">\n                                                            商品コード：ああ<br/>\n                                商品名：パン    <br/>\n                                数量：1<br/>\n                                <br/>\n                                                            商品コード：ああ<br/>\n                                商品名：カシオ CASIO Gショック G-SHOCK クオーツ メンズ 腕時計 GA-100CG-2A ネイビー［逆輸入品］［wimp］    <br/>\n                                数量：1<br/>\n                                <br/>\n                                                        <hr style=\"border-top: 3px double #8c8b8b;\">\n                            　ご注文者情報<br/>\n                            <hr style=\"border-top: 3px double #8c8b8b;\">\n                            お名前：豊岡 太郎 様<br/>\n                            お名前(カナ)：トヨオカ タロウ 様<br/>\n                                                            会社名：TEE ALL<br/>\n                                                        郵便番号：〒6680000<br/>\n                            住所：兵庫県豊岡市元町１２－７<br/>\n                            電話番号：0796239113<br/>\n                            <br/>\n                            <hr style=\"border-top: 3px double #8c8b8b;\">\n                            　配送情報<br/>\n                            <hr style=\"border-top: 3px double #8c8b8b;\">\n                            お名前：豊岡 太郎 様<br/>\n                            お名前(カナ)：トヨオカ タロウ 様<br/>\n                                                            会社名：TEE ALL<br/>\n                                                        郵便番号：〒6680000<br/>\n                            住所：兵庫県豊岡市元町１２－７<br/>\n                            電話番号：0796239113<br/>\n                            <br/>\n                            お届け日：指定なし<br/>\n                            お届け時間：指定なし<br/>\n                            <br/>\n                        </div>\n                    </td>\n                </tr>\n            </table>\n            <!--/600px container -->\n            <br>\n            <br>\n            <table id=\"html-mail-table2\" border=\"0\" width=\"600px\" cellpadding=\"10\" cellspacing=\"0\" class=\"container\" style=\"border-spacing:0;mso-table-lspace:0pt;mso-table-rspace:0pt;\">\n                <tr>\n                    <td class=\"container-padding content footer-text\" align=\"left\" style=\"border-collapse:collapse;font-family:Helvetica, Arial, sans-serif;font-size:12px;line-height:16px;color:#aaaaaa;padding-left:24px;padding-right:24px;padding-top:12px;padding-bottom:12px;background-color:#ffffff;\">\n                        本メールは、THE ALLより送信しております。<br/>\n                        もしお心当たりが無い場合は、その旨 <a href=\"mailto:dqjjfgjzbk@517100.cloudwaysapps.com\" style=\"text-decoration:none;\">dqjjfgjzbk@517100.cloudwaysapps.com</a> までご連絡いただければ幸いです。<br/>\n                        <br/>\n                        <div class=\"title\" style=\"font-size:14px;font-family:Helvetica, Arial, sans-serif;font-weight:600;color:#374550;\"><a href=\"https://phpstack-517100-1643419.cloudwaysapps.com/\" style=\"color:#aaaaaa;text-decoration:none;\">THE ALL</a></div>\n                        <div>copyright &copy; THE ALL all rights reserved.</div>\n                    </td>\n                </tr>\n            </table>\n        </td>\n    </tr>\n</table>\n<!--/100% background wrapper-->\n<br>\n<br>\n</body>\n\n</html>\n\n',	'mailhistory'),
(14,	32,	NULL,	'2021-04-08 07:04:13',	'[THE ALL] ご注文ありがとうございます',	'豊岡 太郎 様\n\nこの度はご注文いただき誠にありがとうございます。下記ご注文内容にお間違えがないかご確認下さい。\n\n************************************************\n　ご請求金額\n************************************************\n\nご注文日時：2021/04/08 16:04:12\nご注文番号：32\nお支払い合計：￥2,040\nお支払い方法：銀行振込\nご利用ポイント：0 pt\n加算ポイント：12 pt\nお問い合わせ：\n\n\n************************************************\n　ご注文商品明細\n************************************************\n\n商品コード：ああ\n商品名：おはぎ     \n単価：￥1,320\n数量：1\n\n-------------------------------------------------\n小　計：￥1,320\n手数料：￥0\n送　料：￥720\n-------------------------------------------------\n合　計：￥2,040\n        (10 %対象：￥2,040)\n    ============================================\nお支払い合計：￥2,040\n\n************************************************\n　ご注文者情報\n************************************************\nお名前：豊岡 太郎 様\nお名前(カナ)：トヨオカ タロウ 様\n会社名：TEE ALL\n郵便番号：〒6680000\n住所：兵庫県豊岡市元町１２－７\n電話番号：0796239113\nメールアドレス：tspc.nokosazu@gmail.com\n\n************************************************\n　配送情報\n************************************************\n\n◎お届け先\nお名前：豊岡 太郎 様\nお名前(カナ)：トヨオカ タロウ 様\n会社名：TEE ALL\n郵便番号：〒6680000\n住所：兵庫県豊岡市元町１２－７\n電話番号：0796239113\n\n配送方法：ヤマト運輸\nお届け日：指定なし\nお届け時間：指定なし\n\n商品コード：ああ\n商品名：おはぎ    \n数量：1\n\n\n\n============================================\n\nこのメッセージはお客様へのお知らせ専用ですので、\nこのメッセージへの返信としてご質問をお送りいただいても回答できません。\nご了承ください。\n',	'<!DOCTYPE html PUBLIC \"-//W3C//DTD HTML 4.01 Transitional//EN\" \"http://www.w3.org/TR/html4/loose.dtd\">\n<html xmlns=\"http://www.w3.org/1999/xhtml\">\n\n<body bgcolor=\"#F0F0F0\" leftmargin=\"0\" topmargin=\"0\" marginwidth=\"0\" marginheight=\"0\" style=\"margin-top:0;margin-bottom:0;margin-right:0;margin-left:0;padding-top:0;padding-bottom:0;padding-right:0;padding-left:0;-ms-text-size-adjust:100%;-webkit-text-size-adjust:100%;\">\n<br>\n<br>\n<div align=\"center\"><a href=\"https://phpstack-517100-1643419.cloudwaysapps.com/\" style=\"font-family:Helvetica, Arial, sans-serif;font-size:30px;color:#333333;text-decoration:none;\">THE ALL</a></div>\n<!-- 100% background wrapper (grey background) -->\n<table border=\"0\" width=\"100%\" height=\"100%\" cellpadding=\"0\" cellspacing=\"0\" bgcolor=\"#F0F0F0\" style=\"border-spacing:0;mso-table-lspace:0pt;mso-table-rspace:0pt;\">\n    <tr>\n        <td align=\"center\" valign=\"top\" bgcolor=\"#F0F0F0\" style=\"background-color:#F0F0F0;border-collapse:collapse;\">\n            <br>\n            <!-- 600px container (white background) -->\n            <table id=\"html-mail-table1\" border=\"0\" width=\"600px\" cellpadding=\"10\" cellspacing=\"0\" class=\"container\" style=\"border-spacing:0;mso-table-lspace:0pt;mso-table-rspace:0pt;\">\n                <tr>\n                    <td class=\"container-padding content\" align=\"left\" style=\"border-collapse:collapse;padding-left:24px;padding-right:24px;padding-top:12px;padding-bottom:12px;background-color:#ffffff;\">\n                        <br>\n                        <div class=\"title\" style=\"font-family:Helvetica, Arial, sans-serif;font-size:14px;line-height:20px;text-align:left;color:#333333;\">この度はご注文いただき誠にありがとうございます。</div>\n                        <br>\n                        <div class=\"body-text\" style=\"font-family:Helvetica, Arial, sans-serif;font-size:14px;line-height:20px;text-align:left;color:#333333;\">\n                            豊岡 太郎 様<br/>\n                            <br/>\n                            下記ご注文内容にお間違えがないかご確認下さい。<br/>\n                            <br/>\n                            <hr style=\"border-top: 3px double #8c8b8b;\">\n                            　ご請求金額<br/>\n                            <hr style=\"border-top: 3px double #8c8b8b;\">\n                            ご注文日時：2021/04/08 16:04:12<br/>\n                            ご注文番号：32<br/>\n                            お支払い合計：￥2,040<br/>\n                            お支払い方法：銀行振込<br/>\n                                                        ご利用ポイント：0 pt<br/>\n                            加算ポイント：12 pt<br/>\n                                                        お問い合わせ：<br/>\n                            <br/>\n                            <hr style=\"border-top: 3px double #8c8b8b;\">\n                            　ご注文商品明細<br/>\n                            <hr style=\"border-top: 3px double #8c8b8b;\">\n                                                                                        商品コード：ああ<br/>\n                                商品名：おはぎ    <br/>\n                                単価：￥1,320<br/>\n                                数量：1<br/>\n                                <br/>\n                                                                                    <hr style=\"border-top: 2px dashed #8c8b8b;\">\n                            小　計：￥1,320<br/>\n                            手数料：￥0<br/>\n                            送　料：￥720<br/>\n                                                        <hr style=\"border-top: 1px dotted #8c8b8b;\">\n                            合　計：￥2,040<br/>\n                                                            (10 %対象：￥2,040)<br/>\n                                                                                    <hr style=\"border-top: 1px dotted #8c8b8b;\">\n                            お支払い合計：￥2,040\n                            <br/>\n                            <hr style=\"border-top: 3px double #8c8b8b;\">\n                            ご注文者情報<br/>\n                            <hr style=\"border-top: 3px double #8c8b8b;\">\n                            お名前：豊岡 太郎 様<br/>\n                            お名前(カナ)：トヨオカ タロウ 様<br/>\n                                                            会社名：TEE ALL<br/>\n                                                        郵便番号：〒6680000<br/>\n                            住所：兵庫県豊岡市元町１２－７<br/>\n                            電話番号：0796239113<br/>\n                            メールアドレス：tspc.nokosazu@gmail.com<br/>\n                            <br/>\n                            <hr style=\"border-top: 3px double #8c8b8b;\">\n                            　配送情報<br/>\n                            <hr style=\"border-top: 3px double #8c8b8b;\">\n\n                                                            ◎お届け先<br/>\n                                <br/>\n                                お名前：豊岡 太郎 様<br/>\n                                お名前(カナ)：トヨオカ タロウ 様<br/>\n                                                                    会社名：TEE ALL<br/>\n                                                                郵便番号：〒6680000<br/>\n                                住所：兵庫県豊岡市元町１２－７<br/>\n                                電話番号：0796239113<br/>\n                                <br/>\n                                配送方法：ヤマト運輸<br/>\n                                お届け日：指定なし<br/>\n                                お届け時間：指定なし<br/>\n                                <br/>\n                                                                    商品コード：ああ<br/>\n                                    商品名：おはぎ    <br/>\n                                    数量：1<br/>\n                                    <br/>\n                                                                                                                    <hr style=\"border-top: 2px dotted #8c8b8b;\">\n                            このメッセージはお客様へのお知らせ専用ですので、<br/>\n                            このメッセージへの返信としてご質問をお送りいただいても回答できません。<br/>\n                            ご了承ください。<br/>\n                        </div>\n                    </td>\n                </tr>\n            </table>\n            <!--/600px container -->\n            <br>\n            <br>\n            <table id=\"html-mail-table2\" border=\"0\" width=\"600px\" cellpadding=\"10\" cellspacing=\"0\" class=\"container\" style=\"border-spacing:0;mso-table-lspace:0pt;mso-table-rspace:0pt;\">\n                <tr>\n                    <td class=\"container-padding content footer-text\" align=\"left\" style=\"border-collapse:collapse;font-family:Helvetica, Arial, sans-serif;font-size:12px;line-height:16px;color:#aaaaaa;padding-left:24px;padding-right:24px;padding-top:12px;padding-bottom:12px;background-color:#ffffff;\">\n                        本メールは、THE ALLより送信しております。<br/>\n                        もしお心当たりが無い場合は、その旨 <a href=\"mailto:dqjjfgjzbk@517100.cloudwaysapps.com\" style=\"text-decoration:none;\">dqjjfgjzbk@517100.cloudwaysapps.com</a> までご連絡いただければ幸いです。<br/>\n                        <br/>\n                        <div class=\"title\" style=\"font-size:14px;font-family:Helvetica, Arial, sans-serif;font-weight:600;color:#374550;\"><a href=\"https://phpstack-517100-1643419.cloudwaysapps.com/\" style=\"color:#aaaaaa;text-decoration:none;\">THE ALL</a></div>\n                        <div>copyright &copy; THE ALL all rights reserved.</div>\n                    </td>\n                </tr>\n            </table>\n        </td>\n    </tr>\n</table>\n<!--/100% background wrapper-->\n<br>\n<br>\n</body>\n\n</html>\n',	'mailhistory'),
(15,	33,	NULL,	'2021-04-08 07:18:58',	'[THE ALL] ご注文ありがとうございます',	'豊岡 太郎 様\n\nこの度はご注文いただき誠にありがとうございます。下記ご注文内容にお間違えがないかご確認下さい。\n\n************************************************\n　ご請求金額\n************************************************\n\nご注文日時：2021/04/08 16:18:58\nご注文番号：33\nお支払い合計：￥5,020\nお支払い方法：銀行振込\nご利用ポイント：0 pt\n加算ポイント：26 pt\nお問い合わせ：\n\n\n************************************************\n　ご注文商品明細\n************************************************\n\n商品コード：ああ\n商品名：いちごのケーキ     \n単価：￥1,320\n数量：1\n\n商品コード：ああ\n商品名：パン     \n単価：￥220\n数量：1\n\n商品コード：ああ\n商品名：マカロン     \n単価：￥1,320\n数量：1\n\n-------------------------------------------------\n小　計：￥2,860\n手数料：￥0\n送　料：￥2,160\n-------------------------------------------------\n合　計：￥5,020\n        (10 %対象：￥5,020)\n    ============================================\nお支払い合計：￥5,020\n\n************************************************\n　ご注文者情報\n************************************************\nお名前：豊岡 太郎 様\nお名前(カナ)：トヨオカ タロウ 様\n会社名：TEE ALL\n郵便番号：〒6680000\n住所：兵庫県豊岡市元町１２－７\n電話番号：0796239113\nメールアドレス：tspc.nokosazu@gmail.com\n\n************************************************\n　配送情報\n************************************************\n\n◎お届け先1\nお名前：東京 太郎 様\nお名前(カナ)：トウキョウ タロウ 様\n郵便番号：〒1900155\n住所：東京都あきる野市網代１２３\n電話番号：1111\n\n配送方法：ヤマト運輸\nお届け日：指定なし\nお届け時間：指定なし\n\n商品コード：ああ\n商品名：マカロン    \n数量：1\n\n◎お届け先2\nお名前：豊岡 太郎 様\nお名前(カナ)：トヨオカ タロウ 様\n会社名：TEE ALL\n郵便番号：〒6680000\n住所：兵庫県豊岡市元町１２－７\n電話番号：0796239113\n\n配送方法：ヤマト運輸\nお届け日：指定なし\nお届け時間：指定なし\n\n商品コード：ああ\n商品名：いちごのケーキ    \n数量：1\n\n◎お届け先3\nお名前：豊岡 次郎 様\nお名前(カナ)：トヨオカ ジロウ 様\n郵便番号：〒6680055\n住所：兵庫県豊岡市昭和町555\n電話番号：0333551111\n\n配送方法：ヤマト運輸\nお届け日：指定なし\nお届け時間：指定なし\n\n商品コード：ああ\n商品名：パン    \n数量：1\n\n\n\n============================================\n\nこのメッセージはお客様へのお知らせ専用ですので、\nこのメッセージへの返信としてご質問をお送りいただいても回答できません。\nご了承ください。\n',	'<!DOCTYPE html PUBLIC \"-//W3C//DTD HTML 4.01 Transitional//EN\" \"http://www.w3.org/TR/html4/loose.dtd\">\n<html xmlns=\"http://www.w3.org/1999/xhtml\">\n\n<body bgcolor=\"#F0F0F0\" leftmargin=\"0\" topmargin=\"0\" marginwidth=\"0\" marginheight=\"0\" style=\"margin-top:0;margin-bottom:0;margin-right:0;margin-left:0;padding-top:0;padding-bottom:0;padding-right:0;padding-left:0;-ms-text-size-adjust:100%;-webkit-text-size-adjust:100%;\">\n<br>\n<br>\n<div align=\"center\"><a href=\"https://phpstack-517100-1643419.cloudwaysapps.com/\" style=\"font-family:Helvetica, Arial, sans-serif;font-size:30px;color:#333333;text-decoration:none;\">THE ALL</a></div>\n<!-- 100% background wrapper (grey background) -->\n<table border=\"0\" width=\"100%\" height=\"100%\" cellpadding=\"0\" cellspacing=\"0\" bgcolor=\"#F0F0F0\" style=\"border-spacing:0;mso-table-lspace:0pt;mso-table-rspace:0pt;\">\n    <tr>\n        <td align=\"center\" valign=\"top\" bgcolor=\"#F0F0F0\" style=\"background-color:#F0F0F0;border-collapse:collapse;\">\n            <br>\n            <!-- 600px container (white background) -->\n            <table id=\"html-mail-table1\" border=\"0\" width=\"600px\" cellpadding=\"10\" cellspacing=\"0\" class=\"container\" style=\"border-spacing:0;mso-table-lspace:0pt;mso-table-rspace:0pt;\">\n                <tr>\n                    <td class=\"container-padding content\" align=\"left\" style=\"border-collapse:collapse;padding-left:24px;padding-right:24px;padding-top:12px;padding-bottom:12px;background-color:#ffffff;\">\n                        <br>\n                        <div class=\"title\" style=\"font-family:Helvetica, Arial, sans-serif;font-size:14px;line-height:20px;text-align:left;color:#333333;\">この度はご注文いただき誠にありがとうございます。</div>\n                        <br>\n                        <div class=\"body-text\" style=\"font-family:Helvetica, Arial, sans-serif;font-size:14px;line-height:20px;text-align:left;color:#333333;\">\n                            豊岡 太郎 様<br/>\n                            <br/>\n                            下記ご注文内容にお間違えがないかご確認下さい。<br/>\n                            <br/>\n                            <hr style=\"border-top: 3px double #8c8b8b;\">\n                            　ご請求金額<br/>\n                            <hr style=\"border-top: 3px double #8c8b8b;\">\n                            ご注文日時：2021/04/08 16:18:58<br/>\n                            ご注文番号：33<br/>\n                            お支払い合計：￥5,020<br/>\n                            お支払い方法：銀行振込<br/>\n                                                        ご利用ポイント：0 pt<br/>\n                            加算ポイント：26 pt<br/>\n                                                        お問い合わせ：<br/>\n                            <br/>\n                            <hr style=\"border-top: 3px double #8c8b8b;\">\n                            　ご注文商品明細<br/>\n                            <hr style=\"border-top: 3px double #8c8b8b;\">\n                                                                                        商品コード：ああ<br/>\n                                商品名：いちごのケーキ    <br/>\n                                単価：￥1,320<br/>\n                                数量：1<br/>\n                                <br/>\n                                                            商品コード：ああ<br/>\n                                商品名：パン    <br/>\n                                単価：￥220<br/>\n                                数量：1<br/>\n                                <br/>\n                                                            商品コード：ああ<br/>\n                                商品名：マカロン    <br/>\n                                単価：￥1,320<br/>\n                                数量：1<br/>\n                                <br/>\n                                                                                    <hr style=\"border-top: 2px dashed #8c8b8b;\">\n                            小　計：￥2,860<br/>\n                            手数料：￥0<br/>\n                            送　料：￥2,160<br/>\n                                                        <hr style=\"border-top: 1px dotted #8c8b8b;\">\n                            合　計：￥5,020<br/>\n                                                            (10 %対象：￥5,020)<br/>\n                                                                                    <hr style=\"border-top: 1px dotted #8c8b8b;\">\n                            お支払い合計：￥5,020\n                            <br/>\n                            <hr style=\"border-top: 3px double #8c8b8b;\">\n                            ご注文者情報<br/>\n                            <hr style=\"border-top: 3px double #8c8b8b;\">\n                            お名前：豊岡 太郎 様<br/>\n                            お名前(カナ)：トヨオカ タロウ 様<br/>\n                                                            会社名：TEE ALL<br/>\n                                                        郵便番号：〒6680000<br/>\n                            住所：兵庫県豊岡市元町１２－７<br/>\n                            電話番号：0796239113<br/>\n                            メールアドレス：tspc.nokosazu@gmail.com<br/>\n                            <br/>\n                            <hr style=\"border-top: 3px double #8c8b8b;\">\n                            　配送情報<br/>\n                            <hr style=\"border-top: 3px double #8c8b8b;\">\n\n                                                            ◎お届け先1<br/>\n                                <br/>\n                                お名前：東京 太郎 様<br/>\n                                お名前(カナ)：トウキョウ タロウ 様<br/>\n                                                                郵便番号：〒1900155<br/>\n                                住所：東京都あきる野市網代１２３<br/>\n                                電話番号：1111<br/>\n                                <br/>\n                                配送方法：ヤマト運輸<br/>\n                                お届け日：指定なし<br/>\n                                お届け時間：指定なし<br/>\n                                <br/>\n                                                                    商品コード：ああ<br/>\n                                    商品名：マカロン    <br/>\n                                    数量：1<br/>\n                                    <br/>\n                                                                                            ◎お届け先2<br/>\n                                <br/>\n                                お名前：豊岡 太郎 様<br/>\n                                お名前(カナ)：トヨオカ タロウ 様<br/>\n                                                                    会社名：TEE ALL<br/>\n                                                                郵便番号：〒6680000<br/>\n                                住所：兵庫県豊岡市元町１２－７<br/>\n                                電話番号：0796239113<br/>\n                                <br/>\n                                配送方法：ヤマト運輸<br/>\n                                お届け日：指定なし<br/>\n                                お届け時間：指定なし<br/>\n                                <br/>\n                                                                    商品コード：ああ<br/>\n                                    商品名：いちごのケーキ    <br/>\n                                    数量：1<br/>\n                                    <br/>\n                                                                                            ◎お届け先3<br/>\n                                <br/>\n                                お名前：豊岡 次郎 様<br/>\n                                お名前(カナ)：トヨオカ ジロウ 様<br/>\n                                                                郵便番号：〒6680055<br/>\n                                住所：兵庫県豊岡市昭和町555<br/>\n                                電話番号：0333551111<br/>\n                                <br/>\n                                配送方法：ヤマト運輸<br/>\n                                お届け日：指定なし<br/>\n                                お届け時間：指定なし<br/>\n                                <br/>\n                                                                    商品コード：ああ<br/>\n                                    商品名：パン    <br/>\n                                    数量：1<br/>\n                                    <br/>\n                                                                                                                    <hr style=\"border-top: 2px dotted #8c8b8b;\">\n                            このメッセージはお客様へのお知らせ専用ですので、<br/>\n                            このメッセージへの返信としてご質問をお送りいただいても回答できません。<br/>\n                            ご了承ください。<br/>\n                        </div>\n                    </td>\n                </tr>\n            </table>\n            <!--/600px container -->\n            <br>\n            <br>\n            <table id=\"html-mail-table2\" border=\"0\" width=\"600px\" cellpadding=\"10\" cellspacing=\"0\" class=\"container\" style=\"border-spacing:0;mso-table-lspace:0pt;mso-table-rspace:0pt;\">\n                <tr>\n                    <td class=\"container-padding content footer-text\" align=\"left\" style=\"border-collapse:collapse;font-family:Helvetica, Arial, sans-serif;font-size:12px;line-height:16px;color:#aaaaaa;padding-left:24px;padding-right:24px;padding-top:12px;padding-bottom:12px;background-color:#ffffff;\">\n                        本メールは、THE ALLより送信しております。<br/>\n                        もしお心当たりが無い場合は、その旨 <a href=\"mailto:dqjjfgjzbk@517100.cloudwaysapps.com\" style=\"text-decoration:none;\">dqjjfgjzbk@517100.cloudwaysapps.com</a> までご連絡いただければ幸いです。<br/>\n                        <br/>\n                        <div class=\"title\" style=\"font-size:14px;font-family:Helvetica, Arial, sans-serif;font-weight:600;color:#374550;\"><a href=\"https://phpstack-517100-1643419.cloudwaysapps.com/\" style=\"color:#aaaaaa;text-decoration:none;\">THE ALL</a></div>\n                        <div>copyright &copy; THE ALL all rights reserved.</div>\n                    </td>\n                </tr>\n            </table>\n        </td>\n    </tr>\n</table>\n<!--/100% background wrapper-->\n<br>\n<br>\n</body>\n\n</html>\n',	'mailhistory'),
(16,	35,	NULL,	'2021-04-14 03:36:59',	'[THE ALL] ご注文ありがとうございます',	'test test 様\n\nこの度はご注文いただき誠にありがとうございます。下記ご注文内容にお間違えがないかご確認下さい。\n\n************************************************\n　ご請求金額\n************************************************\n\nご注文日時：2021/04/14 12:36:59\nご注文番号：35\nお支払い合計：￥220,840\nお支払い方法：銀行振込\nお問い合わせ：\n\n\n************************************************\n　ご注文商品明細\n************************************************\n\n商品コード：CC9054-52A\n商品名：シチズン　CC9054-52A　EXCEED　エクシード　エコドライブ　ダイレクトフライト　パーフェックス　GPS衛星電波時計     \n単価：￥220,000\n数量：1\n\n-------------------------------------------------\n小　計：￥220,000\n手数料：￥0\n送　料：￥840\n-------------------------------------------------\n合　計：￥220,840\n        (10 %対象：￥220,840)\n    ============================================\nお支払い合計：￥220,840\n\n************************************************\n　ご注文者情報\n************************************************\nお名前：test test 様\nお名前(カナ)：テスト テスト 様\n郵便番号：〒6293101\n住所：京都府京丹後市網野町網野123\n電話番号：12312341234\nメールアドレス：riley.churchill@gmail.com\n\n************************************************\n　配送情報\n************************************************\n\n◎お届け先\nお名前：test test 様\nお名前(カナ)：テスト テスト 様\n郵便番号：〒6293101\n住所：京都府京丹後市網野町網野123\n電話番号：12312341234\n\n配送方法：クロネコヤマト\nお届け日：指定なし\nお届け時間：指定なし\n\n商品コード：CC9054-52A\n商品名：シチズン　CC9054-52A　EXCEED　エクシード　エコドライブ　ダイレクトフライト　パーフェックス　GPS衛星電波時計    \n数量：1\n\n\n\n============================================\n\nこのメッセージはお客様へのお知らせ専用ですので、\nこのメッセージへの返信としてご質問をお送りいただいても回答できません。\nご了承ください。\n',	'<!DOCTYPE html PUBLIC \"-//W3C//DTD HTML 4.01 Transitional//EN\" \"http://www.w3.org/TR/html4/loose.dtd\">\n<html xmlns=\"http://www.w3.org/1999/xhtml\">\n\n<body bgcolor=\"#F0F0F0\" leftmargin=\"0\" topmargin=\"0\" marginwidth=\"0\" marginheight=\"0\" style=\"margin-top:0;margin-bottom:0;margin-right:0;margin-left:0;padding-top:0;padding-bottom:0;padding-right:0;padding-left:0;-ms-text-size-adjust:100%;-webkit-text-size-adjust:100%;\">\n<br>\n<br>\n<div align=\"center\"><a href=\"https://phpstack-517100-1643419.cloudwaysapps.com/\" style=\"font-family:Helvetica, Arial, sans-serif;font-size:30px;color:#333333;text-decoration:none;\">THE ALL</a></div>\n<!-- 100% background wrapper (grey background) -->\n<table border=\"0\" width=\"100%\" height=\"100%\" cellpadding=\"0\" cellspacing=\"0\" bgcolor=\"#F0F0F0\" style=\"border-spacing:0;mso-table-lspace:0pt;mso-table-rspace:0pt;\">\n    <tr>\n        <td align=\"center\" valign=\"top\" bgcolor=\"#F0F0F0\" style=\"background-color:#F0F0F0;border-collapse:collapse;\">\n            <br>\n            <!-- 600px container (white background) -->\n            <table id=\"html-mail-table1\" border=\"0\" width=\"600px\" cellpadding=\"10\" cellspacing=\"0\" class=\"container\" style=\"border-spacing:0;mso-table-lspace:0pt;mso-table-rspace:0pt;\">\n                <tr>\n                    <td class=\"container-padding content\" align=\"left\" style=\"border-collapse:collapse;padding-left:24px;padding-right:24px;padding-top:12px;padding-bottom:12px;background-color:#ffffff;\">\n                        <br>\n                        <div class=\"title\" style=\"font-family:Helvetica, Arial, sans-serif;font-size:14px;line-height:20px;text-align:left;color:#333333;\">この度はご注文いただき誠にありがとうございます。</div>\n                        <br>\n                        <div class=\"body-text\" style=\"font-family:Helvetica, Arial, sans-serif;font-size:14px;line-height:20px;text-align:left;color:#333333;\">\n                            test test 様<br/>\n                            <br/>\n                            下記ご注文内容にお間違えがないかご確認下さい。<br/>\n                            <br/>\n                            <hr style=\"border-top: 3px double #8c8b8b;\">\n                            　ご請求金額<br/>\n                            <hr style=\"border-top: 3px double #8c8b8b;\">\n                            ご注文日時：2021/04/14 12:36:59<br/>\n                            ご注文番号：35<br/>\n                            お支払い合計：￥220,840<br/>\n                            お支払い方法：銀行振込<br/>\n                                                        お問い合わせ：<br/>\n                            <br/>\n                            <hr style=\"border-top: 3px double #8c8b8b;\">\n                            　ご注文商品明細<br/>\n                            <hr style=\"border-top: 3px double #8c8b8b;\">\n                                                                                        商品コード：CC9054-52A<br/>\n                                商品名：シチズン　CC9054-52A　EXCEED　エクシード　エコドライブ　ダイレクトフライト　パーフェックス　GPS衛星電波時計    <br/>\n                                単価：￥220,000<br/>\n                                数量：1<br/>\n                                <br/>\n                                                                                    <hr style=\"border-top: 2px dashed #8c8b8b;\">\n                            小　計：￥220,000<br/>\n                            手数料：￥0<br/>\n                            送　料：￥840<br/>\n                                                        <hr style=\"border-top: 1px dotted #8c8b8b;\">\n                            合　計：￥220,840<br/>\n                                                            (10 %対象：￥220,840)<br/>\n                                                                                    <hr style=\"border-top: 1px dotted #8c8b8b;\">\n                            お支払い合計：￥220,840\n                            <br/>\n                            <hr style=\"border-top: 3px double #8c8b8b;\">\n                            ご注文者情報<br/>\n                            <hr style=\"border-top: 3px double #8c8b8b;\">\n                            お名前：test test 様<br/>\n                            お名前(カナ)：テスト テスト 様<br/>\n                                                        郵便番号：〒6293101<br/>\n                            住所：京都府京丹後市網野町網野123<br/>\n                            電話番号：12312341234<br/>\n                            メールアドレス：riley.churchill@gmail.com<br/>\n                            <br/>\n                            <hr style=\"border-top: 3px double #8c8b8b;\">\n                            　配送情報<br/>\n                            <hr style=\"border-top: 3px double #8c8b8b;\">\n\n                                                            ◎お届け先<br/>\n                                <br/>\n                                お名前：test test 様<br/>\n                                お名前(カナ)：テスト テスト 様<br/>\n                                                                郵便番号：〒6293101<br/>\n                                住所：京都府京丹後市網野町網野123<br/>\n                                電話番号：12312341234<br/>\n                                <br/>\n                                配送方法：クロネコヤマト<br/>\n                                お届け日：指定なし<br/>\n                                お届け時間：指定なし<br/>\n                                <br/>\n                                                                    商品コード：CC9054-52A<br/>\n                                    商品名：シチズン　CC9054-52A　EXCEED　エクシード　エコドライブ　ダイレクトフライト　パーフェックス　GPS衛星電波時計    <br/>\n                                    数量：1<br/>\n                                    <br/>\n                                                                                                                    <hr style=\"border-top: 2px dotted #8c8b8b;\">\n                            このメッセージはお客様へのお知らせ専用ですので、<br/>\n                            このメッセージへの返信としてご質問をお送りいただいても回答できません。<br/>\n                            ご了承ください。<br/>\n                        </div>\n                    </td>\n                </tr>\n            </table>\n            <!--/600px container -->\n            <br>\n            <br>\n            <table id=\"html-mail-table2\" border=\"0\" width=\"600px\" cellpadding=\"10\" cellspacing=\"0\" class=\"container\" style=\"border-spacing:0;mso-table-lspace:0pt;mso-table-rspace:0pt;\">\n                <tr>\n                    <td class=\"container-padding content footer-text\" align=\"left\" style=\"border-collapse:collapse;font-family:Helvetica, Arial, sans-serif;font-size:12px;line-height:16px;color:#aaaaaa;padding-left:24px;padding-right:24px;padding-top:12px;padding-bottom:12px;background-color:#ffffff;\">\n                        本メールは、THE ALLより送信しております。<br/>\n                        もしお心当たりが無い場合は、その旨 <a href=\"mailto:dqjjfgjzbk@517100.cloudwaysapps.com\" style=\"text-decoration:none;\">dqjjfgjzbk@517100.cloudwaysapps.com</a> までご連絡いただければ幸いです。<br/>\n                        <br/>\n                        <div class=\"title\" style=\"font-size:14px;font-family:Helvetica, Arial, sans-serif;font-weight:600;color:#374550;\"><a href=\"https://phpstack-517100-1643419.cloudwaysapps.com/\" style=\"color:#aaaaaa;text-decoration:none;\">THE ALL</a></div>\n                        <div>copyright &copy; THE ALL all rights reserved.</div>\n                    </td>\n                </tr>\n            </table>\n        </td>\n    </tr>\n</table>\n<!--/100% background wrapper-->\n<br>\n<br>\n</body>\n\n</html>\n',	'mailhistory'),
(17,	49,	NULL,	'2021-05-06 01:54:29',	'[THE ALL] ご注文ありがとうございます',	'豊岡 太郎 様\n\nこの度はご注文いただき誠にありがとうございます。下記ご注文内容にお間違えがないかご確認下さい。\n\n************************************************\n　ご請求金額\n************************************************\n\nご注文日時：2021/05/06 10:54:29\nご注文番号：49\nお支払い合計：￥55,300\nお支払い方法：銀行振込\nご利用ポイント：0 pt\n加算ポイント：500 pt\nお問い合わせ：\n\n\n************************************************\n　ご注文商品明細\n************************************************\n\n商品コード：\n商品名：test 11     \n単価：￥55,000\n数量：1\n\n-------------------------------------------------\n小　計：￥55,000\n手数料：￥0\n送　料：￥300\n-------------------------------------------------\n合　計：￥55,300\n        (10 %対象：￥55,300)\n    ============================================\nお支払い合計：￥55,300\n\n************************************************\n　ご注文者情報\n************************************************\nお名前：豊岡 太郎 様\nお名前(カナ)：トヨオカ タロウ 様\n会社名：TEE ALL\n郵便番号：〒6680000\n住所：兵庫県豊岡市元町１２－７\n電話番号：0796239113\nメールアドレス：tspc.nokosazu.bk@gmail.com\n\n************************************************\n　配送情報\n************************************************\n\n◎お届け先\nお名前：豊岡 太郎 様\nお名前(カナ)：トヨオカ タロウ 様\n会社名：TEE ALL\n郵便番号：〒6680000\n住所：兵庫県豊岡市元町１２－７\n電話番号：0796239113\n\n配送方法：通常配送\nお届け日：指定なし\nお届け時間：指定なし\n\n商品コード：\n商品名：test 11    \n数量：1\n\n\n\n============================================\n\nこのメッセージはお客様へのお知らせ専用ですので、\nこのメッセージへの返信としてご質問をお送りいただいても回答できません。\nご了承ください。\n',	'<!DOCTYPE html PUBLIC \"-//W3C//DTD HTML 4.01 Transitional//EN\" \"http://www.w3.org/TR/html4/loose.dtd\">\n<html xmlns=\"http://www.w3.org/1999/xhtml\">\n\n<body bgcolor=\"#F0F0F0\" leftmargin=\"0\" topmargin=\"0\" marginwidth=\"0\" marginheight=\"0\" style=\"margin-top:0;margin-bottom:0;margin-right:0;margin-left:0;padding-top:0;padding-bottom:0;padding-right:0;padding-left:0;-ms-text-size-adjust:100%;-webkit-text-size-adjust:100%;\">\n<br>\n<br>\n<div align=\"center\"><a href=\"https://phpstack-517100-1643419.cloudwaysapps.com/\" style=\"font-family:Helvetica, Arial, sans-serif;font-size:30px;color:#333333;text-decoration:none;\">THE ALL</a></div>\n<!-- 100% background wrapper (grey background) -->\n<table border=\"0\" width=\"100%\" height=\"100%\" cellpadding=\"0\" cellspacing=\"0\" bgcolor=\"#F0F0F0\" style=\"border-spacing:0;mso-table-lspace:0pt;mso-table-rspace:0pt;\">\n    <tr>\n        <td align=\"center\" valign=\"top\" bgcolor=\"#F0F0F0\" style=\"background-color:#F0F0F0;border-collapse:collapse;\">\n            <br>\n            <!-- 600px container (white background) -->\n            <table id=\"html-mail-table1\" border=\"0\" width=\"600px\" cellpadding=\"10\" cellspacing=\"0\" class=\"container\" style=\"border-spacing:0;mso-table-lspace:0pt;mso-table-rspace:0pt;\">\n                <tr>\n                    <td class=\"container-padding content\" align=\"left\" style=\"border-collapse:collapse;padding-left:24px;padding-right:24px;padding-top:12px;padding-bottom:12px;background-color:#ffffff;\">\n                        <br>\n                        <div class=\"title\" style=\"font-family:Helvetica, Arial, sans-serif;font-size:14px;line-height:20px;text-align:left;color:#333333;\">この度はご注文いただき誠にありがとうございます。</div>\n                        <br>\n                        <div class=\"body-text\" style=\"font-family:Helvetica, Arial, sans-serif;font-size:14px;line-height:20px;text-align:left;color:#333333;\">\n                            豊岡 太郎 様<br/>\n                            <br/>\n                            下記ご注文内容にお間違えがないかご確認下さい。<br/>\n                            <br/>\n                            <hr style=\"border-top: 3px double #8c8b8b;\">\n                            　ご請求金額<br/>\n                            <hr style=\"border-top: 3px double #8c8b8b;\">\n                            ご注文日時：2021/05/06 10:54:29<br/>\n                            ご注文番号：49<br/>\n                            お支払い合計：￥55,300<br/>\n                            お支払い方法：銀行振込<br/>\n                                                        ご利用ポイント：0 pt<br/>\n                            加算ポイント：500 pt<br/>\n                                                        お問い合わせ：<br/>\n                            <br/>\n                            <hr style=\"border-top: 3px double #8c8b8b;\">\n                            　ご注文商品明細<br/>\n                            <hr style=\"border-top: 3px double #8c8b8b;\">\n                                                                                        商品コード：<br/>\n                                商品名：test 11    <br/>\n                                単価：￥55,000<br/>\n                                数量：1<br/>\n                                <br/>\n                                                                                    <hr style=\"border-top: 2px dashed #8c8b8b;\">\n                            小　計：￥55,000<br/>\n                            手数料：￥0<br/>\n                            送　料：￥300<br/>\n                                                        <hr style=\"border-top: 1px dotted #8c8b8b;\">\n                            合　計：￥55,300<br/>\n                                                            (10 %対象：￥55,300)<br/>\n                                                                                    <hr style=\"border-top: 1px dotted #8c8b8b;\">\n                            お支払い合計：￥55,300\n                            <br/>\n                            <hr style=\"border-top: 3px double #8c8b8b;\">\n                            ご注文者情報<br/>\n                            <hr style=\"border-top: 3px double #8c8b8b;\">\n                            お名前：豊岡 太郎 様<br/>\n                            お名前(カナ)：トヨオカ タロウ 様<br/>\n                                                            会社名：TEE ALL<br/>\n                                                        郵便番号：〒6680000<br/>\n                            住所：兵庫県豊岡市元町１２－７<br/>\n                            電話番号：0796239113<br/>\n                            メールアドレス：tspc.nokosazu.bk@gmail.com<br/>\n                            <br/>\n                            <hr style=\"border-top: 3px double #8c8b8b;\">\n                            　配送情報<br/>\n                            <hr style=\"border-top: 3px double #8c8b8b;\">\n\n                                                            ◎お届け先<br/>\n                                <br/>\n                                お名前：豊岡 太郎 様<br/>\n                                お名前(カナ)：トヨオカ タロウ 様<br/>\n                                                                    会社名：TEE ALL<br/>\n                                                                郵便番号：〒6680000<br/>\n                                住所：兵庫県豊岡市元町１２－７<br/>\n                                電話番号：0796239113<br/>\n                                <br/>\n                                配送方法：通常配送<br/>\n                                お届け日：指定なし<br/>\n                                お届け時間：指定なし<br/>\n                                <br/>\n                                                                    商品コード：<br/>\n                                    商品名：test 11    <br/>\n                                    数量：1<br/>\n                                    <br/>\n                                                                                                                    <hr style=\"border-top: 2px dotted #8c8b8b;\">\n                            このメッセージはお客様へのお知らせ専用ですので、<br/>\n                            このメッセージへの返信としてご質問をお送りいただいても回答できません。<br/>\n                            ご了承ください。<br/>\n                        </div>\n                    </td>\n                </tr>\n            </table>\n            <!--/600px container -->\n            <br>\n            <br>\n            <table id=\"html-mail-table2\" border=\"0\" width=\"600px\" cellpadding=\"10\" cellspacing=\"0\" class=\"container\" style=\"border-spacing:0;mso-table-lspace:0pt;mso-table-rspace:0pt;\">\n                <tr>\n                    <td class=\"container-padding content footer-text\" align=\"left\" style=\"border-collapse:collapse;font-family:Helvetica, Arial, sans-serif;font-size:12px;line-height:16px;color:#aaaaaa;padding-left:24px;padding-right:24px;padding-top:12px;padding-bottom:12px;background-color:#ffffff;\">\n                        本メールは、THE ALLより送信しております。<br/>\n                        もしお心当たりが無い場合は、その旨 <a href=\"mailto:dqjjfgjzbk@517100.cloudwaysapps.com\" style=\"text-decoration:none;\">dqjjfgjzbk@517100.cloudwaysapps.com</a> までご連絡いただければ幸いです。<br/>\n                        <br/>\n                        <div class=\"title\" style=\"font-size:14px;font-family:Helvetica, Arial, sans-serif;font-weight:600;color:#374550;\"><a href=\"https://phpstack-517100-1643419.cloudwaysapps.com/\" style=\"color:#aaaaaa;text-decoration:none;\">THE ALL</a></div>\n                        <div>copyright &copy; THE ALL all rights reserved.</div>\n                    </td>\n                </tr>\n            </table>\n        </td>\n    </tr>\n</table>\n<!--/100% background wrapper-->\n<br>\n<br>\n</body>\n\n</html>\n',	'mailhistory'),
(18,	64,	NULL,	'2021-05-06 05:25:25',	'[THE ALL] ご注文ありがとうございます',	'山本 太郎 様\n\nこの度はご注文いただき誠にありがとうございます。下記ご注文内容にお間違えがないかご確認下さい。\n\n************************************************\n　ご請求金額\n************************************************\n\nご注文日時：2021/05/06 14:25:25\nご注文番号：64\nお支払い合計：￥209,000\nお支払い方法：銀行振込\nご利用ポイント：0 pt\n加算ポイント：1,900 pt\nお問い合わせ：\n\n\n************************************************\n　ご注文商品明細\n************************************************\n\n商品コード：ああ\n商品名：カシオ CASIO Gショック G-SHOCK クオーツ メンズ 腕時計 GA-100CG-2A ネイビー［逆輸入品］［wimp］     \n単価：￥209,000\n数量：1\n\n-------------------------------------------------\n小　計：￥209,000\n手数料：￥0\n送　料：￥0\n-------------------------------------------------\n合　計：￥209,000\n        (10 %対象：￥209,000)\n    ============================================\nお支払い合計：￥209,000\n\n************************************************\n　ご注文者情報\n************************************************\nお名前：山本 太郎 様\nお名前(カナ)：ヤマモト タロウ 様\n郵便番号：〒6680044\n住所：兵庫県豊岡市山王町299\n電話番号：0796238856\nメールアドレス：tspc.nokosazu@gmail.com\n\n************************************************\n　配送情報\n************************************************\n\n◎お届け先\nお名前：山本 太郎 様\nお名前(カナ)：ヤマモト タロウ 様\n郵便番号：〒6680044\n住所：兵庫県豊岡市山王町299\n電話番号：0796238856\n\n配送方法：通常配送\nお届け日：指定なし\nお届け時間：指定なし\n\n商品コード：ああ\n商品名：カシオ CASIO Gショック G-SHOCK クオーツ メンズ 腕時計 GA-100CG-2A ネイビー［逆輸入品］［wimp］    \n数量：1\n\n\n\n============================================\n\nこのメッセージはお客様へのお知らせ専用ですので、\nこのメッセージへの返信としてご質問をお送りいただいても回答できません。\nご了承ください。\n',	'<!DOCTYPE html PUBLIC \"-//W3C//DTD HTML 4.01 Transitional//EN\" \"http://www.w3.org/TR/html4/loose.dtd\">\n<html xmlns=\"http://www.w3.org/1999/xhtml\">\n\n<body bgcolor=\"#F0F0F0\" leftmargin=\"0\" topmargin=\"0\" marginwidth=\"0\" marginheight=\"0\" style=\"margin-top:0;margin-bottom:0;margin-right:0;margin-left:0;padding-top:0;padding-bottom:0;padding-right:0;padding-left:0;-ms-text-size-adjust:100%;-webkit-text-size-adjust:100%;\">\n<br>\n<br>\n<div align=\"center\"><a href=\"https://phpstack-517100-1643419.cloudwaysapps.com/\" style=\"font-family:Helvetica, Arial, sans-serif;font-size:30px;color:#333333;text-decoration:none;\">THE ALL</a></div>\n<!-- 100% background wrapper (grey background) -->\n<table border=\"0\" width=\"100%\" height=\"100%\" cellpadding=\"0\" cellspacing=\"0\" bgcolor=\"#F0F0F0\" style=\"border-spacing:0;mso-table-lspace:0pt;mso-table-rspace:0pt;\">\n    <tr>\n        <td align=\"center\" valign=\"top\" bgcolor=\"#F0F0F0\" style=\"background-color:#F0F0F0;border-collapse:collapse;\">\n            <br>\n            <!-- 600px container (white background) -->\n            <table id=\"html-mail-table1\" border=\"0\" width=\"600px\" cellpadding=\"10\" cellspacing=\"0\" class=\"container\" style=\"border-spacing:0;mso-table-lspace:0pt;mso-table-rspace:0pt;\">\n                <tr>\n                    <td class=\"container-padding content\" align=\"left\" style=\"border-collapse:collapse;padding-left:24px;padding-right:24px;padding-top:12px;padding-bottom:12px;background-color:#ffffff;\">\n                        <br>\n                        <div class=\"title\" style=\"font-family:Helvetica, Arial, sans-serif;font-size:14px;line-height:20px;text-align:left;color:#333333;\">この度はご注文いただき誠にありがとうございます。</div>\n                        <br>\n                        <div class=\"body-text\" style=\"font-family:Helvetica, Arial, sans-serif;font-size:14px;line-height:20px;text-align:left;color:#333333;\">\n                            山本 太郎 様<br/>\n                            <br/>\n                            下記ご注文内容にお間違えがないかご確認下さい。<br/>\n                            <br/>\n                            <hr style=\"border-top: 3px double #8c8b8b;\">\n                            　ご請求金額<br/>\n                            <hr style=\"border-top: 3px double #8c8b8b;\">\n                            ご注文日時：2021/05/06 14:25:25<br/>\n                            ご注文番号：64<br/>\n                            お支払い合計：￥209,000<br/>\n                            お支払い方法：銀行振込<br/>\n                                                        ご利用ポイント：0 pt<br/>\n                            加算ポイント：1,900 pt<br/>\n                                                        お問い合わせ：<br/>\n                            <br/>\n                            <hr style=\"border-top: 3px double #8c8b8b;\">\n                            　ご注文商品明細<br/>\n                            <hr style=\"border-top: 3px double #8c8b8b;\">\n                                                                                        商品コード：ああ<br/>\n                                商品名：カシオ CASIO Gショック G-SHOCK クオーツ メンズ 腕時計 GA-100CG-2A ネイビー［逆輸入品］［wimp］    <br/>\n                                単価：￥209,000<br/>\n                                数量：1<br/>\n                                <br/>\n                                                                                    <hr style=\"border-top: 2px dashed #8c8b8b;\">\n                            小　計：￥209,000<br/>\n                            手数料：￥0<br/>\n                            送　料：￥0<br/>\n                                                        <hr style=\"border-top: 1px dotted #8c8b8b;\">\n                            合　計：￥209,000<br/>\n                                                            (10 %対象：￥209,000)<br/>\n                                                                                    <hr style=\"border-top: 1px dotted #8c8b8b;\">\n                            お支払い合計：￥209,000\n                            <br/>\n                            <hr style=\"border-top: 3px double #8c8b8b;\">\n                            ご注文者情報<br/>\n                            <hr style=\"border-top: 3px double #8c8b8b;\">\n                            お名前：山本 太郎 様<br/>\n                            お名前(カナ)：ヤマモト タロウ 様<br/>\n                                                        郵便番号：〒6680044<br/>\n                            住所：兵庫県豊岡市山王町299<br/>\n                            電話番号：0796238856<br/>\n                            メールアドレス：tspc.nokosazu@gmail.com<br/>\n                            <br/>\n                            <hr style=\"border-top: 3px double #8c8b8b;\">\n                            　配送情報<br/>\n                            <hr style=\"border-top: 3px double #8c8b8b;\">\n\n                                                            ◎お届け先<br/>\n                                <br/>\n                                お名前：山本 太郎 様<br/>\n                                お名前(カナ)：ヤマモト タロウ 様<br/>\n                                                                郵便番号：〒6680044<br/>\n                                住所：兵庫県豊岡市山王町299<br/>\n                                電話番号：0796238856<br/>\n                                <br/>\n                                配送方法：通常配送<br/>\n                                お届け日：指定なし<br/>\n                                お届け時間：指定なし<br/>\n                                <br/>\n                                                                    商品コード：ああ<br/>\n                                    商品名：カシオ CASIO Gショック G-SHOCK クオーツ メンズ 腕時計 GA-100CG-2A ネイビー［逆輸入品］［wimp］    <br/>\n                                    数量：1<br/>\n                                    <br/>\n                                                                                                                    <hr style=\"border-top: 2px dotted #8c8b8b;\">\n                            このメッセージはお客様へのお知らせ専用ですので、<br/>\n                            このメッセージへの返信としてご質問をお送りいただいても回答できません。<br/>\n                            ご了承ください。<br/>\n                        </div>\n                    </td>\n                </tr>\n            </table>\n            <!--/600px container -->\n            <br>\n            <br>\n            <table id=\"html-mail-table2\" border=\"0\" width=\"600px\" cellpadding=\"10\" cellspacing=\"0\" class=\"container\" style=\"border-spacing:0;mso-table-lspace:0pt;mso-table-rspace:0pt;\">\n                <tr>\n                    <td class=\"container-padding content footer-text\" align=\"left\" style=\"border-collapse:collapse;font-family:Helvetica, Arial, sans-serif;font-size:12px;line-height:16px;color:#aaaaaa;padding-left:24px;padding-right:24px;padding-top:12px;padding-bottom:12px;background-color:#ffffff;\">\n                        本メールは、THE ALLより送信しております。<br/>\n                        もしお心当たりが無い場合は、その旨 <a href=\"mailto:dqjjfgjzbk@517100.cloudwaysapps.com\" style=\"text-decoration:none;\">dqjjfgjzbk@517100.cloudwaysapps.com</a> までご連絡いただければ幸いです。<br/>\n                        <br/>\n                        <div class=\"title\" style=\"font-size:14px;font-family:Helvetica, Arial, sans-serif;font-weight:600;color:#374550;\"><a href=\"https://phpstack-517100-1643419.cloudwaysapps.com/\" style=\"color:#aaaaaa;text-decoration:none;\">THE ALL</a></div>\n                        <div>copyright &copy; THE ALL all rights reserved.</div>\n                    </td>\n                </tr>\n            </table>\n        </td>\n    </tr>\n</table>\n<!--/100% background wrapper-->\n<br>\n<br>\n</body>\n\n</html>\n',	'mailhistory'),
(19,	63,	NULL,	'2021-05-06 05:25:40',	'[THE ALL] ご注文ありがとうございます',	'山本 太郎 様\n\nこの度はご注文いただき誠にありがとうございます。下記ご注文内容にお間違えがないかご確認下さい。\n\n************************************************\n　ご請求金額\n************************************************\n\nご注文日時：2021/05/06 14:25:40\nご注文番号：63\nお支払い合計：￥54,830\nお支払い方法：銀行振込\nご利用ポイント：0 pt\n加算ポイント：490 pt\nお問い合わせ：\n\n\n************************************************\n　ご注文商品明細\n************************************************\n\n商品コード：Ｔ−００１２５\n商品名：タンザナイト テスト用     \n単価：￥11,000\n数量：1\n\n商品コード：R-200220\n商品名：ネックレス テスト用     \n単価：￥42,900\n数量：1\n\n-------------------------------------------------\n小　計：￥53,900\n手数料：￥0\n送　料：￥930\n-------------------------------------------------\n合　計：￥54,830\n        (10 %対象：￥54,830)\n    ============================================\nお支払い合計：￥54,830\n\n************************************************\n　ご注文者情報\n************************************************\nお名前：山本 太郎 様\nお名前(カナ)：ヤマモト タロウ 様\n郵便番号：〒6680044\n住所：兵庫県豊岡市山王町299\n電話番号：0796238856\nメールアドレス：tspc.nokosazu@gmail.com\n\n************************************************\n　配送情報\n************************************************\n\n◎お届け先\nお名前：山本 太郎 様\nお名前(カナ)：ヤマモト タロウ 様\n郵便番号：〒6680044\n住所：兵庫県豊岡市山王町299\n電話番号：0796238856\n\n配送方法：佐川便\nお届け日：指定なし\nお届け時間：指定なし\n\n商品コード：Ｔ−００１２５\n商品名：タンザナイト テスト用    \n数量：1\n\n商品コード：R-200220\n商品名：ネックレス テスト用    \n数量：1\n\n\n\n============================================\n\nこのメッセージはお客様へのお知らせ専用ですので、\nこのメッセージへの返信としてご質問をお送りいただいても回答できません。\nご了承ください。\n',	'<!DOCTYPE html PUBLIC \"-//W3C//DTD HTML 4.01 Transitional//EN\" \"http://www.w3.org/TR/html4/loose.dtd\">\n<html xmlns=\"http://www.w3.org/1999/xhtml\">\n\n<body bgcolor=\"#F0F0F0\" leftmargin=\"0\" topmargin=\"0\" marginwidth=\"0\" marginheight=\"0\" style=\"margin-top:0;margin-bottom:0;margin-right:0;margin-left:0;padding-top:0;padding-bottom:0;padding-right:0;padding-left:0;-ms-text-size-adjust:100%;-webkit-text-size-adjust:100%;\">\n<br>\n<br>\n<div align=\"center\"><a href=\"https://phpstack-517100-1643419.cloudwaysapps.com/\" style=\"font-family:Helvetica, Arial, sans-serif;font-size:30px;color:#333333;text-decoration:none;\">THE ALL</a></div>\n<!-- 100% background wrapper (grey background) -->\n<table border=\"0\" width=\"100%\" height=\"100%\" cellpadding=\"0\" cellspacing=\"0\" bgcolor=\"#F0F0F0\" style=\"border-spacing:0;mso-table-lspace:0pt;mso-table-rspace:0pt;\">\n    <tr>\n        <td align=\"center\" valign=\"top\" bgcolor=\"#F0F0F0\" style=\"background-color:#F0F0F0;border-collapse:collapse;\">\n            <br>\n            <!-- 600px container (white background) -->\n            <table id=\"html-mail-table1\" border=\"0\" width=\"600px\" cellpadding=\"10\" cellspacing=\"0\" class=\"container\" style=\"border-spacing:0;mso-table-lspace:0pt;mso-table-rspace:0pt;\">\n                <tr>\n                    <td class=\"container-padding content\" align=\"left\" style=\"border-collapse:collapse;padding-left:24px;padding-right:24px;padding-top:12px;padding-bottom:12px;background-color:#ffffff;\">\n                        <br>\n                        <div class=\"title\" style=\"font-family:Helvetica, Arial, sans-serif;font-size:14px;line-height:20px;text-align:left;color:#333333;\">この度はご注文いただき誠にありがとうございます。</div>\n                        <br>\n                        <div class=\"body-text\" style=\"font-family:Helvetica, Arial, sans-serif;font-size:14px;line-height:20px;text-align:left;color:#333333;\">\n                            山本 太郎 様<br/>\n                            <br/>\n                            下記ご注文内容にお間違えがないかご確認下さい。<br/>\n                            <br/>\n                            <hr style=\"border-top: 3px double #8c8b8b;\">\n                            　ご請求金額<br/>\n                            <hr style=\"border-top: 3px double #8c8b8b;\">\n                            ご注文日時：2021/05/06 14:25:40<br/>\n                            ご注文番号：63<br/>\n                            お支払い合計：￥54,830<br/>\n                            お支払い方法：銀行振込<br/>\n                                                        ご利用ポイント：0 pt<br/>\n                            加算ポイント：490 pt<br/>\n                                                        お問い合わせ：<br/>\n                            <br/>\n                            <hr style=\"border-top: 3px double #8c8b8b;\">\n                            　ご注文商品明細<br/>\n                            <hr style=\"border-top: 3px double #8c8b8b;\">\n                                                                                        商品コード：Ｔ−００１２５<br/>\n                                商品名：タンザナイト テスト用    <br/>\n                                単価：￥11,000<br/>\n                                数量：1<br/>\n                                <br/>\n                                                            商品コード：R-200220<br/>\n                                商品名：ネックレス テスト用    <br/>\n                                単価：￥42,900<br/>\n                                数量：1<br/>\n                                <br/>\n                                                                                    <hr style=\"border-top: 2px dashed #8c8b8b;\">\n                            小　計：￥53,900<br/>\n                            手数料：￥0<br/>\n                            送　料：￥930<br/>\n                                                        <hr style=\"border-top: 1px dotted #8c8b8b;\">\n                            合　計：￥54,830<br/>\n                                                            (10 %対象：￥54,830)<br/>\n                                                                                    <hr style=\"border-top: 1px dotted #8c8b8b;\">\n                            お支払い合計：￥54,830\n                            <br/>\n                            <hr style=\"border-top: 3px double #8c8b8b;\">\n                            ご注文者情報<br/>\n                            <hr style=\"border-top: 3px double #8c8b8b;\">\n                            お名前：山本 太郎 様<br/>\n                            お名前(カナ)：ヤマモト タロウ 様<br/>\n                                                        郵便番号：〒6680044<br/>\n                            住所：兵庫県豊岡市山王町299<br/>\n                            電話番号：0796238856<br/>\n                            メールアドレス：tspc.nokosazu@gmail.com<br/>\n                            <br/>\n                            <hr style=\"border-top: 3px double #8c8b8b;\">\n                            　配送情報<br/>\n                            <hr style=\"border-top: 3px double #8c8b8b;\">\n\n                                                            ◎お届け先<br/>\n                                <br/>\n                                お名前：山本 太郎 様<br/>\n                                お名前(カナ)：ヤマモト タロウ 様<br/>\n                                                                郵便番号：〒6680044<br/>\n                                住所：兵庫県豊岡市山王町299<br/>\n                                電話番号：0796238856<br/>\n                                <br/>\n                                配送方法：佐川便<br/>\n                                お届け日：指定なし<br/>\n                                お届け時間：指定なし<br/>\n                                <br/>\n                                                                    商品コード：Ｔ−００１２５<br/>\n                                    商品名：タンザナイト テスト用    <br/>\n                                    数量：1<br/>\n                                    <br/>\n                                                                    商品コード：R-200220<br/>\n                                    商品名：ネックレス テスト用    <br/>\n                                    数量：1<br/>\n                                    <br/>\n                                                                                                                    <hr style=\"border-top: 2px dotted #8c8b8b;\">\n                            このメッセージはお客様へのお知らせ専用ですので、<br/>\n                            このメッセージへの返信としてご質問をお送りいただいても回答できません。<br/>\n                            ご了承ください。<br/>\n                        </div>\n                    </td>\n                </tr>\n            </table>\n            <!--/600px container -->\n            <br>\n            <br>\n            <table id=\"html-mail-table2\" border=\"0\" width=\"600px\" cellpadding=\"10\" cellspacing=\"0\" class=\"container\" style=\"border-spacing:0;mso-table-lspace:0pt;mso-table-rspace:0pt;\">\n                <tr>\n                    <td class=\"container-padding content footer-text\" align=\"left\" style=\"border-collapse:collapse;font-family:Helvetica, Arial, sans-serif;font-size:12px;line-height:16px;color:#aaaaaa;padding-left:24px;padding-right:24px;padding-top:12px;padding-bottom:12px;background-color:#ffffff;\">\n                        本メールは、THE ALLより送信しております。<br/>\n                        もしお心当たりが無い場合は、その旨 <a href=\"mailto:dqjjfgjzbk@517100.cloudwaysapps.com\" style=\"text-decoration:none;\">dqjjfgjzbk@517100.cloudwaysapps.com</a> までご連絡いただければ幸いです。<br/>\n                        <br/>\n                        <div class=\"title\" style=\"font-size:14px;font-family:Helvetica, Arial, sans-serif;font-weight:600;color:#374550;\"><a href=\"https://phpstack-517100-1643419.cloudwaysapps.com/\" style=\"color:#aaaaaa;text-decoration:none;\">THE ALL</a></div>\n                        <div>copyright &copy; THE ALL all rights reserved.</div>\n                    </td>\n                </tr>\n            </table>\n        </td>\n    </tr>\n</table>\n<!--/100% background wrapper-->\n<br>\n<br>\n</body>\n\n</html>\n',	'mailhistory'),
(20,	65,	NULL,	'2021-05-06 09:55:25',	'[THE ALL] ご注文ありがとうございます',	'山本 太郎 様\n\nこの度はご注文いただき誠にありがとうございます。下記ご注文内容にお間違えがないかご確認下さい。\n\n************************************************\n　ご請求金額\n************************************************\n\nご注文日時：2021/05/06 18:55:25\nご注文番号：65\nお支払い合計：￥55,000\nお支払い方法：銀行振込\nご利用ポイント：0 pt\n加算ポイント：500 pt\nお問い合わせ：\n\n\n************************************************\n　ご注文商品明細\n************************************************\n\n商品コード：\n商品名：test 11     \n単価：￥55,000\n数量：1\n\n-------------------------------------------------\n小　計：￥55,000\n手数料：￥0\n送　料：￥0\n-------------------------------------------------\n合　計：￥55,000\n        (10 %対象：￥55,000)\n    ============================================\nお支払い合計：￥55,000\n\n************************************************\n　ご注文者情報\n************************************************\nお名前：山本 太郎 様\nお名前(カナ)：ヤマモト タロウ 様\n郵便番号：〒6680044\n住所：兵庫県豊岡市山王町299\n電話番号：0796238856\nメールアドレス：tspc.nokosazu@gmail.com\n\n************************************************\n　配送情報\n************************************************\n\n◎お届け先\nお名前：山本 太郎 様\nお名前(カナ)：ヤマモト タロウ 様\n郵便番号：〒6680044\n住所：兵庫県豊岡市山王町299\n電話番号：0796238856\n\n配送方法：サンプル宅配\nお届け日：指定なし\nお届け時間：指定なし\n\n商品コード：\n商品名：test 11    \n数量：1\n\n\n\n============================================\n\nこのメッセージはお客様へのお知らせ専用ですので、\nこのメッセージへの返信としてご質問をお送りいただいても回答できません。\nご了承ください。\n',	'<!DOCTYPE html PUBLIC \"-//W3C//DTD HTML 4.01 Transitional//EN\" \"http://www.w3.org/TR/html4/loose.dtd\">\n<html xmlns=\"http://www.w3.org/1999/xhtml\">\n\n<body bgcolor=\"#F0F0F0\" leftmargin=\"0\" topmargin=\"0\" marginwidth=\"0\" marginheight=\"0\" style=\"margin-top:0;margin-bottom:0;margin-right:0;margin-left:0;padding-top:0;padding-bottom:0;padding-right:0;padding-left:0;-ms-text-size-adjust:100%;-webkit-text-size-adjust:100%;\">\n<br>\n<br>\n<div align=\"center\"><a href=\"https://phpstack-517100-1643419.cloudwaysapps.com/\" style=\"font-family:Helvetica, Arial, sans-serif;font-size:30px;color:#333333;text-decoration:none;\">THE ALL</a></div>\n<!-- 100% background wrapper (grey background) -->\n<table border=\"0\" width=\"100%\" height=\"100%\" cellpadding=\"0\" cellspacing=\"0\" bgcolor=\"#F0F0F0\" style=\"border-spacing:0;mso-table-lspace:0pt;mso-table-rspace:0pt;\">\n    <tr>\n        <td align=\"center\" valign=\"top\" bgcolor=\"#F0F0F0\" style=\"background-color:#F0F0F0;border-collapse:collapse;\">\n            <br>\n            <!-- 600px container (white background) -->\n            <table id=\"html-mail-table1\" border=\"0\" width=\"600px\" cellpadding=\"10\" cellspacing=\"0\" class=\"container\" style=\"border-spacing:0;mso-table-lspace:0pt;mso-table-rspace:0pt;\">\n                <tr>\n                    <td class=\"container-padding content\" align=\"left\" style=\"border-collapse:collapse;padding-left:24px;padding-right:24px;padding-top:12px;padding-bottom:12px;background-color:#ffffff;\">\n                        <br>\n                        <div class=\"title\" style=\"font-family:Helvetica, Arial, sans-serif;font-size:14px;line-height:20px;text-align:left;color:#333333;\">この度はご注文いただき誠にありがとうございます。</div>\n                        <br>\n                        <div class=\"body-text\" style=\"font-family:Helvetica, Arial, sans-serif;font-size:14px;line-height:20px;text-align:left;color:#333333;\">\n                            山本 太郎 様<br/>\n                            <br/>\n                            下記ご注文内容にお間違えがないかご確認下さい。<br/>\n                            <br/>\n                            <hr style=\"border-top: 3px double #8c8b8b;\">\n                            　ご請求金額<br/>\n                            <hr style=\"border-top: 3px double #8c8b8b;\">\n                            ご注文日時：2021/05/06 18:55:25<br/>\n                            ご注文番号：65<br/>\n                            お支払い合計：￥55,000<br/>\n                            お支払い方法：銀行振込<br/>\n                                                        ご利用ポイント：0 pt<br/>\n                            加算ポイント：500 pt<br/>\n                                                        お問い合わせ：<br/>\n                            <br/>\n                            <hr style=\"border-top: 3px double #8c8b8b;\">\n                            　ご注文商品明細<br/>\n                            <hr style=\"border-top: 3px double #8c8b8b;\">\n                                                                                        商品コード：<br/>\n                                商品名：test 11    <br/>\n                                単価：￥55,000<br/>\n                                数量：1<br/>\n                                <br/>\n                                                                                    <hr style=\"border-top: 2px dashed #8c8b8b;\">\n                            小　計：￥55,000<br/>\n                            手数料：￥0<br/>\n                            送　料：￥0<br/>\n                                                        <hr style=\"border-top: 1px dotted #8c8b8b;\">\n                            合　計：￥55,000<br/>\n                                                            (10 %対象：￥55,000)<br/>\n                                                                                    <hr style=\"border-top: 1px dotted #8c8b8b;\">\n                            お支払い合計：￥55,000\n                            <br/>\n                            <hr style=\"border-top: 3px double #8c8b8b;\">\n                            ご注文者情報<br/>\n                            <hr style=\"border-top: 3px double #8c8b8b;\">\n                            お名前：山本 太郎 様<br/>\n                            お名前(カナ)：ヤマモト タロウ 様<br/>\n                                                        郵便番号：〒6680044<br/>\n                            住所：兵庫県豊岡市山王町299<br/>\n                            電話番号：0796238856<br/>\n                            メールアドレス：tspc.nokosazu@gmail.com<br/>\n                            <br/>\n                            <hr style=\"border-top: 3px double #8c8b8b;\">\n                            　配送情報<br/>\n                            <hr style=\"border-top: 3px double #8c8b8b;\">\n\n                                                            ◎お届け先<br/>\n                                <br/>\n                                お名前：山本 太郎 様<br/>\n                                お名前(カナ)：ヤマモト タロウ 様<br/>\n                                                                郵便番号：〒6680044<br/>\n                                住所：兵庫県豊岡市山王町299<br/>\n                                電話番号：0796238856<br/>\n                                <br/>\n                                配送方法：サンプル宅配<br/>\n                                お届け日：指定なし<br/>\n                                お届け時間：指定なし<br/>\n                                <br/>\n                                                                    商品コード：<br/>\n                                    商品名：test 11    <br/>\n                                    数量：1<br/>\n                                    <br/>\n                                                                                                                    <hr style=\"border-top: 2px dotted #8c8b8b;\">\n                            このメッセージはお客様へのお知らせ専用ですので、<br/>\n                            このメッセージへの返信としてご質問をお送りいただいても回答できません。<br/>\n                            ご了承ください。<br/>\n                        </div>\n                    </td>\n                </tr>\n            </table>\n            <!--/600px container -->\n            <br>\n            <br>\n            <table id=\"html-mail-table2\" border=\"0\" width=\"600px\" cellpadding=\"10\" cellspacing=\"0\" class=\"container\" style=\"border-spacing:0;mso-table-lspace:0pt;mso-table-rspace:0pt;\">\n                <tr>\n                    <td class=\"container-padding content footer-text\" align=\"left\" style=\"border-collapse:collapse;font-family:Helvetica, Arial, sans-serif;font-size:12px;line-height:16px;color:#aaaaaa;padding-left:24px;padding-right:24px;padding-top:12px;padding-bottom:12px;background-color:#ffffff;\">\n                        本メールは、THE ALLより送信しております。<br/>\n                        もしお心当たりが無い場合は、その旨 <a href=\"mailto:dqjjfgjzbk@517100.cloudwaysapps.com\" style=\"text-decoration:none;\">dqjjfgjzbk@517100.cloudwaysapps.com</a> までご連絡いただければ幸いです。<br/>\n                        <br/>\n                        <div class=\"title\" style=\"font-size:14px;font-family:Helvetica, Arial, sans-serif;font-weight:600;color:#374550;\"><a href=\"https://phpstack-517100-1643419.cloudwaysapps.com/\" style=\"color:#aaaaaa;text-decoration:none;\">THE ALL</a></div>\n                        <div>copyright &copy; THE ALL all rights reserved.</div>\n                    </td>\n                </tr>\n            </table>\n        </td>\n    </tr>\n</table>\n<!--/100% background wrapper-->\n<br>\n<br>\n</body>\n\n</html>\n',	'mailhistory'),
(21,	66,	NULL,	'2021-05-06 09:57:24',	'[THE ALL] ご注文ありがとうございます',	'山本 太郎 様\n\nこの度はご注文いただき誠にありがとうございます。下記ご注文内容にお間違えがないかご確認下さい。\n\n************************************************\n　ご請求金額\n************************************************\n\nご注文日時：2021/05/06 18:57:24\nご注文番号：66\nお支払い合計：￥209,000\nお支払い方法：銀行振込\nご利用ポイント：0 pt\n加算ポイント：1,900 pt\nお問い合わせ：\n\n\n************************************************\n　ご注文商品明細\n************************************************\n\n商品コード：ああ\n商品名：カシオ CASIO Gショック G-SHOCK クオーツ メンズ 腕時計 GA-100CG-2A ネイビー［逆輸入品］［wimp］     \n単価：￥209,000\n数量：1\n\n-------------------------------------------------\n小　計：￥209,000\n手数料：￥0\n送　料：￥0\n-------------------------------------------------\n合　計：￥209,000\n        (10 %対象：￥209,000)\n    ============================================\nお支払い合計：￥209,000\n\n************************************************\n　ご注文者情報\n************************************************\nお名前：山本 太郎 様\nお名前(カナ)：ヤマモト タロウ 様\n郵便番号：〒6680044\n住所：兵庫県豊岡市山王町299\n電話番号：0796238856\nメールアドレス：tspc.nokosazu@gmail.com\n\n************************************************\n　配送情報\n************************************************\n\n◎お届け先\nお名前：山本 太郎 様\nお名前(カナ)：ヤマモト タロウ 様\n郵便番号：〒6680044\n住所：兵庫県豊岡市山王町299\n電話番号：0796238856\n\n配送方法：通常配送\nお届け日：指定なし\nお届け時間：指定なし\n\n商品コード：ああ\n商品名：カシオ CASIO Gショック G-SHOCK クオーツ メンズ 腕時計 GA-100CG-2A ネイビー［逆輸入品］［wimp］    \n数量：1\n\n\n\n============================================\n\nこのメッセージはお客様へのお知らせ専用ですので、\nこのメッセージへの返信としてご質問をお送りいただいても回答できません。\nご了承ください。\n',	'<!DOCTYPE html PUBLIC \"-//W3C//DTD HTML 4.01 Transitional//EN\" \"http://www.w3.org/TR/html4/loose.dtd\">\n<html xmlns=\"http://www.w3.org/1999/xhtml\">\n\n<body bgcolor=\"#F0F0F0\" leftmargin=\"0\" topmargin=\"0\" marginwidth=\"0\" marginheight=\"0\" style=\"margin-top:0;margin-bottom:0;margin-right:0;margin-left:0;padding-top:0;padding-bottom:0;padding-right:0;padding-left:0;-ms-text-size-adjust:100%;-webkit-text-size-adjust:100%;\">\n<br>\n<br>\n<div align=\"center\"><a href=\"https://phpstack-517100-1643419.cloudwaysapps.com/\" style=\"font-family:Helvetica, Arial, sans-serif;font-size:30px;color:#333333;text-decoration:none;\">THE ALL</a></div>\n<!-- 100% background wrapper (grey background) -->\n<table border=\"0\" width=\"100%\" height=\"100%\" cellpadding=\"0\" cellspacing=\"0\" bgcolor=\"#F0F0F0\" style=\"border-spacing:0;mso-table-lspace:0pt;mso-table-rspace:0pt;\">\n    <tr>\n        <td align=\"center\" valign=\"top\" bgcolor=\"#F0F0F0\" style=\"background-color:#F0F0F0;border-collapse:collapse;\">\n            <br>\n            <!-- 600px container (white background) -->\n            <table id=\"html-mail-table1\" border=\"0\" width=\"600px\" cellpadding=\"10\" cellspacing=\"0\" class=\"container\" style=\"border-spacing:0;mso-table-lspace:0pt;mso-table-rspace:0pt;\">\n                <tr>\n                    <td class=\"container-padding content\" align=\"left\" style=\"border-collapse:collapse;padding-left:24px;padding-right:24px;padding-top:12px;padding-bottom:12px;background-color:#ffffff;\">\n                        <br>\n                        <div class=\"title\" style=\"font-family:Helvetica, Arial, sans-serif;font-size:14px;line-height:20px;text-align:left;color:#333333;\">この度はご注文いただき誠にありがとうございます。</div>\n                        <br>\n                        <div class=\"body-text\" style=\"font-family:Helvetica, Arial, sans-serif;font-size:14px;line-height:20px;text-align:left;color:#333333;\">\n                            山本 太郎 様<br/>\n                            <br/>\n                            下記ご注文内容にお間違えがないかご確認下さい。<br/>\n                            <br/>\n                            <hr style=\"border-top: 3px double #8c8b8b;\">\n                            　ご請求金額<br/>\n                            <hr style=\"border-top: 3px double #8c8b8b;\">\n                            ご注文日時：2021/05/06 18:57:24<br/>\n                            ご注文番号：66<br/>\n                            お支払い合計：￥209,000<br/>\n                            お支払い方法：銀行振込<br/>\n                                                        ご利用ポイント：0 pt<br/>\n                            加算ポイント：1,900 pt<br/>\n                                                        お問い合わせ：<br/>\n                            <br/>\n                            <hr style=\"border-top: 3px double #8c8b8b;\">\n                            　ご注文商品明細<br/>\n                            <hr style=\"border-top: 3px double #8c8b8b;\">\n                                                                                        商品コード：ああ<br/>\n                                商品名：カシオ CASIO Gショック G-SHOCK クオーツ メンズ 腕時計 GA-100CG-2A ネイビー［逆輸入品］［wimp］    <br/>\n                                単価：￥209,000<br/>\n                                数量：1<br/>\n                                <br/>\n                                                                                    <hr style=\"border-top: 2px dashed #8c8b8b;\">\n                            小　計：￥209,000<br/>\n                            手数料：￥0<br/>\n                            送　料：￥0<br/>\n                                                        <hr style=\"border-top: 1px dotted #8c8b8b;\">\n                            合　計：￥209,000<br/>\n                                                            (10 %対象：￥209,000)<br/>\n                                                                                    <hr style=\"border-top: 1px dotted #8c8b8b;\">\n                            お支払い合計：￥209,000\n                            <br/>\n                            <hr style=\"border-top: 3px double #8c8b8b;\">\n                            ご注文者情報<br/>\n                            <hr style=\"border-top: 3px double #8c8b8b;\">\n                            お名前：山本 太郎 様<br/>\n                            お名前(カナ)：ヤマモト タロウ 様<br/>\n                                                        郵便番号：〒6680044<br/>\n                            住所：兵庫県豊岡市山王町299<br/>\n                            電話番号：0796238856<br/>\n                            メールアドレス：tspc.nokosazu@gmail.com<br/>\n                            <br/>\n                            <hr style=\"border-top: 3px double #8c8b8b;\">\n                            　配送情報<br/>\n                            <hr style=\"border-top: 3px double #8c8b8b;\">\n\n                                                            ◎お届け先<br/>\n                                <br/>\n                                お名前：山本 太郎 様<br/>\n                                お名前(カナ)：ヤマモト タロウ 様<br/>\n                                                                郵便番号：〒6680044<br/>\n                                住所：兵庫県豊岡市山王町299<br/>\n                                電話番号：0796238856<br/>\n                                <br/>\n                                配送方法：通常配送<br/>\n                                お届け日：指定なし<br/>\n                                お届け時間：指定なし<br/>\n                                <br/>\n                                                                    商品コード：ああ<br/>\n                                    商品名：カシオ CASIO Gショック G-SHOCK クオーツ メンズ 腕時計 GA-100CG-2A ネイビー［逆輸入品］［wimp］    <br/>\n                                    数量：1<br/>\n                                    <br/>\n                                                                                                                    <hr style=\"border-top: 2px dotted #8c8b8b;\">\n                            このメッセージはお客様へのお知らせ専用ですので、<br/>\n                            このメッセージへの返信としてご質問をお送りいただいても回答できません。<br/>\n                            ご了承ください。<br/>\n                        </div>\n                    </td>\n                </tr>\n            </table>\n            <!--/600px container -->\n            <br>\n            <br>\n            <table id=\"html-mail-table2\" border=\"0\" width=\"600px\" cellpadding=\"10\" cellspacing=\"0\" class=\"container\" style=\"border-spacing:0;mso-table-lspace:0pt;mso-table-rspace:0pt;\">\n                <tr>\n                    <td class=\"container-padding content footer-text\" align=\"left\" style=\"border-collapse:collapse;font-family:Helvetica, Arial, sans-serif;font-size:12px;line-height:16px;color:#aaaaaa;padding-left:24px;padding-right:24px;padding-top:12px;padding-bottom:12px;background-color:#ffffff;\">\n                        本メールは、THE ALLより送信しております。<br/>\n                        もしお心当たりが無い場合は、その旨 <a href=\"mailto:dqjjfgjzbk@517100.cloudwaysapps.com\" style=\"text-decoration:none;\">dqjjfgjzbk@517100.cloudwaysapps.com</a> までご連絡いただければ幸いです。<br/>\n                        <br/>\n                        <div class=\"title\" style=\"font-size:14px;font-family:Helvetica, Arial, sans-serif;font-weight:600;color:#374550;\"><a href=\"https://phpstack-517100-1643419.cloudwaysapps.com/\" style=\"color:#aaaaaa;text-decoration:none;\">THE ALL</a></div>\n                        <div>copyright &copy; THE ALL all rights reserved.</div>\n                    </td>\n                </tr>\n            </table>\n        </td>\n    </tr>\n</table>\n<!--/100% background wrapper-->\n<br>\n<br>\n</body>\n\n</html>\n',	'mailhistory'),
(22,	9,	1,	'2022-01-17 08:16:09',	'[THE ALL] ご注文ありがとうございます',	'テスト 五郎 様\r\n\r\nこの度はご注文いただき誠にありがとうございます。下記ご注文内容にお間違えがないかご確認下さい。\r\n\r\n************************************************\r\n　ご請求金額\r\n************************************************\r\n\r\nご注文日時：2021/03/09 16:19:15\r\nご注文番号：9\r\nお支払い合計：￥43,740\r\nお支払い方法：銀行振込\r\nお問い合わせ：\r\n\r\n\r\n************************************************\r\n　ご注文商品明細\r\n************************************************\r\n\r\n商品コード：R-200220\r\n商品名：ネックレス     \r\n単価：￥42,900\r\n数量：1\r\n\r\n-------------------------------------------------\r\n小　計：￥42,900\r\n手数料：￥0\r\n送　料：￥840\r\n-------------------------------------------------\r\n合　計：￥43,740\r\n        (10 %対象：￥43,740)\r\n    ============================================\r\nお支払い合計：￥43,740\r\n\r\n************************************************\r\n　ご注文者情報\r\n************************************************\r\nお名前：テスト 五郎 様\r\nお名前(カナ)：テスト ゴロウ 様\r\n会社名：TSPC株式会社\r\n郵便番号：〒6680211\r\n住所：兵庫県豊岡市出石町下谷４\r\n電話番号：0799\r\nメールアドレス：ohshita@tspc.co.jp\r\n\r\n************************************************\r\n　配送情報\r\n************************************************\r\n\r\n◎お届け先\r\nお名前：テスト 五郎 様\r\nお名前(カナ)：テスト ゴロウ 様\r\n会社名：TSPC株式会社\r\n郵便番号：〒6680211\r\n住所：兵庫県豊岡市４\r\n電話番号：0799\r\n\r\n配送方法：クロネコヤマト\r\nお届け日：2021/06/10\r\nお届け時間：指定なし\r\n\r\n商品コード：R-200220\r\n商品名：ネックレス    \r\n数量：1\r\n\r\n\r\n\r\n============================================\r\n\r\nこのメッセージはお客様へのお知らせ専用ですので、\r\nこのメッセージへの返信としてご質問をお送りいただいても回答できません。\r\nご了承ください。',	NULL,	'mailhistory'),
(23,	89,	NULL,	'2022-02-08 05:35:17',	'[THE ALL] ご注文ありがとうございます',	'テスト テスト 様\n\nこの度はご注文いただき誠にありがとうございます。下記ご注文内容にお間違えがないかご確認下さい。\n\n************************************************\n　ご請求金額\n************************************************\n\nご注文日時：2022/02/08 14:35:17\nご注文番号：89\nお支払い合計：￥5,110\nお支払い方法：銀行振込\nご利用ポイント：0 pt\n加算ポイント：35 pt\nお問い合わせ：\n\n\n************************************************\n　ご注文商品明細\n************************************************\n\n商品コード：V202112005\n商品名：おまかせ野菜セット     ※\n単価：￥3,780\n数量：1\n\n※は軽減税率対象商品です。\n-------------------------------------------------\n小　計：￥3,780\n手数料：￥0\n送　料：￥1,330\n-------------------------------------------------\n合　計：￥5,110\n        (10 %対象：￥1,330)\n        (8 %対象：￥3,780)\n    ============================================\nお支払い合計：￥5,110\n\n************************************************\n　ご注文者情報\n************************************************\nお名前：テスト テスト 様\nお名前(カナ)：テスト テスト 様\n郵便番号：〒6293101\n住所：京都府京丹後市網野町網野123\n電話番号：12312341234\nメールアドレス：ohshita@tspc.co.jp\n\n************************************************\n　配送情報\n************************************************\n\n◎お届け先\nお名前：テスト テスト 様\nお名前(カナ)：テスト テスト 様\n郵便番号：〒6293101\n住所：京都府京丹後市網野町網野123\n電話番号：12312341234\n\n配送方法：通常配送\nお届け日：指定なし\nお届け時間：指定なし\n\n商品コード：V202112005\n商品名：おまかせ野菜セット    \n数量：1\n\n\n\n============================================\n\nこのメッセージはお客様へのお知らせ専用ですので、\nこのメッセージへの返信としてご質問をお送りいただいても回答できません。\nご了承ください。\n',	'<!DOCTYPE html PUBLIC \"-//W3C//DTD HTML 4.01 Transitional//EN\" \"http://www.w3.org/TR/html4/loose.dtd\">\n<html xmlns=\"http://www.w3.org/1999/xhtml\">\n\n<body bgcolor=\"#F0F0F0\" leftmargin=\"0\" topmargin=\"0\" marginwidth=\"0\" marginheight=\"0\" style=\"margin-top:0;margin-bottom:0;margin-right:0;margin-left:0;padding-top:0;padding-bottom:0;padding-right:0;padding-left:0;-ms-text-size-adjust:100%;-webkit-text-size-adjust:100%;\">\n<br>\n<br>\n<div align=\"center\"><a href=\"https://phpstack-517100-1643419.cloudwaysapps.com/\" style=\"font-family:Helvetica, Arial, sans-serif;font-size:30px;color:#333333;text-decoration:none;\">THE ALL</a></div>\n<!-- 100% background wrapper (grey background) -->\n<table border=\"0\" width=\"100%\" height=\"100%\" cellpadding=\"0\" cellspacing=\"0\" bgcolor=\"#F0F0F0\" style=\"border-spacing:0;mso-table-lspace:0pt;mso-table-rspace:0pt;\">\n    <tr>\n        <td align=\"center\" valign=\"top\" bgcolor=\"#F0F0F0\" style=\"background-color:#F0F0F0;border-collapse:collapse;\">\n            <br>\n            <!-- 600px container (white background) -->\n            <table id=\"html-mail-table1\" border=\"0\" width=\"600px\" cellpadding=\"10\" cellspacing=\"0\" class=\"container\" style=\"border-spacing:0;mso-table-lspace:0pt;mso-table-rspace:0pt;\">\n                <tr>\n                    <td class=\"container-padding content\" align=\"left\" style=\"border-collapse:collapse;padding-left:24px;padding-right:24px;padding-top:12px;padding-bottom:12px;background-color:#ffffff;\">\n                        <br>\n                        <div class=\"title\" style=\"font-family:Helvetica, Arial, sans-serif;font-size:14px;line-height:20px;text-align:left;color:#333333;\">この度はご注文いただき誠にありがとうございます。</div>\n                        <br>\n                        <div class=\"body-text\" style=\"font-family:Helvetica, Arial, sans-serif;font-size:14px;line-height:20px;text-align:left;color:#333333;\">\n                            テスト テスト 様<br/>\n                            <br/>\n                            下記ご注文内容にお間違えがないかご確認下さい。<br/>\n                            <br/>\n                            <hr style=\"border-top: 3px double #8c8b8b;\">\n                            　ご請求金額<br/>\n                            <hr style=\"border-top: 3px double #8c8b8b;\">\n                            ご注文日時：2022/02/08 14:35:17<br/>\n                            ご注文番号：89<br/>\n                            お支払い合計：￥5,110<br/>\n                            お支払い方法：銀行振込<br/>\n                                                        ご利用ポイント：0 pt<br/>\n                            加算ポイント：35 pt<br/>\n                                                        お問い合わせ：<br/>\n                            <br/>\n                            <hr style=\"border-top: 3px double #8c8b8b;\">\n                            　ご注文商品明細<br/>\n                            <hr style=\"border-top: 3px double #8c8b8b;\">\n                                                                                        商品コード：V202112005<br/>\n                                商品名：おまかせ野菜セット    ※<br/>\n                                単価：￥3,780<br/>\n                                数量：1<br/>\n                                <br/>\n                                                        ※は軽減税率対象商品です。                            <hr style=\"border-top: 2px dashed #8c8b8b;\">\n                            小　計：￥3,780<br/>\n                            手数料：￥0<br/>\n                            送　料：￥1,330<br/>\n                                                        <hr style=\"border-top: 1px dotted #8c8b8b;\">\n                            合　計：￥5,110<br/>\n                                                            (10 %対象：￥1,330)<br/>\n                                                            (8 %対象：￥3,780)<br/>\n                                                                                    <hr style=\"border-top: 1px dotted #8c8b8b;\">\n                            お支払い合計：￥5,110\n                            <br/>\n                            <hr style=\"border-top: 3px double #8c8b8b;\">\n                            ご注文者情報<br/>\n                            <hr style=\"border-top: 3px double #8c8b8b;\">\n                            お名前：テスト テスト 様<br/>\n                            お名前(カナ)：テスト テスト 様<br/>\n                                                        郵便番号：〒6293101<br/>\n                            住所：京都府京丹後市網野町網野123<br/>\n                            電話番号：12312341234<br/>\n                            メールアドレス：ohshita@tspc.co.jp<br/>\n                            <br/>\n                            <hr style=\"border-top: 3px double #8c8b8b;\">\n                            　配送情報<br/>\n                            <hr style=\"border-top: 3px double #8c8b8b;\">\n\n                                                            ◎お届け先<br/>\n                                <br/>\n                                お名前：テスト テスト 様<br/>\n                                お名前(カナ)：テスト テスト 様<br/>\n                                                                郵便番号：〒6293101<br/>\n                                住所：京都府京丹後市網野町網野123<br/>\n                                電話番号：12312341234<br/>\n                                <br/>\n                                配送方法：通常配送<br/>\n                                お届け日：指定なし<br/>\n                                お届け時間：指定なし<br/>\n                                <br/>\n                                                                    商品コード：V202112005<br/>\n                                    商品名：おまかせ野菜セット    <br/>\n                                    数量：1<br/>\n                                    <br/>\n                                                                                                                    <hr style=\"border-top: 2px dotted #8c8b8b;\">\n                            このメッセージはお客様へのお知らせ専用ですので、<br/>\n                            このメッセージへの返信としてご質問をお送りいただいても回答できません。<br/>\n                            ご了承ください。<br/>\n                        </div>\n                    </td>\n                </tr>\n            </table>\n            <!--/600px container -->\n            <br>\n            <br>\n            <table id=\"html-mail-table2\" border=\"0\" width=\"600px\" cellpadding=\"10\" cellspacing=\"0\" class=\"container\" style=\"border-spacing:0;mso-table-lspace:0pt;mso-table-rspace:0pt;\">\n                <tr>\n                    <td class=\"container-padding content footer-text\" align=\"left\" style=\"border-collapse:collapse;font-family:Helvetica, Arial, sans-serif;font-size:12px;line-height:16px;color:#aaaaaa;padding-left:24px;padding-right:24px;padding-top:12px;padding-bottom:12px;background-color:#ffffff;\">\n                        本メールは、THE ALLより送信しております。<br/>\n                        もしお心当たりが無い場合は、その旨 <a href=\"mailto:info@subspire.co.jp\" style=\"text-decoration:none;\">info@subspire.co.jp</a> までご連絡いただければ幸いです。<br/>\n                        <br/>\n                        <div class=\"title\" style=\"font-size:14px;font-family:Helvetica, Arial, sans-serif;font-weight:600;color:#374550;\"><a href=\"https://phpstack-517100-1643419.cloudwaysapps.com/\" style=\"color:#aaaaaa;text-decoration:none;\">THE ALL</a></div>\n                        <div>copyright &copy; THE ALL all rights reserved.</div>\n                    </td>\n                </tr>\n            </table>\n        </td>\n    </tr>\n</table>\n<!--/100% background wrapper-->\n<br>\n<br>\n</body>\n\n</html>\n',	'mailhistory'),
(24,	92,	NULL,	'2022-03-30 04:36:50',	'[THE ALL] ご注文ありがとうございます',	'test test 様\n\nこの度はご注文いただき誠にありがとうございます。下記ご注文内容にお間違えがないかご確認下さい。\n\n************************************************\n　ご請求金額\n************************************************\n\nご注文日時：2022/03/30 13:36:49\nご注文番号：92\nお支払い合計：￥220,000\nお支払い方法：クレジットカード\nご利用ポイント：0 pt\n加算ポイント：2,000 pt\nお問い合わせ：\n\n\n************************************************\n　ご注文商品明細\n************************************************\n\n商品コード：d-121-0020\n商品名：18K　ダイヤモンドリング     \n単価：￥220,000\n数量：1\n\n-------------------------------------------------\n小　計：￥220,000\n手数料：￥0\n送　料：￥0\n-------------------------------------------------\n合　計：￥220,000\n        (10 %対象：￥220,000)\n    ============================================\nお支払い合計：￥220,000\n\n************************************************\n　ご注文者情報\n************************************************\nお名前：test test 様\nお名前(カナ)：テスト テスト 様\n会社名：テスト会社\n郵便番号：〒6293573\n住所：京都府京丹後市久美浜町出角22\n電話番号：07040254483\nメールアドレス：test12331132312@mailinator.com\n\n************************************************\n　配送情報\n************************************************\n\n◎お届け先\nお名前：test test 様\nお名前(カナ)：テスト テスト 様\n会社名：テスト会社\n郵便番号：〒6293573\n住所：京都府京丹後市久美浜町出角22\n電話番号：07040254483\n\n配送方法：日本通運\nお届け日：指定なし\nお届け時間：指定なし\n\n商品コード：d-121-0020\n商品名：18K　ダイヤモンドリング    \n数量：1\n\n\n\n============================================\n\nこのメッセージはお客様へのお知らせ専用ですので、\nこのメッセージへの返信としてご質問をお送りいただいても回答できません。\nご了承ください。\n',	'<!DOCTYPE html PUBLIC \"-//W3C//DTD HTML 4.01 Transitional//EN\" \"http://www.w3.org/TR/html4/loose.dtd\">\n<html xmlns=\"http://www.w3.org/1999/xhtml\">\n\n<body bgcolor=\"#F0F0F0\" leftmargin=\"0\" topmargin=\"0\" marginwidth=\"0\" marginheight=\"0\" style=\"margin-top:0;margin-bottom:0;margin-right:0;margin-left:0;padding-top:0;padding-bottom:0;padding-right:0;padding-left:0;-ms-text-size-adjust:100%;-webkit-text-size-adjust:100%;\">\n<br>\n<br>\n<div align=\"center\"><a href=\"https://phpstack-517100-1643419.cloudwaysapps.com/\" style=\"font-family:Helvetica, Arial, sans-serif;font-size:30px;color:#333333;text-decoration:none;\">THE ALL</a></div>\n<!-- 100% background wrapper (grey background) -->\n<table border=\"0\" width=\"100%\" height=\"100%\" cellpadding=\"0\" cellspacing=\"0\" bgcolor=\"#F0F0F0\" style=\"border-spacing:0;mso-table-lspace:0pt;mso-table-rspace:0pt;\">\n    <tr>\n        <td align=\"center\" valign=\"top\" bgcolor=\"#F0F0F0\" style=\"background-color:#F0F0F0;border-collapse:collapse;\">\n            <br>\n            <!-- 600px container (white background) -->\n            <table id=\"html-mail-table1\" border=\"0\" width=\"600px\" cellpadding=\"10\" cellspacing=\"0\" class=\"container\" style=\"border-spacing:0;mso-table-lspace:0pt;mso-table-rspace:0pt;\">\n                <tr>\n                    <td class=\"container-padding content\" align=\"left\" style=\"border-collapse:collapse;padding-left:24px;padding-right:24px;padding-top:12px;padding-bottom:12px;background-color:#ffffff;\">\n                        <br>\n                        <div class=\"title\" style=\"font-family:Helvetica, Arial, sans-serif;font-size:14px;line-height:20px;text-align:left;color:#333333;\">この度はご注文いただき誠にありがとうございます。</div>\n                        <br>\n                        <div class=\"body-text\" style=\"font-family:Helvetica, Arial, sans-serif;font-size:14px;line-height:20px;text-align:left;color:#333333;\">\n                            test test 様<br/>\n                            <br/>\n                            下記ご注文内容にお間違えがないかご確認下さい。<br/>\n                            <br/>\n                            <hr style=\"border-top: 3px double #8c8b8b;\">\n                            　ご請求金額<br/>\n                            <hr style=\"border-top: 3px double #8c8b8b;\">\n                            ご注文日時：2022/03/30 13:36:49<br/>\n                            ご注文番号：92<br/>\n                            お支払い合計：￥220,000<br/>\n                            お支払い方法：クレジットカード<br/>\n                                                        ご利用ポイント：0 pt<br/>\n                            加算ポイント：2,000 pt<br/>\n                                                        お問い合わせ：<br/>\n                            <br/>\n                            <hr style=\"border-top: 3px double #8c8b8b;\">\n                            　ご注文商品明細<br/>\n                            <hr style=\"border-top: 3px double #8c8b8b;\">\n                                                                                        商品コード：d-121-0020<br/>\n                                商品名：18K　ダイヤモンドリング    <br/>\n                                単価：￥220,000<br/>\n                                数量：1<br/>\n                                <br/>\n                                                                                    <hr style=\"border-top: 2px dashed #8c8b8b;\">\n                            小　計：￥220,000<br/>\n                            手数料：￥0<br/>\n                            送　料：￥0<br/>\n                                                        <hr style=\"border-top: 1px dotted #8c8b8b;\">\n                            合　計：￥220,000<br/>\n                                                            (10 %対象：￥220,000)<br/>\n                                                                                    <hr style=\"border-top: 1px dotted #8c8b8b;\">\n                            お支払い合計：￥220,000\n                            <br/>\n                            <hr style=\"border-top: 3px double #8c8b8b;\">\n                            ご注文者情報<br/>\n                            <hr style=\"border-top: 3px double #8c8b8b;\">\n                            お名前：test test 様<br/>\n                            お名前(カナ)：テスト テスト 様<br/>\n                                                            会社名：テスト会社<br/>\n                                                        郵便番号：〒6293573<br/>\n                            住所：京都府京丹後市久美浜町出角22<br/>\n                            電話番号：07040254483<br/>\n                            メールアドレス：test12331132312@mailinator.com<br/>\n                            <br/>\n                            <hr style=\"border-top: 3px double #8c8b8b;\">\n                            　配送情報<br/>\n                            <hr style=\"border-top: 3px double #8c8b8b;\">\n\n                                                            ◎お届け先<br/>\n                                <br/>\n                                お名前：test test 様<br/>\n                                お名前(カナ)：テスト テスト 様<br/>\n                                                                    会社名：テスト会社<br/>\n                                                                郵便番号：〒6293573<br/>\n                                住所：京都府京丹後市久美浜町出角22<br/>\n                                電話番号：07040254483<br/>\n                                <br/>\n                                配送方法：日本通運<br/>\n                                お届け日：指定なし<br/>\n                                お届け時間：指定なし<br/>\n                                <br/>\n                                                                    商品コード：d-121-0020<br/>\n                                    商品名：18K　ダイヤモンドリング    <br/>\n                                    数量：1<br/>\n                                    <br/>\n                                                                                                                    <hr style=\"border-top: 2px dotted #8c8b8b;\">\n                            このメッセージはお客様へのお知らせ専用ですので、<br/>\n                            このメッセージへの返信としてご質問をお送りいただいても回答できません。<br/>\n                            ご了承ください。<br/>\n                        </div>\n                    </td>\n                </tr>\n            </table>\n            <!--/600px container -->\n            <br>\n            <br>\n            <table id=\"html-mail-table2\" border=\"0\" width=\"600px\" cellpadding=\"10\" cellspacing=\"0\" class=\"container\" style=\"border-spacing:0;mso-table-lspace:0pt;mso-table-rspace:0pt;\">\n                <tr>\n                    <td class=\"container-padding content footer-text\" align=\"left\" style=\"border-collapse:collapse;font-family:Helvetica, Arial, sans-serif;font-size:12px;line-height:16px;color:#aaaaaa;padding-left:24px;padding-right:24px;padding-top:12px;padding-bottom:12px;background-color:#ffffff;\">\n                        本メールは、THE ALLより送信しております。<br/>\n                        もしお心当たりが無い場合は、その旨 <a href=\"mailto:info@subspire.co.jp\" style=\"text-decoration:none;\">info@subspire.co.jp</a> までご連絡いただければ幸いです。<br/>\n                        <br/>\n                        <div class=\"title\" style=\"font-size:14px;font-family:Helvetica, Arial, sans-serif;font-weight:600;color:#374550;\"><a href=\"https://phpstack-517100-1643419.cloudwaysapps.com/\" style=\"color:#aaaaaa;text-decoration:none;\">THE ALL</a></div>\n                        <div>copyright &copy; THE ALL all rights reserved.</div>\n                    </td>\n                </tr>\n            </table>\n        </td>\n    </tr>\n</table>\n<!--/100% background wrapper-->\n<br>\n<br>\n</body>\n\n</html>\n',	'mailhistory'),
(25,	92,	1,	'2022-03-30 04:47:22',	'[THE ALL] 商品出荷のお知らせ',	'test test 様\n\nお客さまがご注文された以下の商品を発送いたしました。商品の到着まで、今しばらくお待ちください。\n\n\n************************************************\n　ご注文商品明細\n************************************************\n\n商品コード：d-121-0020\n商品名：18K　ダイヤモンドリング    \n数量：1\n\n\n============================================\n\n************************************************\n　ご注文者情報\n************************************************\nお名前：test test 様\nお名前(カナ)：テスト テスト 様\n会社名：テスト会社\n郵便番号：〒6293573\n住所：京都府京丹後市久美浜町出角22\n電話番号：07040254483\n\n************************************************\n　配送情報\n************************************************\n\nお名前：test test 様\nお名前(カナ)：テスト テスト 様\n会社名：テスト会社\n郵便番号：〒6293573\n住所：京都府京丹後市久美浜町出角22\n電話番号：07040254483\n\nお届け日：指定なし\nお届け時間：指定なし\n',	'<!DOCTYPE html PUBLIC \"-//W3C//DTD HTML 4.01 Transitional//EN\" \"http://www.w3.org/TR/html4/loose.dtd\">\n<html xmlns=\"http://www.w3.org/1999/xhtml\">\n\n<body bgcolor=\"#F0F0F0\" leftmargin=\"0\" topmargin=\"0\" marginwidth=\"0\" marginheight=\"0\" style=\"margin-top:0;margin-bottom:0;margin-right:0;margin-left:0;padding-top:0;padding-bottom:0;padding-right:0;padding-left:0;-ms-text-size-adjust:100%;-webkit-text-size-adjust:100%;\">\n<br>\n<br>\n<div align=\"center\"><a href=\"https://phpstack-517100-1643419.cloudwaysapps.com/\" style=\"font-family:Helvetica, Arial, sans-serif;font-size:30px;color:#333333;text-decoration:none;\">THE ALL</a></div>\n<!-- 100% background wrapper (grey background) -->\n<table border=\"0\" width=\"100%\" height=\"100%\" cellpadding=\"0\" cellspacing=\"0\" bgcolor=\"#F0F0F0\" style=\"border-spacing:0;mso-table-lspace:0pt;mso-table-rspace:0pt;\">\n    <tr>\n        <td align=\"center\" valign=\"top\" bgcolor=\"#F0F0F0\" style=\"background-color:#F0F0F0;border-collapse:collapse;\">\n            <br>\n            <!-- 600px container (white background) -->\n            <table id=\"html-mail-table1\" border=\"0\" width=\"600px\" cellpadding=\"10\" cellspacing=\"0\" class=\"container\" style=\"border-spacing:0;mso-table-lspace:0pt;mso-table-rspace:0pt;\">\n                <tr>\n                    <td class=\"container-padding content\" align=\"left\" style=\"border-collapse:collapse;padding-left:24px;padding-right:24px;padding-top:12px;padding-bottom:12px;background-color:#ffffff;\">\n                        <br>\n                        <div class=\"title\" style=\"font-family:Helvetica, Arial, sans-serif;font-size:18px;font-weight:600;color:#374550;\">商品を発送いたしました。</div>\n                        <br>\n                        <div class=\"body-text\" style=\"font-family:Helvetica, Arial, sans-serif;font-size:14px;line-height:20px;text-align:left;color:#333333;\">\n                            test test 様<br>\n                            <br>\n                            THE ALLでございます。<br/>\n                            お客さまがご注文された以下の商品を発送いたしました。商品の到着まで、今しばらくお待ちください。<br/>\n                            <br/>\n                                                        <hr style=\"border-top: 3px double #8c8b8b;\">\n                            　ご注文商品明細<br/>\n                            <hr style=\"border-top: 3px double #8c8b8b;\">\n                                                            商品コード：d-121-0020<br/>\n                                商品名：18K　ダイヤモンドリング    <br/>\n                                数量：1<br/>\n                                <br/>\n                                                        <hr style=\"border-top: 3px double #8c8b8b;\">\n                            　ご注文者情報<br/>\n                            <hr style=\"border-top: 3px double #8c8b8b;\">\n                            お名前：test test 様<br/>\n                            お名前(カナ)：テスト テスト 様<br/>\n                                                            会社名：テスト会社<br/>\n                                                        郵便番号：〒6293573<br/>\n                            住所：京都府京丹後市久美浜町出角22<br/>\n                            電話番号：07040254483<br/>\n                            <br/>\n                            <hr style=\"border-top: 3px double #8c8b8b;\">\n                            　配送情報<br/>\n                            <hr style=\"border-top: 3px double #8c8b8b;\">\n                            お名前：test test 様<br/>\n                            お名前(カナ)：テスト テスト 様<br/>\n                                                            会社名：テスト会社<br/>\n                                                        郵便番号：〒6293573<br/>\n                            住所：京都府京丹後市久美浜町出角22<br/>\n                            電話番号：07040254483<br/>\n                            <br/>\n                            お届け日：指定なし<br/>\n                            お届け時間：指定なし<br/>\n                            <br/>\n                        </div>\n                    </td>\n                </tr>\n            </table>\n            <!--/600px container -->\n            <br>\n            <br>\n            <table id=\"html-mail-table2\" border=\"0\" width=\"600px\" cellpadding=\"10\" cellspacing=\"0\" class=\"container\" style=\"border-spacing:0;mso-table-lspace:0pt;mso-table-rspace:0pt;\">\n                <tr>\n                    <td class=\"container-padding content footer-text\" align=\"left\" style=\"border-collapse:collapse;font-family:Helvetica, Arial, sans-serif;font-size:12px;line-height:16px;color:#aaaaaa;padding-left:24px;padding-right:24px;padding-top:12px;padding-bottom:12px;background-color:#ffffff;\">\n                        本メールは、THE ALLより送信しております。<br/>\n                        もしお心当たりが無い場合は、その旨 <a href=\"mailto:info@subspire.co.jp\" style=\"text-decoration:none;\">info@subspire.co.jp</a> までご連絡いただければ幸いです。<br/>\n                        <br/>\n                        <div class=\"title\" style=\"font-size:14px;font-family:Helvetica, Arial, sans-serif;font-weight:600;color:#374550;\"><a href=\"https://phpstack-517100-1643419.cloudwaysapps.com/\" style=\"color:#aaaaaa;text-decoration:none;\">THE ALL</a></div>\n                        <div>copyright &copy; THE ALL all rights reserved.</div>\n                    </td>\n                </tr>\n            </table>\n        </td>\n    </tr>\n</table>\n<!--/100% background wrapper-->\n<br>\n<br>\n</body>\n\n</html>\n\n',	'mailhistory'),
(26,	93,	NULL,	'2022-03-30 07:31:46',	'[THE ALL] ご注文ありがとうございます',	'test test 様\n\nこの度はご注文いただき誠にありがとうございます。下記ご注文内容にお間違えがないかご確認下さい。\n\n************************************************\n　ご請求金額\n************************************************\n\nご注文日時：2022/03/30 16:31:45\nご注文番号：93\nお支払い合計：￥55,300\nお支払い方法：銀行振込\nご利用ポイント：0 pt\n加算ポイント：500 pt\nお問い合わせ：\n\n\n************************************************\n　ご注文商品明細\n************************************************\n\n商品コード：test\n商品名：test 11     \n単価：￥55,000\n数量：1\n\n-------------------------------------------------\n小　計：￥55,000\n手数料：￥0\n送　料：￥300\n-------------------------------------------------\n合　計：￥55,300\n        (10 %対象：￥55,300)\n    ============================================\nお支払い合計：￥55,300\n\n************************************************\n　ご注文者情報\n************************************************\nお名前：test test 様\nお名前(カナ)：テスト テスト 様\n会社名：テスト会社\n郵便番号：〒6293574\n住所：京都府京丹後市久美浜町111\n電話番号：11111\nメールアドレス：test12331132312232@mailinator.com\n\n************************************************\n　配送情報\n************************************************\n\n◎お届け先\nお名前：test test 様\nお名前(カナ)：テスト テスト 様\n会社名：テスト会社\n郵便番号：〒6293574\n住所：京都府京丹後市久美浜町111\n電話番号：11111\n\n配送方法：サンプル宅配\nお届け日：指定なし\nお届け時間：指定なし\n\n商品コード：test\n商品名：test 11    \n数量：1\n\n\n\n============================================\n\nこのメッセージはお客様へのお知らせ専用ですので、\nこのメッセージへの返信としてご質問をお送りいただいても回答できません。\nご了承ください。\n',	'<!DOCTYPE html PUBLIC \"-//W3C//DTD HTML 4.01 Transitional//EN\" \"http://www.w3.org/TR/html4/loose.dtd\">\n<html xmlns=\"http://www.w3.org/1999/xhtml\">\n\n<body bgcolor=\"#F0F0F0\" leftmargin=\"0\" topmargin=\"0\" marginwidth=\"0\" marginheight=\"0\" style=\"margin-top:0;margin-bottom:0;margin-right:0;margin-left:0;padding-top:0;padding-bottom:0;padding-right:0;padding-left:0;-ms-text-size-adjust:100%;-webkit-text-size-adjust:100%;\">\n<br>\n<br>\n<div align=\"center\"><a href=\"https://phpstack-517100-1643419.cloudwaysapps.com/\" style=\"font-family:Helvetica, Arial, sans-serif;font-size:30px;color:#333333;text-decoration:none;\">THE ALL</a></div>\n<!-- 100% background wrapper (grey background) -->\n<table border=\"0\" width=\"100%\" height=\"100%\" cellpadding=\"0\" cellspacing=\"0\" bgcolor=\"#F0F0F0\" style=\"border-spacing:0;mso-table-lspace:0pt;mso-table-rspace:0pt;\">\n    <tr>\n        <td align=\"center\" valign=\"top\" bgcolor=\"#F0F0F0\" style=\"background-color:#F0F0F0;border-collapse:collapse;\">\n            <br>\n            <!-- 600px container (white background) -->\n            <table id=\"html-mail-table1\" border=\"0\" width=\"600px\" cellpadding=\"10\" cellspacing=\"0\" class=\"container\" style=\"border-spacing:0;mso-table-lspace:0pt;mso-table-rspace:0pt;\">\n                <tr>\n                    <td class=\"container-padding content\" align=\"left\" style=\"border-collapse:collapse;padding-left:24px;padding-right:24px;padding-top:12px;padding-bottom:12px;background-color:#ffffff;\">\n                        <br>\n                        <div class=\"title\" style=\"font-family:Helvetica, Arial, sans-serif;font-size:14px;line-height:20px;text-align:left;color:#333333;\">この度はご注文いただき誠にありがとうございます。</div>\n                        <br>\n                        <div class=\"body-text\" style=\"font-family:Helvetica, Arial, sans-serif;font-size:14px;line-height:20px;text-align:left;color:#333333;\">\n                            test test 様<br/>\n                            <br/>\n                            下記ご注文内容にお間違えがないかご確認下さい。<br/>\n                            <br/>\n                            <hr style=\"border-top: 3px double #8c8b8b;\">\n                            　ご請求金額<br/>\n                            <hr style=\"border-top: 3px double #8c8b8b;\">\n                            ご注文日時：2022/03/30 16:31:45<br/>\n                            ご注文番号：93<br/>\n                            お支払い合計：￥55,300<br/>\n                            お支払い方法：銀行振込<br/>\n                                                        ご利用ポイント：0 pt<br/>\n                            加算ポイント：500 pt<br/>\n                                                        お問い合わせ：<br/>\n                            <br/>\n                            <hr style=\"border-top: 3px double #8c8b8b;\">\n                            　ご注文商品明細<br/>\n                            <hr style=\"border-top: 3px double #8c8b8b;\">\n                                                                                        商品コード：test<br/>\n                                商品名：test 11    <br/>\n                                単価：￥55,000<br/>\n                                数量：1<br/>\n                                <br/>\n                                                                                    <hr style=\"border-top: 2px dashed #8c8b8b;\">\n                            小　計：￥55,000<br/>\n                            手数料：￥0<br/>\n                            送　料：￥300<br/>\n                                                        <hr style=\"border-top: 1px dotted #8c8b8b;\">\n                            合　計：￥55,300<br/>\n                                                            (10 %対象：￥55,300)<br/>\n                                                                                    <hr style=\"border-top: 1px dotted #8c8b8b;\">\n                            お支払い合計：￥55,300\n                            <br/>\n                            <hr style=\"border-top: 3px double #8c8b8b;\">\n                            ご注文者情報<br/>\n                            <hr style=\"border-top: 3px double #8c8b8b;\">\n                            お名前：test test 様<br/>\n                            お名前(カナ)：テスト テスト 様<br/>\n                                                            会社名：テスト会社<br/>\n                                                        郵便番号：〒6293574<br/>\n                            住所：京都府京丹後市久美浜町111<br/>\n                            電話番号：11111<br/>\n                            メールアドレス：test12331132312232@mailinator.com<br/>\n                            <br/>\n                            <hr style=\"border-top: 3px double #8c8b8b;\">\n                            　配送情報<br/>\n                            <hr style=\"border-top: 3px double #8c8b8b;\">\n\n                                                            ◎お届け先<br/>\n                                <br/>\n                                お名前：test test 様<br/>\n                                お名前(カナ)：テスト テスト 様<br/>\n                                                                    会社名：テスト会社<br/>\n                                                                郵便番号：〒6293574<br/>\n                                住所：京都府京丹後市久美浜町111<br/>\n                                電話番号：11111<br/>\n                                <br/>\n                                配送方法：サンプル宅配<br/>\n                                お届け日：指定なし<br/>\n                                お届け時間：指定なし<br/>\n                                <br/>\n                                                                    商品コード：test<br/>\n                                    商品名：test 11    <br/>\n                                    数量：1<br/>\n                                    <br/>\n                                                                                                                    <hr style=\"border-top: 2px dotted #8c8b8b;\">\n                            このメッセージはお客様へのお知らせ専用ですので、<br/>\n                            このメッセージへの返信としてご質問をお送りいただいても回答できません。<br/>\n                            ご了承ください。<br/>\n                        </div>\n                    </td>\n                </tr>\n            </table>\n            <!--/600px container -->\n            <br>\n            <br>\n            <table id=\"html-mail-table2\" border=\"0\" width=\"600px\" cellpadding=\"10\" cellspacing=\"0\" class=\"container\" style=\"border-spacing:0;mso-table-lspace:0pt;mso-table-rspace:0pt;\">\n                <tr>\n                    <td class=\"container-padding content footer-text\" align=\"left\" style=\"border-collapse:collapse;font-family:Helvetica, Arial, sans-serif;font-size:12px;line-height:16px;color:#aaaaaa;padding-left:24px;padding-right:24px;padding-top:12px;padding-bottom:12px;background-color:#ffffff;\">\n                        本メールは、THE ALLより送信しております。<br/>\n                        もしお心当たりが無い場合は、その旨 <a href=\"mailto:info@subspire.co.jp\" style=\"text-decoration:none;\">info@subspire.co.jp</a> までご連絡いただければ幸いです。<br/>\n                        <br/>\n                        <div class=\"title\" style=\"font-size:14px;font-family:Helvetica, Arial, sans-serif;font-weight:600;color:#374550;\"><a href=\"https://phpstack-517100-1643419.cloudwaysapps.com/\" style=\"color:#aaaaaa;text-decoration:none;\">THE ALL</a></div>\n                        <div>copyright &copy; THE ALL all rights reserved.</div>\n                    </td>\n                </tr>\n            </table>\n        </td>\n    </tr>\n</table>\n<!--/100% background wrapper-->\n<br>\n<br>\n</body>\n\n</html>\n',	'mailhistory'),
(27,	100,	NULL,	'2022-04-01 02:04:18',	'[THE ALL] ご注文ありがとうございます',	'test test 様\n\nこの度はご注文いただき誠にありがとうございます。下記ご注文内容にお間違えがないかご確認下さい。\n\n************************************************\n　ご請求金額\n************************************************\n\nご注文日時：2022/04/01 11:04:16\nご注文番号：100\nお支払い合計：￥209,000\nお支払い方法：クレジットカード\nご利用ポイント：0 pt\n加算ポイント：1,900 pt\nお問い合わせ：\n\n\n************************************************\n　ご注文商品明細\n************************************************\n\n商品コード：ああ\n商品名：カシオ CASIO Gショック G-SHOCK クオーツ メンズ 腕時計 GA-100CG-2A ネイビー［逆輸入品］［wimp］     \n単価：￥209,000\n数量：1\n\n-------------------------------------------------\n小　計：￥209,000\n手数料：￥0\n送　料：￥0\n-------------------------------------------------\n合　計：￥209,000\n        (10 %対象：￥209,000)\n    ============================================\nお支払い合計：￥209,000\n\n************************************************\n　ご注文者情報\n************************************************\nお名前：test test 様\nお名前(カナ)：テスト テスト 様\n会社名：テスト会社\n郵便番号：〒6293574\n住所：京都府京丹後市久美浜町111\n電話番号：11111\nメールアドレス：test12331132312232@mailinator.com\n\n************************************************\n　配送情報\n************************************************\n\n◎お届け先\nお名前：test test 様\nお名前(カナ)：テスト テスト 様\n会社名：テスト会社\n郵便番号：〒6293574\n住所：京都府京丹後市久美浜町111\n電話番号：11111\n\n配送方法：通常配送\nお届け日：指定なし\nお届け時間：指定なし\n\n商品コード：ああ\n商品名：カシオ CASIO Gショック G-SHOCK クオーツ メンズ 腕時計 GA-100CG-2A ネイビー［逆輸入品］［wimp］    \n数量：1\n\n\n\n============================================\n\nこのメッセージはお客様へのお知らせ専用ですので、\nこのメッセージへの返信としてご質問をお送りいただいても回答できません。\nご了承ください。\n',	'<!DOCTYPE html PUBLIC \"-//W3C//DTD HTML 4.01 Transitional//EN\" \"http://www.w3.org/TR/html4/loose.dtd\">\n<html xmlns=\"http://www.w3.org/1999/xhtml\">\n\n<body bgcolor=\"#F0F0F0\" leftmargin=\"0\" topmargin=\"0\" marginwidth=\"0\" marginheight=\"0\" style=\"margin-top:0;margin-bottom:0;margin-right:0;margin-left:0;padding-top:0;padding-bottom:0;padding-right:0;padding-left:0;-ms-text-size-adjust:100%;-webkit-text-size-adjust:100%;\">\n<br>\n<br>\n<div align=\"center\"><a href=\"https://phpstack-517100-1643419.cloudwaysapps.com/\" style=\"font-family:Helvetica, Arial, sans-serif;font-size:30px;color:#333333;text-decoration:none;\">THE ALL</a></div>\n<!-- 100% background wrapper (grey background) -->\n<table border=\"0\" width=\"100%\" height=\"100%\" cellpadding=\"0\" cellspacing=\"0\" bgcolor=\"#F0F0F0\" style=\"border-spacing:0;mso-table-lspace:0pt;mso-table-rspace:0pt;\">\n    <tr>\n        <td align=\"center\" valign=\"top\" bgcolor=\"#F0F0F0\" style=\"background-color:#F0F0F0;border-collapse:collapse;\">\n            <br>\n            <!-- 600px container (white background) -->\n            <table id=\"html-mail-table1\" border=\"0\" width=\"600px\" cellpadding=\"10\" cellspacing=\"0\" class=\"container\" style=\"border-spacing:0;mso-table-lspace:0pt;mso-table-rspace:0pt;\">\n                <tr>\n                    <td class=\"container-padding content\" align=\"left\" style=\"border-collapse:collapse;padding-left:24px;padding-right:24px;padding-top:12px;padding-bottom:12px;background-color:#ffffff;\">\n                        <br>\n                        <div class=\"title\" style=\"font-family:Helvetica, Arial, sans-serif;font-size:14px;line-height:20px;text-align:left;color:#333333;\">この度はご注文いただき誠にありがとうございます。</div>\n                        <br>\n                        <div class=\"body-text\" style=\"font-family:Helvetica, Arial, sans-serif;font-size:14px;line-height:20px;text-align:left;color:#333333;\">\n                            test test 様<br/>\n                            <br/>\n                            下記ご注文内容にお間違えがないかご確認下さい。<br/>\n                            <br/>\n                            <hr style=\"border-top: 3px double #8c8b8b;\">\n                            　ご請求金額<br/>\n                            <hr style=\"border-top: 3px double #8c8b8b;\">\n                            ご注文日時：2022/04/01 11:04:16<br/>\n                            ご注文番号：100<br/>\n                            お支払い合計：￥209,000<br/>\n                            お支払い方法：クレジットカード<br/>\n                                                        ご利用ポイント：0 pt<br/>\n                            加算ポイント：1,900 pt<br/>\n                                                        お問い合わせ：<br/>\n                            <br/>\n                            <hr style=\"border-top: 3px double #8c8b8b;\">\n                            　ご注文商品明細<br/>\n                            <hr style=\"border-top: 3px double #8c8b8b;\">\n                                                                                        商品コード：ああ<br/>\n                                商品名：カシオ CASIO Gショック G-SHOCK クオーツ メンズ 腕時計 GA-100CG-2A ネイビー［逆輸入品］［wimp］    <br/>\n                                単価：￥209,000<br/>\n                                数量：1<br/>\n                                <br/>\n                                                                                    <hr style=\"border-top: 2px dashed #8c8b8b;\">\n                            小　計：￥209,000<br/>\n                            手数料：￥0<br/>\n                            送　料：￥0<br/>\n                                                        <hr style=\"border-top: 1px dotted #8c8b8b;\">\n                            合　計：￥209,000<br/>\n                                                            (10 %対象：￥209,000)<br/>\n                                                                                    <hr style=\"border-top: 1px dotted #8c8b8b;\">\n                            お支払い合計：￥209,000\n                            <br/>\n                            <hr style=\"border-top: 3px double #8c8b8b;\">\n                            ご注文者情報<br/>\n                            <hr style=\"border-top: 3px double #8c8b8b;\">\n                            お名前：test test 様<br/>\n                            お名前(カナ)：テスト テスト 様<br/>\n                                                            会社名：テスト会社<br/>\n                                                        郵便番号：〒6293574<br/>\n                            住所：京都府京丹後市久美浜町111<br/>\n                            電話番号：11111<br/>\n                            メールアドレス：test12331132312232@mailinator.com<br/>\n                            <br/>\n                            <hr style=\"border-top: 3px double #8c8b8b;\">\n                            　配送情報<br/>\n                            <hr style=\"border-top: 3px double #8c8b8b;\">\n\n                                                            ◎お届け先<br/>\n                                <br/>\n                                お名前：test test 様<br/>\n                                お名前(カナ)：テスト テスト 様<br/>\n                                                                    会社名：テスト会社<br/>\n                                                                郵便番号：〒6293574<br/>\n                                住所：京都府京丹後市久美浜町111<br/>\n                                電話番号：11111<br/>\n                                <br/>\n                                配送方法：通常配送<br/>\n                                お届け日：指定なし<br/>\n                                お届け時間：指定なし<br/>\n                                <br/>\n                                                                    商品コード：ああ<br/>\n                                    商品名：カシオ CASIO Gショック G-SHOCK クオーツ メンズ 腕時計 GA-100CG-2A ネイビー［逆輸入品］［wimp］    <br/>\n                                    数量：1<br/>\n                                    <br/>\n                                                                                                                    <hr style=\"border-top: 2px dotted #8c8b8b;\">\n                            このメッセージはお客様へのお知らせ専用ですので、<br/>\n                            このメッセージへの返信としてご質問をお送りいただいても回答できません。<br/>\n                            ご了承ください。<br/>\n                        </div>\n                    </td>\n                </tr>\n            </table>\n            <!--/600px container -->\n            <br>\n            <br>\n            <table id=\"html-mail-table2\" border=\"0\" width=\"600px\" cellpadding=\"10\" cellspacing=\"0\" class=\"container\" style=\"border-spacing:0;mso-table-lspace:0pt;mso-table-rspace:0pt;\">\n                <tr>\n                    <td class=\"container-padding content footer-text\" align=\"left\" style=\"border-collapse:collapse;font-family:Helvetica, Arial, sans-serif;font-size:12px;line-height:16px;color:#aaaaaa;padding-left:24px;padding-right:24px;padding-top:12px;padding-bottom:12px;background-color:#ffffff;\">\n                        本メールは、THE ALLより送信しております。<br/>\n                        もしお心当たりが無い場合は、その旨 <a href=\"mailto:info@subspire.co.jp\" style=\"text-decoration:none;\">info@subspire.co.jp</a> までご連絡いただければ幸いです。<br/>\n                        <br/>\n                        <div class=\"title\" style=\"font-size:14px;font-family:Helvetica, Arial, sans-serif;font-weight:600;color:#374550;\"><a href=\"https://phpstack-517100-1643419.cloudwaysapps.com/\" style=\"color:#aaaaaa;text-decoration:none;\">THE ALL</a></div>\n                        <div>copyright &copy; THE ALL all rights reserved.</div>\n                    </td>\n                </tr>\n            </table>\n        </td>\n    </tr>\n</table>\n<!--/100% background wrapper-->\n<br>\n<br>\n</body>\n\n</html>\n',	'mailhistory'),
(28,	103,	NULL,	'2022-04-01 02:36:18',	'[THE ALL] ご注文ありがとうございます',	'test test 様\n\nこの度はご注文いただき誠にありがとうございます。下記ご注文内容にお間違えがないかご確認下さい。\n\n************************************************\n　ご請求金額\n************************************************\n\nご注文日時：2022/04/01 11:36:16\nご注文番号：103\nお支払い合計：￥2,138\nお支払い方法：クレジットカード\nご利用ポイント：0 pt\n加算ポイント：42 pt\nお問い合わせ：\n\n\n************************************************\n　ご注文商品明細\n************************************************\n\n商品コード：kzhao50a\n商品名：マスク テスト用     \n単価：￥209\n数量：2\n\n-------------------------------------------------\n小　計：￥418\n手数料：￥0\n送　料：￥1,720\n-------------------------------------------------\n合　計：￥2,138\n        (10 %対象：￥2,138)\n    ============================================\nお支払い合計：￥2,138\n\n************************************************\n　ご注文者情報\n************************************************\nお名前：test test 様\nお名前(カナ)：テスト テスト 様\n会社名：テスト会社\n郵便番号：〒6293574\n住所：京都府京丹後市久美浜町111\n電話番号：11111\nメールアドレス：test12331132312232@mailinator.com\n\n************************************************\n　配送情報\n************************************************\n\n◎お届け先1\nお名前：test test 様\nお名前(カナ)：テスト テスト 様\n会社名：テスト会社\n郵便番号：〒6293574\n住所：京都府京丹後市久美浜町111\n電話番号：11111\n\n配送方法：クロネコヤマト\nお届け日：指定なし\nお届け時間：指定なし\n\n商品コード：kzhao50a\n商品名：マスク テスト用    \n数量：1\n\n◎お届け先2\nお名前：test test 様\nお名前(カナ)：テスト テスト 様\n会社名：テスト会社\n郵便番号：〒6293574\n住所：京都府京丹後市久美浜町111\n電話番号：11111\n\n配送方法：日本通運\nお届け日：指定なし\nお届け時間：指定なし\n\n商品コード：kzhao50a\n商品名：マスク テスト用    \n数量：1\n\n\n\n============================================\n\nこのメッセージはお客様へのお知らせ専用ですので、\nこのメッセージへの返信としてご質問をお送りいただいても回答できません。\nご了承ください。\n',	'<!DOCTYPE html PUBLIC \"-//W3C//DTD HTML 4.01 Transitional//EN\" \"http://www.w3.org/TR/html4/loose.dtd\">\n<html xmlns=\"http://www.w3.org/1999/xhtml\">\n\n<body bgcolor=\"#F0F0F0\" leftmargin=\"0\" topmargin=\"0\" marginwidth=\"0\" marginheight=\"0\" style=\"margin-top:0;margin-bottom:0;margin-right:0;margin-left:0;padding-top:0;padding-bottom:0;padding-right:0;padding-left:0;-ms-text-size-adjust:100%;-webkit-text-size-adjust:100%;\">\n<br>\n<br>\n<div align=\"center\"><a href=\"https://phpstack-517100-1643419.cloudwaysapps.com/\" style=\"font-family:Helvetica, Arial, sans-serif;font-size:30px;color:#333333;text-decoration:none;\">THE ALL</a></div>\n<!-- 100% background wrapper (grey background) -->\n<table border=\"0\" width=\"100%\" height=\"100%\" cellpadding=\"0\" cellspacing=\"0\" bgcolor=\"#F0F0F0\" style=\"border-spacing:0;mso-table-lspace:0pt;mso-table-rspace:0pt;\">\n    <tr>\n        <td align=\"center\" valign=\"top\" bgcolor=\"#F0F0F0\" style=\"background-color:#F0F0F0;border-collapse:collapse;\">\n            <br>\n            <!-- 600px container (white background) -->\n            <table id=\"html-mail-table1\" border=\"0\" width=\"600px\" cellpadding=\"10\" cellspacing=\"0\" class=\"container\" style=\"border-spacing:0;mso-table-lspace:0pt;mso-table-rspace:0pt;\">\n                <tr>\n                    <td class=\"container-padding content\" align=\"left\" style=\"border-collapse:collapse;padding-left:24px;padding-right:24px;padding-top:12px;padding-bottom:12px;background-color:#ffffff;\">\n                        <br>\n                        <div class=\"title\" style=\"font-family:Helvetica, Arial, sans-serif;font-size:14px;line-height:20px;text-align:left;color:#333333;\">この度はご注文いただき誠にありがとうございます。</div>\n                        <br>\n                        <div class=\"body-text\" style=\"font-family:Helvetica, Arial, sans-serif;font-size:14px;line-height:20px;text-align:left;color:#333333;\">\n                            test test 様<br/>\n                            <br/>\n                            下記ご注文内容にお間違えがないかご確認下さい。<br/>\n                            <br/>\n                            <hr style=\"border-top: 3px double #8c8b8b;\">\n                            　ご請求金額<br/>\n                            <hr style=\"border-top: 3px double #8c8b8b;\">\n                            ご注文日時：2022/04/01 11:36:16<br/>\n                            ご注文番号：103<br/>\n                            お支払い合計：￥2,138<br/>\n                            お支払い方法：クレジットカード<br/>\n                                                        ご利用ポイント：0 pt<br/>\n                            加算ポイント：42 pt<br/>\n                                                        お問い合わせ：<br/>\n                            <br/>\n                            <hr style=\"border-top: 3px double #8c8b8b;\">\n                            　ご注文商品明細<br/>\n                            <hr style=\"border-top: 3px double #8c8b8b;\">\n                                                                                        商品コード：kzhao50a<br/>\n                                商品名：マスク テスト用    <br/>\n                                単価：￥209<br/>\n                                数量：2<br/>\n                                <br/>\n                                                                                    <hr style=\"border-top: 2px dashed #8c8b8b;\">\n                            小　計：￥418<br/>\n                            手数料：￥0<br/>\n                            送　料：￥1,720<br/>\n                                                        <hr style=\"border-top: 1px dotted #8c8b8b;\">\n                            合　計：￥2,138<br/>\n                                                            (10 %対象：￥2,138)<br/>\n                                                                                    <hr style=\"border-top: 1px dotted #8c8b8b;\">\n                            お支払い合計：￥2,138\n                            <br/>\n                            <hr style=\"border-top: 3px double #8c8b8b;\">\n                            ご注文者情報<br/>\n                            <hr style=\"border-top: 3px double #8c8b8b;\">\n                            お名前：test test 様<br/>\n                            お名前(カナ)：テスト テスト 様<br/>\n                                                            会社名：テスト会社<br/>\n                                                        郵便番号：〒6293574<br/>\n                            住所：京都府京丹後市久美浜町111<br/>\n                            電話番号：11111<br/>\n                            メールアドレス：test12331132312232@mailinator.com<br/>\n                            <br/>\n                            <hr style=\"border-top: 3px double #8c8b8b;\">\n                            　配送情報<br/>\n                            <hr style=\"border-top: 3px double #8c8b8b;\">\n\n                                                            ◎お届け先1<br/>\n                                <br/>\n                                お名前：test test 様<br/>\n                                お名前(カナ)：テスト テスト 様<br/>\n                                                                    会社名：テスト会社<br/>\n                                                                郵便番号：〒6293574<br/>\n                                住所：京都府京丹後市久美浜町111<br/>\n                                電話番号：11111<br/>\n                                <br/>\n                                配送方法：クロネコヤマト<br/>\n                                お届け日：指定なし<br/>\n                                お届け時間：指定なし<br/>\n                                <br/>\n                                                                    商品コード：kzhao50a<br/>\n                                    商品名：マスク テスト用    <br/>\n                                    数量：1<br/>\n                                    <br/>\n                                                                                            ◎お届け先2<br/>\n                                <br/>\n                                お名前：test test 様<br/>\n                                お名前(カナ)：テスト テスト 様<br/>\n                                                                    会社名：テスト会社<br/>\n                                                                郵便番号：〒6293574<br/>\n                                住所：京都府京丹後市久美浜町111<br/>\n                                電話番号：11111<br/>\n                                <br/>\n                                配送方法：日本通運<br/>\n                                お届け日：指定なし<br/>\n                                お届け時間：指定なし<br/>\n                                <br/>\n                                                                    商品コード：kzhao50a<br/>\n                                    商品名：マスク テスト用    <br/>\n                                    数量：1<br/>\n                                    <br/>\n                                                                                                                    <hr style=\"border-top: 2px dotted #8c8b8b;\">\n                            このメッセージはお客様へのお知らせ専用ですので、<br/>\n                            このメッセージへの返信としてご質問をお送りいただいても回答できません。<br/>\n                            ご了承ください。<br/>\n                        </div>\n                    </td>\n                </tr>\n            </table>\n            <!--/600px container -->\n            <br>\n            <br>\n            <table id=\"html-mail-table2\" border=\"0\" width=\"600px\" cellpadding=\"10\" cellspacing=\"0\" class=\"container\" style=\"border-spacing:0;mso-table-lspace:0pt;mso-table-rspace:0pt;\">\n                <tr>\n                    <td class=\"container-padding content footer-text\" align=\"left\" style=\"border-collapse:collapse;font-family:Helvetica, Arial, sans-serif;font-size:12px;line-height:16px;color:#aaaaaa;padding-left:24px;padding-right:24px;padding-top:12px;padding-bottom:12px;background-color:#ffffff;\">\n                        本メールは、THE ALLより送信しております。<br/>\n                        もしお心当たりが無い場合は、その旨 <a href=\"mailto:info@subspire.co.jp\" style=\"text-decoration:none;\">info@subspire.co.jp</a> までご連絡いただければ幸いです。<br/>\n                        <br/>\n                        <div class=\"title\" style=\"font-size:14px;font-family:Helvetica, Arial, sans-serif;font-weight:600;color:#374550;\"><a href=\"https://phpstack-517100-1643419.cloudwaysapps.com/\" style=\"color:#aaaaaa;text-decoration:none;\">THE ALL</a></div>\n                        <div>copyright &copy; THE ALL all rights reserved.</div>\n                    </td>\n                </tr>\n            </table>\n        </td>\n    </tr>\n</table>\n<!--/100% background wrapper-->\n<br>\n<br>\n</body>\n\n</html>\n',	'mailhistory'),
(29,	107,	NULL,	'2022-04-04 05:29:22',	'[THE ALL] ご注文ありがとうございます',	'test test 様\n\nこの度はご注文いただき誠にありがとうございます。下記ご注文内容にお間違えがないかご確認下さい。\n\n************************************************\n　ご請求金額\n************************************************\n\nご注文日時：2022/04/04 14:29:20\nご注文番号：107\nお支払い合計：￥1,045,000\nお支払い方法：クレジットカード\nご利用ポイント：0 pt\n加算ポイント：104,500 pt\nお問い合わせ：\n\n\n************************************************\n　ご注文商品明細\n************************************************\n\n商品コード：\n商品名：いい商品     \n単価：￥1,045,000\n数量：1\n\n-------------------------------------------------\n小　計：￥1,045,000\n手数料：￥0\n送　料：￥0\n-------------------------------------------------\n合　計：￥1,045,000\n        (10 %対象：￥1,045,000)\n    ============================================\nお支払い合計：￥1,045,000\n\n************************************************\n　ご注文者情報\n************************************************\nお名前：test test 様\nお名前(カナ)：テスト テスト 様\n会社名：テスト会社\n郵便番号：〒6293574\n住所：京都府京丹後市久美浜町111\n電話番号：11111\nメールアドレス：test12331132312232@mailinator.com\n\n************************************************\n　配送情報\n************************************************\n\n◎お届け先\nお名前：test test 様\nお名前(カナ)：テスト テスト 様\n会社名：テスト会社\n郵便番号：〒6293574\n住所：京都府京丹後市久美浜町111\n電話番号：11111\n\n配送方法：通常配送\nお届け日：指定なし\nお届け時間：指定なし\n\n商品コード：\n商品名：いい商品    \n数量：1\n\n\n\n============================================\n\nこのメッセージはお客様へのお知らせ専用ですので、\nこのメッセージへの返信としてご質問をお送りいただいても回答できません。\nご了承ください。\n',	'<!DOCTYPE html PUBLIC \"-//W3C//DTD HTML 4.01 Transitional//EN\" \"http://www.w3.org/TR/html4/loose.dtd\">\n<html xmlns=\"http://www.w3.org/1999/xhtml\">\n\n<body bgcolor=\"#F0F0F0\" leftmargin=\"0\" topmargin=\"0\" marginwidth=\"0\" marginheight=\"0\" style=\"margin-top:0;margin-bottom:0;margin-right:0;margin-left:0;padding-top:0;padding-bottom:0;padding-right:0;padding-left:0;-ms-text-size-adjust:100%;-webkit-text-size-adjust:100%;\">\n<br>\n<br>\n<div align=\"center\"><a href=\"https://phpstack-517100-1643419.cloudwaysapps.com/\" style=\"font-family:Helvetica, Arial, sans-serif;font-size:30px;color:#333333;text-decoration:none;\">THE ALL</a></div>\n<!-- 100% background wrapper (grey background) -->\n<table border=\"0\" width=\"100%\" height=\"100%\" cellpadding=\"0\" cellspacing=\"0\" bgcolor=\"#F0F0F0\" style=\"border-spacing:0;mso-table-lspace:0pt;mso-table-rspace:0pt;\">\n    <tr>\n        <td align=\"center\" valign=\"top\" bgcolor=\"#F0F0F0\" style=\"background-color:#F0F0F0;border-collapse:collapse;\">\n            <br>\n            <!-- 600px container (white background) -->\n            <table id=\"html-mail-table1\" border=\"0\" width=\"600px\" cellpadding=\"10\" cellspacing=\"0\" class=\"container\" style=\"border-spacing:0;mso-table-lspace:0pt;mso-table-rspace:0pt;\">\n                <tr>\n                    <td class=\"container-padding content\" align=\"left\" style=\"border-collapse:collapse;padding-left:24px;padding-right:24px;padding-top:12px;padding-bottom:12px;background-color:#ffffff;\">\n                        <br>\n                        <div class=\"title\" style=\"font-family:Helvetica, Arial, sans-serif;font-size:14px;line-height:20px;text-align:left;color:#333333;\">この度はご注文いただき誠にありがとうございます。</div>\n                        <br>\n                        <div class=\"body-text\" style=\"font-family:Helvetica, Arial, sans-serif;font-size:14px;line-height:20px;text-align:left;color:#333333;\">\n                            test test 様<br/>\n                            <br/>\n                            下記ご注文内容にお間違えがないかご確認下さい。<br/>\n                            <br/>\n                            <hr style=\"border-top: 3px double #8c8b8b;\">\n                            　ご請求金額<br/>\n                            <hr style=\"border-top: 3px double #8c8b8b;\">\n                            ご注文日時：2022/04/04 14:29:20<br/>\n                            ご注文番号：107<br/>\n                            お支払い合計：￥1,045,000<br/>\n                            お支払い方法：クレジットカード<br/>\n                                                        ご利用ポイント：0 pt<br/>\n                            加算ポイント：104,500 pt<br/>\n                                                        お問い合わせ：<br/>\n                            <br/>\n                            <hr style=\"border-top: 3px double #8c8b8b;\">\n                            　ご注文商品明細<br/>\n                            <hr style=\"border-top: 3px double #8c8b8b;\">\n                                                                                        商品コード：<br/>\n                                商品名：いい商品    <br/>\n                                単価：￥1,045,000<br/>\n                                数量：1<br/>\n                                <br/>\n                                                                                    <hr style=\"border-top: 2px dashed #8c8b8b;\">\n                            小　計：￥1,045,000<br/>\n                            手数料：￥0<br/>\n                            送　料：￥0<br/>\n                                                        <hr style=\"border-top: 1px dotted #8c8b8b;\">\n                            合　計：￥1,045,000<br/>\n                                                            (10 %対象：￥1,045,000)<br/>\n                                                                                    <hr style=\"border-top: 1px dotted #8c8b8b;\">\n                            お支払い合計：￥1,045,000\n                            <br/>\n                            <hr style=\"border-top: 3px double #8c8b8b;\">\n                            ご注文者情報<br/>\n                            <hr style=\"border-top: 3px double #8c8b8b;\">\n                            お名前：test test 様<br/>\n                            お名前(カナ)：テスト テスト 様<br/>\n                                                            会社名：テスト会社<br/>\n                                                        郵便番号：〒6293574<br/>\n                            住所：京都府京丹後市久美浜町111<br/>\n                            電話番号：11111<br/>\n                            メールアドレス：test12331132312232@mailinator.com<br/>\n                            <br/>\n                            <hr style=\"border-top: 3px double #8c8b8b;\">\n                            　配送情報<br/>\n                            <hr style=\"border-top: 3px double #8c8b8b;\">\n\n                                                            ◎お届け先<br/>\n                                <br/>\n                                お名前：test test 様<br/>\n                                お名前(カナ)：テスト テスト 様<br/>\n                                                                    会社名：テスト会社<br/>\n                                                                郵便番号：〒6293574<br/>\n                                住所：京都府京丹後市久美浜町111<br/>\n                                電話番号：11111<br/>\n                                <br/>\n                                配送方法：通常配送<br/>\n                                お届け日：指定なし<br/>\n                                お届け時間：指定なし<br/>\n                                <br/>\n                                                                    商品コード：<br/>\n                                    商品名：いい商品    <br/>\n                                    数量：1<br/>\n                                    <br/>\n                                                                                                                    <hr style=\"border-top: 2px dotted #8c8b8b;\">\n                            このメッセージはお客様へのお知らせ専用ですので、<br/>\n                            このメッセージへの返信としてご質問をお送りいただいても回答できません。<br/>\n                            ご了承ください。<br/>\n                        </div>\n                    </td>\n                </tr>\n            </table>\n            <!--/600px container -->\n            <br>\n            <br>\n            <table id=\"html-mail-table2\" border=\"0\" width=\"600px\" cellpadding=\"10\" cellspacing=\"0\" class=\"container\" style=\"border-spacing:0;mso-table-lspace:0pt;mso-table-rspace:0pt;\">\n                <tr>\n                    <td class=\"container-padding content footer-text\" align=\"left\" style=\"border-collapse:collapse;font-family:Helvetica, Arial, sans-serif;font-size:12px;line-height:16px;color:#aaaaaa;padding-left:24px;padding-right:24px;padding-top:12px;padding-bottom:12px;background-color:#ffffff;\">\n                        本メールは、THE ALLより送信しております。<br/>\n                        もしお心当たりが無い場合は、その旨 <a href=\"mailto:info@subspire.co.jp\" style=\"text-decoration:none;\">info@subspire.co.jp</a> までご連絡いただければ幸いです。<br/>\n                        <br/>\n                        <div class=\"title\" style=\"font-size:14px;font-family:Helvetica, Arial, sans-serif;font-weight:600;color:#374550;\"><a href=\"https://phpstack-517100-1643419.cloudwaysapps.com/\" style=\"color:#aaaaaa;text-decoration:none;\">THE ALL</a></div>\n                        <div>copyright &copy; THE ALL all rights reserved.</div>\n                    </td>\n                </tr>\n            </table>\n        </td>\n    </tr>\n</table>\n<!--/100% background wrapper-->\n<br>\n<br>\n</body>\n\n</html>\n',	'mailhistory'),
(30,	108,	NULL,	'2022-04-04 05:52:54',	'[THE ALL] ご注文ありがとうございます',	'test test 様\n\nこの度はご注文いただき誠にありがとうございます。下記ご注文内容にお間違えがないかご確認下さい。\n\n************************************************\n　ご請求金額\n************************************************\n\nご注文日時：2022/04/04 14:52:52\nご注文番号：108\nお支払い合計：￥40,755\nお支払い方法：クレジットカード\nご利用ポイント：0 pt\n加算ポイント：4,076 pt\nお問い合わせ：\n\n\n************************************************\n　ご注文商品明細\n************************************************\n\n商品コード：R-200220\n商品名：ネックレス     \n単価：￥40,755\n数量：1\n\n-------------------------------------------------\n小　計：￥40,755\n手数料：￥0\n送　料：￥0\n-------------------------------------------------\n合　計：￥40,755\n        (10 %対象：￥40,755)\n    ============================================\nお支払い合計：￥40,755\n\n************************************************\n　ご注文者情報\n************************************************\nお名前：test test 様\nお名前(カナ)：テスト テスト 様\n会社名：テスト会社\n郵便番号：〒6293574\n住所：京都府京丹後市久美浜町111\n電話番号：11111\nメールアドレス：test12331132312232@mailinator.com\n\n************************************************\n　配送情報\n************************************************\n\n◎お届け先\nお名前：test test 様\nお名前(カナ)：テスト テスト 様\n会社名：テスト会社\n郵便番号：〒6293574\n住所：京都府京丹後市久美浜町111\n電話番号：11111\n\n配送方法：日本通運\nお届け日：指定なし\nお届け時間：指定なし\n\n商品コード：R-200220\n商品名：ネックレス    \n数量：1\n\n\n\n============================================\n\nこのメッセージはお客様へのお知らせ専用ですので、\nこのメッセージへの返信としてご質問をお送りいただいても回答できません。\nご了承ください。\n',	'<!DOCTYPE html PUBLIC \"-//W3C//DTD HTML 4.01 Transitional//EN\" \"http://www.w3.org/TR/html4/loose.dtd\">\n<html xmlns=\"http://www.w3.org/1999/xhtml\">\n\n<body bgcolor=\"#F0F0F0\" leftmargin=\"0\" topmargin=\"0\" marginwidth=\"0\" marginheight=\"0\" style=\"margin-top:0;margin-bottom:0;margin-right:0;margin-left:0;padding-top:0;padding-bottom:0;padding-right:0;padding-left:0;-ms-text-size-adjust:100%;-webkit-text-size-adjust:100%;\">\n<br>\n<br>\n<div align=\"center\"><a href=\"https://phpstack-517100-1643419.cloudwaysapps.com/\" style=\"font-family:Helvetica, Arial, sans-serif;font-size:30px;color:#333333;text-decoration:none;\">THE ALL</a></div>\n<!-- 100% background wrapper (grey background) -->\n<table border=\"0\" width=\"100%\" height=\"100%\" cellpadding=\"0\" cellspacing=\"0\" bgcolor=\"#F0F0F0\" style=\"border-spacing:0;mso-table-lspace:0pt;mso-table-rspace:0pt;\">\n    <tr>\n        <td align=\"center\" valign=\"top\" bgcolor=\"#F0F0F0\" style=\"background-color:#F0F0F0;border-collapse:collapse;\">\n            <br>\n            <!-- 600px container (white background) -->\n            <table id=\"html-mail-table1\" border=\"0\" width=\"600px\" cellpadding=\"10\" cellspacing=\"0\" class=\"container\" style=\"border-spacing:0;mso-table-lspace:0pt;mso-table-rspace:0pt;\">\n                <tr>\n                    <td class=\"container-padding content\" align=\"left\" style=\"border-collapse:collapse;padding-left:24px;padding-right:24px;padding-top:12px;padding-bottom:12px;background-color:#ffffff;\">\n                        <br>\n                        <div class=\"title\" style=\"font-family:Helvetica, Arial, sans-serif;font-size:14px;line-height:20px;text-align:left;color:#333333;\">この度はご注文いただき誠にありがとうございます。</div>\n                        <br>\n                        <div class=\"body-text\" style=\"font-family:Helvetica, Arial, sans-serif;font-size:14px;line-height:20px;text-align:left;color:#333333;\">\n                            test test 様<br/>\n                            <br/>\n                            下記ご注文内容にお間違えがないかご確認下さい。<br/>\n                            <br/>\n                            <hr style=\"border-top: 3px double #8c8b8b;\">\n                            　ご請求金額<br/>\n                            <hr style=\"border-top: 3px double #8c8b8b;\">\n                            ご注文日時：2022/04/04 14:52:52<br/>\n                            ご注文番号：108<br/>\n                            お支払い合計：￥40,755<br/>\n                            お支払い方法：クレジットカード<br/>\n                                                        ご利用ポイント：0 pt<br/>\n                            加算ポイント：4,076 pt<br/>\n                                                        お問い合わせ：<br/>\n                            <br/>\n                            <hr style=\"border-top: 3px double #8c8b8b;\">\n                            　ご注文商品明細<br/>\n                            <hr style=\"border-top: 3px double #8c8b8b;\">\n                                                                                        商品コード：R-200220<br/>\n                                商品名：ネックレス    <br/>\n                                単価：￥40,755<br/>\n                                数量：1<br/>\n                                <br/>\n                                                                                    <hr style=\"border-top: 2px dashed #8c8b8b;\">\n                            小　計：￥40,755<br/>\n                            手数料：￥0<br/>\n                            送　料：￥0<br/>\n                                                        <hr style=\"border-top: 1px dotted #8c8b8b;\">\n                            合　計：￥40,755<br/>\n                                                            (10 %対象：￥40,755)<br/>\n                                                                                    <hr style=\"border-top: 1px dotted #8c8b8b;\">\n                            お支払い合計：￥40,755\n                            <br/>\n                            <hr style=\"border-top: 3px double #8c8b8b;\">\n                            ご注文者情報<br/>\n                            <hr style=\"border-top: 3px double #8c8b8b;\">\n                            お名前：test test 様<br/>\n                            お名前(カナ)：テスト テスト 様<br/>\n                                                            会社名：テスト会社<br/>\n                                                        郵便番号：〒6293574<br/>\n                            住所：京都府京丹後市久美浜町111<br/>\n                            電話番号：11111<br/>\n                            メールアドレス：test12331132312232@mailinator.com<br/>\n                            <br/>\n                            <hr style=\"border-top: 3px double #8c8b8b;\">\n                            　配送情報<br/>\n                            <hr style=\"border-top: 3px double #8c8b8b;\">\n\n                                                            ◎お届け先<br/>\n                                <br/>\n                                お名前：test test 様<br/>\n                                お名前(カナ)：テスト テスト 様<br/>\n                                                                    会社名：テスト会社<br/>\n                                                                郵便番号：〒6293574<br/>\n                                住所：京都府京丹後市久美浜町111<br/>\n                                電話番号：11111<br/>\n                                <br/>\n                                配送方法：日本通運<br/>\n                                お届け日：指定なし<br/>\n                                お届け時間：指定なし<br/>\n                                <br/>\n                                                                    商品コード：R-200220<br/>\n                                    商品名：ネックレス    <br/>\n                                    数量：1<br/>\n                                    <br/>\n                                                                                                                    <hr style=\"border-top: 2px dotted #8c8b8b;\">\n                            このメッセージはお客様へのお知らせ専用ですので、<br/>\n                            このメッセージへの返信としてご質問をお送りいただいても回答できません。<br/>\n                            ご了承ください。<br/>\n                        </div>\n                    </td>\n                </tr>\n            </table>\n            <!--/600px container -->\n            <br>\n            <br>\n            <table id=\"html-mail-table2\" border=\"0\" width=\"600px\" cellpadding=\"10\" cellspacing=\"0\" class=\"container\" style=\"border-spacing:0;mso-table-lspace:0pt;mso-table-rspace:0pt;\">\n                <tr>\n                    <td class=\"container-padding content footer-text\" align=\"left\" style=\"border-collapse:collapse;font-family:Helvetica, Arial, sans-serif;font-size:12px;line-height:16px;color:#aaaaaa;padding-left:24px;padding-right:24px;padding-top:12px;padding-bottom:12px;background-color:#ffffff;\">\n                        本メールは、THE ALLより送信しております。<br/>\n                        もしお心当たりが無い場合は、その旨 <a href=\"mailto:info@subspire.co.jp\" style=\"text-decoration:none;\">info@subspire.co.jp</a> までご連絡いただければ幸いです。<br/>\n                        <br/>\n                        <div class=\"title\" style=\"font-size:14px;font-family:Helvetica, Arial, sans-serif;font-weight:600;color:#374550;\"><a href=\"https://phpstack-517100-1643419.cloudwaysapps.com/\" style=\"color:#aaaaaa;text-decoration:none;\">THE ALL</a></div>\n                        <div>copyright &copy; THE ALL all rights reserved.</div>\n                    </td>\n                </tr>\n            </table>\n        </td>\n    </tr>\n</table>\n<!--/100% background wrapper-->\n<br>\n<br>\n</body>\n\n</html>\n',	'mailhistory'),
(31,	109,	NULL,	'2022-04-05 04:09:48',	'[THE ALL] ご注文ありがとうございます',	'test test 様\n\nこの度はご注文いただき誠にありがとうございます。下記ご注文内容にお間違えがないかご確認下さい。\n\n************************************************\n　ご請求金額\n************************************************\n\nご注文日時：2022/04/05 13:09:46\nご注文番号：109\nお支払い合計：￥1,100,000\nお支払い方法：クレジットカード\nお問い合わせ：\n\n\n************************************************\n　ご注文商品明細\n************************************************\n\n商品コード：\n商品名：いい商品     \n単価：￥1,100,000\n数量：1\n\n-------------------------------------------------\n小　計：￥1,100,000\n手数料：￥0\n送　料：￥0\n-------------------------------------------------\n合　計：￥1,100,000\n        (10 %対象：￥1,100,000)\n    ============================================\nお支払い合計：￥1,100,000\n\n************************************************\n　ご注文者情報\n************************************************\nお名前：test test 様\nお名前(カナ)：テスト テスト 様\n郵便番号：〒6293574\n住所：京都府京丹後市久美浜町31\n電話番号：07040254483\nメールアドレス：the_all_test@mailinator.com\n\n************************************************\n　配送情報\n************************************************\n\n◎お届け先\nお名前：test test 様\nお名前(カナ)：テスト テスト 様\n郵便番号：〒6293574\n住所：京都府京丹後市久美浜町31\n電話番号：07040254483\n\n配送方法：通常配送\nお届け日：指定なし\nお届け時間：指定なし\n\n商品コード：\n商品名：いい商品    \n数量：1\n\n\n\n============================================\n\nこのメッセージはお客様へのお知らせ専用ですので、\nこのメッセージへの返信としてご質問をお送りいただいても回答できません。\nご了承ください。\n',	'<!DOCTYPE html PUBLIC \"-//W3C//DTD HTML 4.01 Transitional//EN\" \"http://www.w3.org/TR/html4/loose.dtd\">\n<html xmlns=\"http://www.w3.org/1999/xhtml\">\n\n<body bgcolor=\"#F0F0F0\" leftmargin=\"0\" topmargin=\"0\" marginwidth=\"0\" marginheight=\"0\" style=\"margin-top:0;margin-bottom:0;margin-right:0;margin-left:0;padding-top:0;padding-bottom:0;padding-right:0;padding-left:0;-ms-text-size-adjust:100%;-webkit-text-size-adjust:100%;\">\n<br>\n<br>\n<div align=\"center\"><a href=\"https://phpstack-517100-1643419.cloudwaysapps.com/\" style=\"font-family:Helvetica, Arial, sans-serif;font-size:30px;color:#333333;text-decoration:none;\">THE ALL</a></div>\n<!-- 100% background wrapper (grey background) -->\n<table border=\"0\" width=\"100%\" height=\"100%\" cellpadding=\"0\" cellspacing=\"0\" bgcolor=\"#F0F0F0\" style=\"border-spacing:0;mso-table-lspace:0pt;mso-table-rspace:0pt;\">\n    <tr>\n        <td align=\"center\" valign=\"top\" bgcolor=\"#F0F0F0\" style=\"background-color:#F0F0F0;border-collapse:collapse;\">\n            <br>\n            <!-- 600px container (white background) -->\n            <table id=\"html-mail-table1\" border=\"0\" width=\"600px\" cellpadding=\"10\" cellspacing=\"0\" class=\"container\" style=\"border-spacing:0;mso-table-lspace:0pt;mso-table-rspace:0pt;\">\n                <tr>\n                    <td class=\"container-padding content\" align=\"left\" style=\"border-collapse:collapse;padding-left:24px;padding-right:24px;padding-top:12px;padding-bottom:12px;background-color:#ffffff;\">\n                        <br>\n                        <div class=\"title\" style=\"font-family:Helvetica, Arial, sans-serif;font-size:14px;line-height:20px;text-align:left;color:#333333;\">この度はご注文いただき誠にありがとうございます。</div>\n                        <br>\n                        <div class=\"body-text\" style=\"font-family:Helvetica, Arial, sans-serif;font-size:14px;line-height:20px;text-align:left;color:#333333;\">\n                            test test 様<br/>\n                            <br/>\n                            下記ご注文内容にお間違えがないかご確認下さい。<br/>\n                            <br/>\n                            <hr style=\"border-top: 3px double #8c8b8b;\">\n                            　ご請求金額<br/>\n                            <hr style=\"border-top: 3px double #8c8b8b;\">\n                            ご注文日時：2022/04/05 13:09:46<br/>\n                            ご注文番号：109<br/>\n                            お支払い合計：￥1,100,000<br/>\n                            お支払い方法：クレジットカード<br/>\n                                                        お問い合わせ：<br/>\n                            <br/>\n                            <hr style=\"border-top: 3px double #8c8b8b;\">\n                            　ご注文商品明細<br/>\n                            <hr style=\"border-top: 3px double #8c8b8b;\">\n                                                                                        商品コード：<br/>\n                                商品名：いい商品    <br/>\n                                単価：￥1,100,000<br/>\n                                数量：1<br/>\n                                <br/>\n                                                                                    <hr style=\"border-top: 2px dashed #8c8b8b;\">\n                            小　計：￥1,100,000<br/>\n                            手数料：￥0<br/>\n                            送　料：￥0<br/>\n                                                        <hr style=\"border-top: 1px dotted #8c8b8b;\">\n                            合　計：￥1,100,000<br/>\n                                                            (10 %対象：￥1,100,000)<br/>\n                                                                                    <hr style=\"border-top: 1px dotted #8c8b8b;\">\n                            お支払い合計：￥1,100,000\n                            <br/>\n                            <hr style=\"border-top: 3px double #8c8b8b;\">\n                            ご注文者情報<br/>\n                            <hr style=\"border-top: 3px double #8c8b8b;\">\n                            お名前：test test 様<br/>\n                            お名前(カナ)：テスト テスト 様<br/>\n                                                        郵便番号：〒6293574<br/>\n                            住所：京都府京丹後市久美浜町31<br/>\n                            電話番号：07040254483<br/>\n                            メールアドレス：the_all_test@mailinator.com<br/>\n                            <br/>\n                            <hr style=\"border-top: 3px double #8c8b8b;\">\n                            　配送情報<br/>\n                            <hr style=\"border-top: 3px double #8c8b8b;\">\n\n                                                            ◎お届け先<br/>\n                                <br/>\n                                お名前：test test 様<br/>\n                                お名前(カナ)：テスト テスト 様<br/>\n                                                                郵便番号：〒6293574<br/>\n                                住所：京都府京丹後市久美浜町31<br/>\n                                電話番号：07040254483<br/>\n                                <br/>\n                                配送方法：通常配送<br/>\n                                お届け日：指定なし<br/>\n                                お届け時間：指定なし<br/>\n                                <br/>\n                                                                    商品コード：<br/>\n                                    商品名：いい商品    <br/>\n                                    数量：1<br/>\n                                    <br/>\n                                                                                                                    <hr style=\"border-top: 2px dotted #8c8b8b;\">\n                            このメッセージはお客様へのお知らせ専用ですので、<br/>\n                            このメッセージへの返信としてご質問をお送りいただいても回答できません。<br/>\n                            ご了承ください。<br/>\n                        </div>\n                    </td>\n                </tr>\n            </table>\n            <!--/600px container -->\n            <br>\n            <br>\n            <table id=\"html-mail-table2\" border=\"0\" width=\"600px\" cellpadding=\"10\" cellspacing=\"0\" class=\"container\" style=\"border-spacing:0;mso-table-lspace:0pt;mso-table-rspace:0pt;\">\n                <tr>\n                    <td class=\"container-padding content footer-text\" align=\"left\" style=\"border-collapse:collapse;font-family:Helvetica, Arial, sans-serif;font-size:12px;line-height:16px;color:#aaaaaa;padding-left:24px;padding-right:24px;padding-top:12px;padding-bottom:12px;background-color:#ffffff;\">\n                        本メールは、THE ALLより送信しております。<br/>\n                        もしお心当たりが無い場合は、その旨 <a href=\"mailto:info@subspire.co.jp\" style=\"text-decoration:none;\">info@subspire.co.jp</a> までご連絡いただければ幸いです。<br/>\n                        <br/>\n                        <div class=\"title\" style=\"font-size:14px;font-family:Helvetica, Arial, sans-serif;font-weight:600;color:#374550;\"><a href=\"https://phpstack-517100-1643419.cloudwaysapps.com/\" style=\"color:#aaaaaa;text-decoration:none;\">THE ALL</a></div>\n                        <div>copyright &copy; THE ALL all rights reserved.</div>\n                    </td>\n                </tr>\n            </table>\n        </td>\n    </tr>\n</table>\n<!--/100% background wrapper-->\n<br>\n<br>\n</body>\n\n</html>\n',	'mailhistory'),
(32,	111,	NULL,	'2022-04-05 05:45:26',	'[THE ALL] ご注文ありがとうございます',	'test test 様\n\nこの度はご注文いただき誠にありがとうございます。下記ご注文内容にお間違えがないかご確認下さい。\n\n************************************************\n　ご請求金額\n************************************************\n\nご注文日時：2022/04/05 14:45:24\nご注文番号：111\nお支払い合計：￥11,000\nお支払い方法：クレジットカード\nご利用ポイント：0 pt\n加算ポイント：1,100 pt\nお問い合わせ：\n\n\n************************************************\n　ご注文商品明細\n************************************************\n\n商品コード：test\n商品名：test 11     \n単価：￥5,500\n数量：2\n\n-------------------------------------------------\n小　計：￥11,000\n手数料：￥0\n送　料：￥0\n-------------------------------------------------\n合　計：￥11,000\n        (10 %対象：￥11,000)\n    ============================================\nお支払い合計：￥11,000\n\n************************************************\n　ご注文者情報\n************************************************\nお名前：test test 様\nお名前(カナ)：テスト テスト 様\n会社名：テスト会社\n郵便番号：〒6293574\n住所：京都府京丹後市久美浜町111\n電話番号：11111\nメールアドレス：test12331132312232@mailinator.com\n\n************************************************\n　配送情報\n************************************************\n\n◎お届け先\nお名前：test test 様\nお名前(カナ)：テスト テスト 様\n会社名：テスト会社\n郵便番号：〒6293574\n住所：京都府京丹後市久美浜町111\n電話番号：11111\n\n配送方法：サンプル宅配\nお届け日：指定なし\nお届け時間：指定なし\n\n商品コード：test\n商品名：test 11    \n数量：2\n\n\n\n============================================\n\nこのメッセージはお客様へのお知らせ専用ですので、\nこのメッセージへの返信としてご質問をお送りいただいても回答できません。\nご了承ください。\n',	'<!DOCTYPE html PUBLIC \"-//W3C//DTD HTML 4.01 Transitional//EN\" \"http://www.w3.org/TR/html4/loose.dtd\">\n<html xmlns=\"http://www.w3.org/1999/xhtml\">\n\n<body bgcolor=\"#F0F0F0\" leftmargin=\"0\" topmargin=\"0\" marginwidth=\"0\" marginheight=\"0\" style=\"margin-top:0;margin-bottom:0;margin-right:0;margin-left:0;padding-top:0;padding-bottom:0;padding-right:0;padding-left:0;-ms-text-size-adjust:100%;-webkit-text-size-adjust:100%;\">\n<br>\n<br>\n<div align=\"center\"><a href=\"https://phpstack-517100-1643419.cloudwaysapps.com/\" style=\"font-family:Helvetica, Arial, sans-serif;font-size:30px;color:#333333;text-decoration:none;\">THE ALL</a></div>\n<!-- 100% background wrapper (grey background) -->\n<table border=\"0\" width=\"100%\" height=\"100%\" cellpadding=\"0\" cellspacing=\"0\" bgcolor=\"#F0F0F0\" style=\"border-spacing:0;mso-table-lspace:0pt;mso-table-rspace:0pt;\">\n    <tr>\n        <td align=\"center\" valign=\"top\" bgcolor=\"#F0F0F0\" style=\"background-color:#F0F0F0;border-collapse:collapse;\">\n            <br>\n            <!-- 600px container (white background) -->\n            <table id=\"html-mail-table1\" border=\"0\" width=\"600px\" cellpadding=\"10\" cellspacing=\"0\" class=\"container\" style=\"border-spacing:0;mso-table-lspace:0pt;mso-table-rspace:0pt;\">\n                <tr>\n                    <td class=\"container-padding content\" align=\"left\" style=\"border-collapse:collapse;padding-left:24px;padding-right:24px;padding-top:12px;padding-bottom:12px;background-color:#ffffff;\">\n                        <br>\n                        <div class=\"title\" style=\"font-family:Helvetica, Arial, sans-serif;font-size:14px;line-height:20px;text-align:left;color:#333333;\">この度はご注文いただき誠にありがとうございます。</div>\n                        <br>\n                        <div class=\"body-text\" style=\"font-family:Helvetica, Arial, sans-serif;font-size:14px;line-height:20px;text-align:left;color:#333333;\">\n                            test test 様<br/>\n                            <br/>\n                            下記ご注文内容にお間違えがないかご確認下さい。<br/>\n                            <br/>\n                            <hr style=\"border-top: 3px double #8c8b8b;\">\n                            　ご請求金額<br/>\n                            <hr style=\"border-top: 3px double #8c8b8b;\">\n                            ご注文日時：2022/04/05 14:45:24<br/>\n                            ご注文番号：111<br/>\n                            お支払い合計：￥11,000<br/>\n                            お支払い方法：クレジットカード<br/>\n                                                        ご利用ポイント：0 pt<br/>\n                            加算ポイント：1,100 pt<br/>\n                                                        お問い合わせ：<br/>\n                            <br/>\n                            <hr style=\"border-top: 3px double #8c8b8b;\">\n                            　ご注文商品明細<br/>\n                            <hr style=\"border-top: 3px double #8c8b8b;\">\n                                                                                        商品コード：test<br/>\n                                商品名：test 11    <br/>\n                                単価：￥5,500<br/>\n                                数量：2<br/>\n                                <br/>\n                                                                                    <hr style=\"border-top: 2px dashed #8c8b8b;\">\n                            小　計：￥11,000<br/>\n                            手数料：￥0<br/>\n                            送　料：￥0<br/>\n                                                        <hr style=\"border-top: 1px dotted #8c8b8b;\">\n                            合　計：￥11,000<br/>\n                                                            (10 %対象：￥11,000)<br/>\n                                                                                    <hr style=\"border-top: 1px dotted #8c8b8b;\">\n                            お支払い合計：￥11,000\n                            <br/>\n                            <hr style=\"border-top: 3px double #8c8b8b;\">\n                            ご注文者情報<br/>\n                            <hr style=\"border-top: 3px double #8c8b8b;\">\n                            お名前：test test 様<br/>\n                            お名前(カナ)：テスト テスト 様<br/>\n                                                            会社名：テスト会社<br/>\n                                                        郵便番号：〒6293574<br/>\n                            住所：京都府京丹後市久美浜町111<br/>\n                            電話番号：11111<br/>\n                            メールアドレス：test12331132312232@mailinator.com<br/>\n                            <br/>\n                            <hr style=\"border-top: 3px double #8c8b8b;\">\n                            　配送情報<br/>\n                            <hr style=\"border-top: 3px double #8c8b8b;\">\n\n                                                            ◎お届け先<br/>\n                                <br/>\n                                お名前：test test 様<br/>\n                                お名前(カナ)：テスト テスト 様<br/>\n                                                                    会社名：テスト会社<br/>\n                                                                郵便番号：〒6293574<br/>\n                                住所：京都府京丹後市久美浜町111<br/>\n                                電話番号：11111<br/>\n                                <br/>\n                                配送方法：サンプル宅配<br/>\n                                お届け日：指定なし<br/>\n                                お届け時間：指定なし<br/>\n                                <br/>\n                                                                    商品コード：test<br/>\n                                    商品名：test 11    <br/>\n                                    数量：2<br/>\n                                    <br/>\n                                                                                                                    <hr style=\"border-top: 2px dotted #8c8b8b;\">\n                            このメッセージはお客様へのお知らせ専用ですので、<br/>\n                            このメッセージへの返信としてご質問をお送りいただいても回答できません。<br/>\n                            ご了承ください。<br/>\n                        </div>\n                    </td>\n                </tr>\n            </table>\n            <!--/600px container -->\n            <br>\n            <br>\n            <table id=\"html-mail-table2\" border=\"0\" width=\"600px\" cellpadding=\"10\" cellspacing=\"0\" class=\"container\" style=\"border-spacing:0;mso-table-lspace:0pt;mso-table-rspace:0pt;\">\n                <tr>\n                    <td class=\"container-padding content footer-text\" align=\"left\" style=\"border-collapse:collapse;font-family:Helvetica, Arial, sans-serif;font-size:12px;line-height:16px;color:#aaaaaa;padding-left:24px;padding-right:24px;padding-top:12px;padding-bottom:12px;background-color:#ffffff;\">\n                        本メールは、THE ALLより送信しております。<br/>\n                        もしお心当たりが無い場合は、その旨 <a href=\"mailto:info@subspire.co.jp\" style=\"text-decoration:none;\">info@subspire.co.jp</a> までご連絡いただければ幸いです。<br/>\n                        <br/>\n                        <div class=\"title\" style=\"font-size:14px;font-family:Helvetica, Arial, sans-serif;font-weight:600;color:#374550;\"><a href=\"https://phpstack-517100-1643419.cloudwaysapps.com/\" style=\"color:#aaaaaa;text-decoration:none;\">THE ALL</a></div>\n                        <div>copyright &copy; THE ALL all rights reserved.</div>\n                    </td>\n                </tr>\n            </table>\n        </td>\n    </tr>\n</table>\n<!--/100% background wrapper-->\n<br>\n<br>\n</body>\n\n</html>\n',	'mailhistory'),
(33,	112,	NULL,	'2022-04-05 05:59:43',	'[THE ALL] ご注文ありがとうございます',	'test test 様\n\nこの度はご注文いただき誠にありがとうございます。下記ご注文内容にお間違えがないかご確認下さい。\n\n************************************************\n　ご請求金額\n************************************************\n\nご注文日時：2022/04/05 14:59:41\nご注文番号：112\nお支払い合計：￥105\nお支払い方法：クレジットカード\nご利用ポイント：0 pt\n加算ポイント：10 pt\nお問い合わせ：\n\n\n************************************************\n　ご注文商品明細\n************************************************\n\n商品コード：\n商品名：テスト商品     \n単価：￥105\n数量：1\n\n-------------------------------------------------\n小　計：￥105\n手数料：￥0\n送　料：￥0\n-------------------------------------------------\n合　計：￥105\n        (10 %対象：￥105)\n    ============================================\nお支払い合計：￥105\n\n************************************************\n　ご注文者情報\n************************************************\nお名前：test test 様\nお名前(カナ)：テスト テスト 様\n会社名：テスト会社\n郵便番号：〒6293574\n住所：京都府京丹後市久美浜町111\n電話番号：11111\nメールアドレス：test12331132312232@mailinator.com\n\n************************************************\n　配送情報\n************************************************\n\n◎お届け先\nお名前：test test 様\nお名前(カナ)：テスト テスト 様\n会社名：テスト会社\n郵便番号：〒6293574\n住所：京都府京丹後市久美浜町111\n電話番号：11111\n\n配送方法：通常配送\nお届け日：指定なし\nお届け時間：指定なし\n\n商品コード：\n商品名：テスト商品    \n数量：1\n\n\n\n============================================\n\nこのメッセージはお客様へのお知らせ専用ですので、\nこのメッセージへの返信としてご質問をお送りいただいても回答できません。\nご了承ください。\n',	'<!DOCTYPE html PUBLIC \"-//W3C//DTD HTML 4.01 Transitional//EN\" \"http://www.w3.org/TR/html4/loose.dtd\">\n<html xmlns=\"http://www.w3.org/1999/xhtml\">\n\n<body bgcolor=\"#F0F0F0\" leftmargin=\"0\" topmargin=\"0\" marginwidth=\"0\" marginheight=\"0\" style=\"margin-top:0;margin-bottom:0;margin-right:0;margin-left:0;padding-top:0;padding-bottom:0;padding-right:0;padding-left:0;-ms-text-size-adjust:100%;-webkit-text-size-adjust:100%;\">\n<br>\n<br>\n<div align=\"center\"><a href=\"https://phpstack-517100-1643419.cloudwaysapps.com/\" style=\"font-family:Helvetica, Arial, sans-serif;font-size:30px;color:#333333;text-decoration:none;\">THE ALL</a></div>\n<!-- 100% background wrapper (grey background) -->\n<table border=\"0\" width=\"100%\" height=\"100%\" cellpadding=\"0\" cellspacing=\"0\" bgcolor=\"#F0F0F0\" style=\"border-spacing:0;mso-table-lspace:0pt;mso-table-rspace:0pt;\">\n    <tr>\n        <td align=\"center\" valign=\"top\" bgcolor=\"#F0F0F0\" style=\"background-color:#F0F0F0;border-collapse:collapse;\">\n            <br>\n            <!-- 600px container (white background) -->\n            <table id=\"html-mail-table1\" border=\"0\" width=\"600px\" cellpadding=\"10\" cellspacing=\"0\" class=\"container\" style=\"border-spacing:0;mso-table-lspace:0pt;mso-table-rspace:0pt;\">\n                <tr>\n                    <td class=\"container-padding content\" align=\"left\" style=\"border-collapse:collapse;padding-left:24px;padding-right:24px;padding-top:12px;padding-bottom:12px;background-color:#ffffff;\">\n                        <br>\n                        <div class=\"title\" style=\"font-family:Helvetica, Arial, sans-serif;font-size:14px;line-height:20px;text-align:left;color:#333333;\">この度はご注文いただき誠にありがとうございます。</div>\n                        <br>\n                        <div class=\"body-text\" style=\"font-family:Helvetica, Arial, sans-serif;font-size:14px;line-height:20px;text-align:left;color:#333333;\">\n                            test test 様<br/>\n                            <br/>\n                            下記ご注文内容にお間違えがないかご確認下さい。<br/>\n                            <br/>\n                            <hr style=\"border-top: 3px double #8c8b8b;\">\n                            　ご請求金額<br/>\n                            <hr style=\"border-top: 3px double #8c8b8b;\">\n                            ご注文日時：2022/04/05 14:59:41<br/>\n                            ご注文番号：112<br/>\n                            お支払い合計：￥105<br/>\n                            お支払い方法：クレジットカード<br/>\n                                                        ご利用ポイント：0 pt<br/>\n                            加算ポイント：10 pt<br/>\n                                                        お問い合わせ：<br/>\n                            <br/>\n                            <hr style=\"border-top: 3px double #8c8b8b;\">\n                            　ご注文商品明細<br/>\n                            <hr style=\"border-top: 3px double #8c8b8b;\">\n                                                                                        商品コード：<br/>\n                                商品名：テスト商品    <br/>\n                                単価：￥105<br/>\n                                数量：1<br/>\n                                <br/>\n                                                                                    <hr style=\"border-top: 2px dashed #8c8b8b;\">\n                            小　計：￥105<br/>\n                            手数料：￥0<br/>\n                            送　料：￥0<br/>\n                                                        <hr style=\"border-top: 1px dotted #8c8b8b;\">\n                            合　計：￥105<br/>\n                                                            (10 %対象：￥105)<br/>\n                                                                                    <hr style=\"border-top: 1px dotted #8c8b8b;\">\n                            お支払い合計：￥105\n                            <br/>\n                            <hr style=\"border-top: 3px double #8c8b8b;\">\n                            ご注文者情報<br/>\n                            <hr style=\"border-top: 3px double #8c8b8b;\">\n                            お名前：test test 様<br/>\n                            お名前(カナ)：テスト テスト 様<br/>\n                                                            会社名：テスト会社<br/>\n                                                        郵便番号：〒6293574<br/>\n                            住所：京都府京丹後市久美浜町111<br/>\n                            電話番号：11111<br/>\n                            メールアドレス：test12331132312232@mailinator.com<br/>\n                            <br/>\n                            <hr style=\"border-top: 3px double #8c8b8b;\">\n                            　配送情報<br/>\n                            <hr style=\"border-top: 3px double #8c8b8b;\">\n\n                                                            ◎お届け先<br/>\n                                <br/>\n                                お名前：test test 様<br/>\n                                お名前(カナ)：テスト テスト 様<br/>\n                                                                    会社名：テスト会社<br/>\n                                                                郵便番号：〒6293574<br/>\n                                住所：京都府京丹後市久美浜町111<br/>\n                                電話番号：11111<br/>\n                                <br/>\n                                配送方法：通常配送<br/>\n                                お届け日：指定なし<br/>\n                                お届け時間：指定なし<br/>\n                                <br/>\n                                                                    商品コード：<br/>\n                                    商品名：テスト商品    <br/>\n                                    数量：1<br/>\n                                    <br/>\n                                                                                                                    <hr style=\"border-top: 2px dotted #8c8b8b;\">\n                            このメッセージはお客様へのお知らせ専用ですので、<br/>\n                            このメッセージへの返信としてご質問をお送りいただいても回答できません。<br/>\n                            ご了承ください。<br/>\n                        </div>\n                    </td>\n                </tr>\n            </table>\n            <!--/600px container -->\n            <br>\n            <br>\n            <table id=\"html-mail-table2\" border=\"0\" width=\"600px\" cellpadding=\"10\" cellspacing=\"0\" class=\"container\" style=\"border-spacing:0;mso-table-lspace:0pt;mso-table-rspace:0pt;\">\n                <tr>\n                    <td class=\"container-padding content footer-text\" align=\"left\" style=\"border-collapse:collapse;font-family:Helvetica, Arial, sans-serif;font-size:12px;line-height:16px;color:#aaaaaa;padding-left:24px;padding-right:24px;padding-top:12px;padding-bottom:12px;background-color:#ffffff;\">\n                        本メールは、THE ALLより送信しております。<br/>\n                        もしお心当たりが無い場合は、その旨 <a href=\"mailto:info@subspire.co.jp\" style=\"text-decoration:none;\">info@subspire.co.jp</a> までご連絡いただければ幸いです。<br/>\n                        <br/>\n                        <div class=\"title\" style=\"font-size:14px;font-family:Helvetica, Arial, sans-serif;font-weight:600;color:#374550;\"><a href=\"https://phpstack-517100-1643419.cloudwaysapps.com/\" style=\"color:#aaaaaa;text-decoration:none;\">THE ALL</a></div>\n                        <div>copyright &copy; THE ALL all rights reserved.</div>\n                    </td>\n                </tr>\n            </table>\n        </td>\n    </tr>\n</table>\n<!--/100% background wrapper-->\n<br>\n<br>\n</body>\n\n</html>\n',	'mailhistory'),
(34,	114,	NULL,	'2022-04-05 06:25:02',	'[THE ALL] ご注文ありがとうございます',	'test test 様\n\nこの度はご注文いただき誠にありがとうございます。下記ご注文内容にお間違えがないかご確認下さい。\n\n************************************************\n　ご請求金額\n************************************************\n\nご注文日時：2022/04/05 15:25:00\nご注文番号：114\nお支払い合計：￥1,045,000\nお支払い方法：クレジットカード\nご利用ポイント：0 pt\n加算ポイント：104,500 pt\nお問い合わせ：\n\n\n************************************************\n　ご注文商品明細\n************************************************\n\n商品コード：\n商品名：いい商品     \n単価：￥1,045,000\n数量：1\n\n-------------------------------------------------\n小　計：￥1,045,000\n手数料：￥0\n送　料：￥0\n-------------------------------------------------\n合　計：￥1,045,000\n        (10 %対象：￥1,045,000)\n    ============================================\nお支払い合計：￥1,045,000\n\n************************************************\n　ご注文者情報\n************************************************\nお名前：test test 様\nお名前(カナ)：テスト テスト 様\n会社名：テスト会社\n郵便番号：〒6293574\n住所：京都府京丹後市久美浜町111\n電話番号：11111\nメールアドレス：test12331132312232@mailinator.com\n\n************************************************\n　配送情報\n************************************************\n\n◎お届け先\nお名前：test test 様\nお名前(カナ)：テスト テスト 様\n会社名：テスト会社\n郵便番号：〒6293574\n住所：京都府京丹後市久美浜町111\n電話番号：11111\n\n配送方法：通常配送\nお届け日：指定なし\nお届け時間：指定なし\n\n商品コード：\n商品名：いい商品    \n数量：1\n\n\n\n============================================\n\nこのメッセージはお客様へのお知らせ専用ですので、\nこのメッセージへの返信としてご質問をお送りいただいても回答できません。\nご了承ください。\n',	'<!DOCTYPE html PUBLIC \"-//W3C//DTD HTML 4.01 Transitional//EN\" \"http://www.w3.org/TR/html4/loose.dtd\">\n<html xmlns=\"http://www.w3.org/1999/xhtml\">\n\n<body bgcolor=\"#F0F0F0\" leftmargin=\"0\" topmargin=\"0\" marginwidth=\"0\" marginheight=\"0\" style=\"margin-top:0;margin-bottom:0;margin-right:0;margin-left:0;padding-top:0;padding-bottom:0;padding-right:0;padding-left:0;-ms-text-size-adjust:100%;-webkit-text-size-adjust:100%;\">\n<br>\n<br>\n<div align=\"center\"><a href=\"https://phpstack-517100-1643419.cloudwaysapps.com/\" style=\"font-family:Helvetica, Arial, sans-serif;font-size:30px;color:#333333;text-decoration:none;\">THE ALL</a></div>\n<!-- 100% background wrapper (grey background) -->\n<table border=\"0\" width=\"100%\" height=\"100%\" cellpadding=\"0\" cellspacing=\"0\" bgcolor=\"#F0F0F0\" style=\"border-spacing:0;mso-table-lspace:0pt;mso-table-rspace:0pt;\">\n    <tr>\n        <td align=\"center\" valign=\"top\" bgcolor=\"#F0F0F0\" style=\"background-color:#F0F0F0;border-collapse:collapse;\">\n            <br>\n            <!-- 600px container (white background) -->\n            <table id=\"html-mail-table1\" border=\"0\" width=\"600px\" cellpadding=\"10\" cellspacing=\"0\" class=\"container\" style=\"border-spacing:0;mso-table-lspace:0pt;mso-table-rspace:0pt;\">\n                <tr>\n                    <td class=\"container-padding content\" align=\"left\" style=\"border-collapse:collapse;padding-left:24px;padding-right:24px;padding-top:12px;padding-bottom:12px;background-color:#ffffff;\">\n                        <br>\n                        <div class=\"title\" style=\"font-family:Helvetica, Arial, sans-serif;font-size:14px;line-height:20px;text-align:left;color:#333333;\">この度はご注文いただき誠にありがとうございます。</div>\n                        <br>\n                        <div class=\"body-text\" style=\"font-family:Helvetica, Arial, sans-serif;font-size:14px;line-height:20px;text-align:left;color:#333333;\">\n                            test test 様<br/>\n                            <br/>\n                            下記ご注文内容にお間違えがないかご確認下さい。<br/>\n                            <br/>\n                            <hr style=\"border-top: 3px double #8c8b8b;\">\n                            　ご請求金額<br/>\n                            <hr style=\"border-top: 3px double #8c8b8b;\">\n                            ご注文日時：2022/04/05 15:25:00<br/>\n                            ご注文番号：114<br/>\n                            お支払い合計：￥1,045,000<br/>\n                            お支払い方法：クレジットカード<br/>\n                                                        ご利用ポイント：0 pt<br/>\n                            加算ポイント：104,500 pt<br/>\n                                                        お問い合わせ：<br/>\n                            <br/>\n                            <hr style=\"border-top: 3px double #8c8b8b;\">\n                            　ご注文商品明細<br/>\n                            <hr style=\"border-top: 3px double #8c8b8b;\">\n                                                                                        商品コード：<br/>\n                                商品名：いい商品    <br/>\n                                単価：￥1,045,000<br/>\n                                数量：1<br/>\n                                <br/>\n                                                                                    <hr style=\"border-top: 2px dashed #8c8b8b;\">\n                            小　計：￥1,045,000<br/>\n                            手数料：￥0<br/>\n                            送　料：￥0<br/>\n                                                        <hr style=\"border-top: 1px dotted #8c8b8b;\">\n                            合　計：￥1,045,000<br/>\n                                                            (10 %対象：￥1,045,000)<br/>\n                                                                                    <hr style=\"border-top: 1px dotted #8c8b8b;\">\n                            お支払い合計：￥1,045,000\n                            <br/>\n                            <hr style=\"border-top: 3px double #8c8b8b;\">\n                            ご注文者情報<br/>\n                            <hr style=\"border-top: 3px double #8c8b8b;\">\n                            お名前：test test 様<br/>\n                            お名前(カナ)：テスト テスト 様<br/>\n                                                            会社名：テスト会社<br/>\n                                                        郵便番号：〒6293574<br/>\n                            住所：京都府京丹後市久美浜町111<br/>\n                            電話番号：11111<br/>\n                            メールアドレス：test12331132312232@mailinator.com<br/>\n                            <br/>\n                            <hr style=\"border-top: 3px double #8c8b8b;\">\n                            　配送情報<br/>\n                            <hr style=\"border-top: 3px double #8c8b8b;\">\n\n                                                            ◎お届け先<br/>\n                                <br/>\n                                お名前：test test 様<br/>\n                                お名前(カナ)：テスト テスト 様<br/>\n                                                                    会社名：テスト会社<br/>\n                                                                郵便番号：〒6293574<br/>\n                                住所：京都府京丹後市久美浜町111<br/>\n                                電話番号：11111<br/>\n                                <br/>\n                                配送方法：通常配送<br/>\n                                お届け日：指定なし<br/>\n                                お届け時間：指定なし<br/>\n                                <br/>\n                                                                    商品コード：<br/>\n                                    商品名：いい商品    <br/>\n                                    数量：1<br/>\n                                    <br/>\n                                                                                                                    <hr style=\"border-top: 2px dotted #8c8b8b;\">\n                            このメッセージはお客様へのお知らせ専用ですので、<br/>\n                            このメッセージへの返信としてご質問をお送りいただいても回答できません。<br/>\n                            ご了承ください。<br/>\n                        </div>\n                    </td>\n                </tr>\n            </table>\n            <!--/600px container -->\n            <br>\n            <br>\n            <table id=\"html-mail-table2\" border=\"0\" width=\"600px\" cellpadding=\"10\" cellspacing=\"0\" class=\"container\" style=\"border-spacing:0;mso-table-lspace:0pt;mso-table-rspace:0pt;\">\n                <tr>\n                    <td class=\"container-padding content footer-text\" align=\"left\" style=\"border-collapse:collapse;font-family:Helvetica, Arial, sans-serif;font-size:12px;line-height:16px;color:#aaaaaa;padding-left:24px;padding-right:24px;padding-top:12px;padding-bottom:12px;background-color:#ffffff;\">\n                        本メールは、THE ALLより送信しております。<br/>\n                        もしお心当たりが無い場合は、その旨 <a href=\"mailto:info@subspire.co.jp\" style=\"text-decoration:none;\">info@subspire.co.jp</a> までご連絡いただければ幸いです。<br/>\n                        <br/>\n                        <div class=\"title\" style=\"font-size:14px;font-family:Helvetica, Arial, sans-serif;font-weight:600;color:#374550;\"><a href=\"https://phpstack-517100-1643419.cloudwaysapps.com/\" style=\"color:#aaaaaa;text-decoration:none;\">THE ALL</a></div>\n                        <div>copyright &copy; THE ALL all rights reserved.</div>\n                    </td>\n                </tr>\n            </table>\n        </td>\n    </tr>\n</table>\n<!--/100% background wrapper-->\n<br>\n<br>\n</body>\n\n</html>\n',	'mailhistory'),
(35,	116,	NULL,	'2022-04-22 08:47:31',	'[THE ALL] ご注文ありがとうございます',	'test test 様\n\nこの度はご注文いただき誠にありがとうございます。下記ご注文内容にお間違えがないかご確認下さい。\n\n************************************************\n　ご請求金額\n************************************************\n\nご注文日時：2022/04/22 17:47:28\nご注文番号：116\nお支払い合計：￥1,045,000\nお支払い方法：クレジットカード\nご利用ポイント：0 pt\n加算ポイント：104,500 pt\nお問い合わせ：\n\n\n************************************************\n　ご注文商品明細\n************************************************\n\n商品コード：\n商品名：いい商品     \n単価：￥1,045,000\n数量：1\n\n-------------------------------------------------\n小　計：￥1,045,000\n手数料：￥0\n送　料：￥0\n-------------------------------------------------\n合　計：￥1,045,000\n        (10 %対象：￥1,045,000)\n    ============================================\nお支払い合計：￥1,045,000\n\n************************************************\n　ご注文者情報\n************************************************\nお名前：test test 様\nお名前(カナ)：テスト テスト 様\n会社名：テスト会社\n郵便番号：〒6293574\n住所：京都府京丹後市久美浜町111\n電話番号：11111\nメールアドレス：test12331132312232@mailinator.com\n\n************************************************\n　配送情報\n************************************************\n\n◎お届け先\nお名前：test test 様\nお名前(カナ)：テスト テスト 様\n会社名：テスト会社\n郵便番号：〒6293574\n住所：京都府京丹後市久美浜町111\n電話番号：11111\n\n配送方法：通常配送\nお届け日：指定なし\nお届け時間：指定なし\n\n商品コード：\n商品名：いい商品    \n数量：1\n\n\n\n============================================\n\nこのメッセージはお客様へのお知らせ専用ですので、\nこのメッセージへの返信としてご質問をお送りいただいても回答できません。\nご了承ください。\n',	'<!DOCTYPE html PUBLIC \"-//W3C//DTD HTML 4.01 Transitional//EN\" \"http://www.w3.org/TR/html4/loose.dtd\">\n<html xmlns=\"http://www.w3.org/1999/xhtml\">\n\n<body bgcolor=\"#F0F0F0\" leftmargin=\"0\" topmargin=\"0\" marginwidth=\"0\" marginheight=\"0\" style=\"margin-top:0;margin-bottom:0;margin-right:0;margin-left:0;padding-top:0;padding-bottom:0;padding-right:0;padding-left:0;-ms-text-size-adjust:100%;-webkit-text-size-adjust:100%;\">\n<br>\n<br>\n<div align=\"center\"><a href=\"https://phpstack-517100-1643419.cloudwaysapps.com/\" style=\"font-family:Helvetica, Arial, sans-serif;font-size:30px;color:#333333;text-decoration:none;\">THE ALL</a></div>\n<!-- 100% background wrapper (grey background) -->\n<table border=\"0\" width=\"100%\" height=\"100%\" cellpadding=\"0\" cellspacing=\"0\" bgcolor=\"#F0F0F0\" style=\"border-spacing:0;mso-table-lspace:0pt;mso-table-rspace:0pt;\">\n    <tr>\n        <td align=\"center\" valign=\"top\" bgcolor=\"#F0F0F0\" style=\"background-color:#F0F0F0;border-collapse:collapse;\">\n            <br>\n            <!-- 600px container (white background) -->\n            <table id=\"html-mail-table1\" border=\"0\" width=\"600px\" cellpadding=\"10\" cellspacing=\"0\" class=\"container\" style=\"border-spacing:0;mso-table-lspace:0pt;mso-table-rspace:0pt;\">\n                <tr>\n                    <td class=\"container-padding content\" align=\"left\" style=\"border-collapse:collapse;padding-left:24px;padding-right:24px;padding-top:12px;padding-bottom:12px;background-color:#ffffff;\">\n                        <br>\n                        <div class=\"title\" style=\"font-family:Helvetica, Arial, sans-serif;font-size:14px;line-height:20px;text-align:left;color:#333333;\">この度はご注文いただき誠にありがとうございます。</div>\n                        <br>\n                        <div class=\"body-text\" style=\"font-family:Helvetica, Arial, sans-serif;font-size:14px;line-height:20px;text-align:left;color:#333333;\">\n                            test test 様<br/>\n                            <br/>\n                            下記ご注文内容にお間違えがないかご確認下さい。<br/>\n                            <br/>\n                            <hr style=\"border-top: 3px double #8c8b8b;\">\n                            　ご請求金額<br/>\n                            <hr style=\"border-top: 3px double #8c8b8b;\">\n                            ご注文日時：2022/04/22 17:47:28<br/>\n                            ご注文番号：116<br/>\n                            お支払い合計：￥1,045,000<br/>\n                            お支払い方法：クレジットカード<br/>\n                                                        ご利用ポイント：0 pt<br/>\n                            加算ポイント：104,500 pt<br/>\n                                                        お問い合わせ：<br/>\n                            <br/>\n                            <hr style=\"border-top: 3px double #8c8b8b;\">\n                            　ご注文商品明細<br/>\n                            <hr style=\"border-top: 3px double #8c8b8b;\">\n                                                                                        商品コード：<br/>\n                                商品名：いい商品    <br/>\n                                単価：￥1,045,000<br/>\n                                数量：1<br/>\n                                <br/>\n                                                                                    <hr style=\"border-top: 2px dashed #8c8b8b;\">\n                            小　計：￥1,045,000<br/>\n                            手数料：￥0<br/>\n                            送　料：￥0<br/>\n                                                        <hr style=\"border-top: 1px dotted #8c8b8b;\">\n                            合　計：￥1,045,000<br/>\n                                                            (10 %対象：￥1,045,000)<br/>\n                                                                                    <hr style=\"border-top: 1px dotted #8c8b8b;\">\n                            お支払い合計：￥1,045,000\n                            <br/>\n                            <hr style=\"border-top: 3px double #8c8b8b;\">\n                            ご注文者情報<br/>\n                            <hr style=\"border-top: 3px double #8c8b8b;\">\n                            お名前：test test 様<br/>\n                            お名前(カナ)：テスト テスト 様<br/>\n                                                            会社名：テスト会社<br/>\n                                                        郵便番号：〒6293574<br/>\n                            住所：京都府京丹後市久美浜町111<br/>\n                            電話番号：11111<br/>\n                            メールアドレス：test12331132312232@mailinator.com<br/>\n                            <br/>\n                            <hr style=\"border-top: 3px double #8c8b8b;\">\n                            　配送情報<br/>\n                            <hr style=\"border-top: 3px double #8c8b8b;\">\n\n                                                            ◎お届け先<br/>\n                                <br/>\n                                お名前：test test 様<br/>\n                                お名前(カナ)：テスト テスト 様<br/>\n                                                                    会社名：テスト会社<br/>\n                                                                郵便番号：〒6293574<br/>\n                                住所：京都府京丹後市久美浜町111<br/>\n                                電話番号：11111<br/>\n                                <br/>\n                                配送方法：通常配送<br/>\n                                お届け日：指定なし<br/>\n                                お届け時間：指定なし<br/>\n                                <br/>\n                                                                    商品コード：<br/>\n                                    商品名：いい商品    <br/>\n                                    数量：1<br/>\n                                    <br/>\n                                                                                                                    <hr style=\"border-top: 2px dotted #8c8b8b;\">\n                            このメッセージはお客様へのお知らせ専用ですので、<br/>\n                            このメッセージへの返信としてご質問をお送りいただいても回答できません。<br/>\n                            ご了承ください。<br/>\n                        </div>\n                    </td>\n                </tr>\n            </table>\n            <!--/600px container -->\n            <br>\n            <br>\n            <table id=\"html-mail-table2\" border=\"0\" width=\"600px\" cellpadding=\"10\" cellspacing=\"0\" class=\"container\" style=\"border-spacing:0;mso-table-lspace:0pt;mso-table-rspace:0pt;\">\n                <tr>\n                    <td class=\"container-padding content footer-text\" align=\"left\" style=\"border-collapse:collapse;font-family:Helvetica, Arial, sans-serif;font-size:12px;line-height:16px;color:#aaaaaa;padding-left:24px;padding-right:24px;padding-top:12px;padding-bottom:12px;background-color:#ffffff;\">\n                        本メールは、THE ALLより送信しております。<br/>\n                        もしお心当たりが無い場合は、その旨 <a href=\"mailto:info@subspire.co.jp\" style=\"text-decoration:none;\">info@subspire.co.jp</a> までご連絡いただければ幸いです。<br/>\n                        <br/>\n                        <div class=\"title\" style=\"font-size:14px;font-family:Helvetica, Arial, sans-serif;font-weight:600;color:#374550;\"><a href=\"https://phpstack-517100-1643419.cloudwaysapps.com/\" style=\"color:#aaaaaa;text-decoration:none;\">THE ALL</a></div>\n                        <div>copyright &copy; THE ALL all rights reserved.</div>\n                    </td>\n                </tr>\n            </table>\n        </td>\n    </tr>\n</table>\n<!--/100% background wrapper-->\n<br>\n<br>\n</body>\n\n</html>\n',	'mailhistory'),
(36,	117,	NULL,	'2023-05-13 07:50:10',	'[THE ALL] ご注文ありがとうございます',	'チャーチル ライリー 様\n\nこの度はご注文いただき誠にありがとうございます。下記ご注文内容にお間違えがないかご確認下さい。\n\n************************************************\n　ご請求金額\n************************************************\n\nご注文日時：2023/05/13 16:50:08\nご注文番号：117\nお支払い合計：￥5,110\nお支払い方法：クレジットカード\nお問い合わせ：\n\n\n************************************************\n　ご注文商品明細\n************************************************\n\n商品コード：V202112005\n商品名：おまかせ野菜セット     ※\n単価：￥3,780\n数量：1\n\n※は軽減税率対象商品です。\n-------------------------------------------------\n小　計：￥3,780\n手数料：￥0\n送　料：￥1,330\n-------------------------------------------------\n合　計：￥5,110\n        (10 %対象：￥1,330)\n        (8 %対象：￥3,780)\n    ============================================\nお支払い合計：￥5,110\n\n************************************************\n　ご注文者情報\n************************************************\nお名前：チャーチル ライリー 様\nお名前(カナ)：チャーチル ライリー 様\n郵便番号：〒6293101\n住所：京都府京丹後市網野町網野123\n電話番号：12312341234\nメールアドレス：test1@test.com\n\n************************************************\n　配送情報\n************************************************\n\n◎お届け先\nお名前：チャーチル ライリー 様\nお名前(カナ)：チャーチル ライリー 様\n郵便番号：〒6293101\n住所：京都府京丹後市網野町網野123\n電話番号：12312341234\n\n配送方法：通常配送\nお届け日：指定なし\nお届け時間：指定なし\n\n商品コード：V202112005\n商品名：おまかせ野菜セット    \n数量：1\n\n\n\n============================================\n\nこのメッセージはお客様へのお知らせ専用ですので、\nこのメッセージへの返信としてご質問をお送りいただいても回答できません。\nご了承ください。\n',	'<!DOCTYPE html PUBLIC \"-//W3C//DTD HTML 4.01 Transitional//EN\" \"http://www.w3.org/TR/html4/loose.dtd\">\n<html xmlns=\"http://www.w3.org/1999/xhtml\">\n\n<body bgcolor=\"#F0F0F0\" leftmargin=\"0\" topmargin=\"0\" marginwidth=\"0\" marginheight=\"0\" style=\"margin-top:0;margin-bottom:0;margin-right:0;margin-left:0;padding-top:0;padding-bottom:0;padding-right:0;padding-left:0;-ms-text-size-adjust:100%;-webkit-text-size-adjust:100%;\">\n<br>\n<br>\n<div align=\"center\"><a href=\"https://phpstack-517100-1643419.cloudwaysapps.com/\" style=\"font-family:Helvetica, Arial, sans-serif;font-size:30px;color:#333333;text-decoration:none;\">THE ALL</a></div>\n<!-- 100% background wrapper (grey background) -->\n<table border=\"0\" width=\"100%\" height=\"100%\" cellpadding=\"0\" cellspacing=\"0\" bgcolor=\"#F0F0F0\" style=\"border-spacing:0;mso-table-lspace:0pt;mso-table-rspace:0pt;\">\n    <tr>\n        <td align=\"center\" valign=\"top\" bgcolor=\"#F0F0F0\" style=\"background-color:#F0F0F0;border-collapse:collapse;\">\n            <br>\n            <!-- 600px container (white background) -->\n            <table id=\"html-mail-table1\" border=\"0\" width=\"600px\" cellpadding=\"10\" cellspacing=\"0\" class=\"container\" style=\"border-spacing:0;mso-table-lspace:0pt;mso-table-rspace:0pt;\">\n                <tr>\n                    <td class=\"container-padding content\" align=\"left\" style=\"border-collapse:collapse;padding-left:24px;padding-right:24px;padding-top:12px;padding-bottom:12px;background-color:#ffffff;\">\n                        <br>\n                        <div class=\"title\" style=\"font-family:Helvetica, Arial, sans-serif;font-size:14px;line-height:20px;text-align:left;color:#333333;\">この度はご注文いただき誠にありがとうございます。</div>\n                        <br>\n                        <div class=\"body-text\" style=\"font-family:Helvetica, Arial, sans-serif;font-size:14px;line-height:20px;text-align:left;color:#333333;\">\n                            チャーチル ライリー 様<br/>\n                            <br/>\n                            下記ご注文内容にお間違えがないかご確認下さい。<br/>\n                            <br/>\n                            <hr style=\"border-top: 3px double #8c8b8b;\">\n                            　ご請求金額<br/>\n                            <hr style=\"border-top: 3px double #8c8b8b;\">\n                            ご注文日時：2023/05/13 16:50:08<br/>\n                            ご注文番号：117<br/>\n                            お支払い合計：￥5,110<br/>\n                            お支払い方法：クレジットカード<br/>\n                                                        お問い合わせ：<br/>\n                            <br/>\n                            <hr style=\"border-top: 3px double #8c8b8b;\">\n                            　ご注文商品明細<br/>\n                            <hr style=\"border-top: 3px double #8c8b8b;\">\n                                                                                        商品コード：V202112005<br/>\n                                商品名：おまかせ野菜セット    ※<br/>\n                                単価：￥3,780<br/>\n                                数量：1<br/>\n                                <br/>\n                                                        ※は軽減税率対象商品です。                            <hr style=\"border-top: 2px dashed #8c8b8b;\">\n                            小　計：￥3,780<br/>\n                            手数料：￥0<br/>\n                            送　料：￥1,330<br/>\n                                                        <hr style=\"border-top: 1px dotted #8c8b8b;\">\n                            合　計：￥5,110<br/>\n                                                            (10 %対象：￥1,330)<br/>\n                                                            (8 %対象：￥3,780)<br/>\n                                                                                    <hr style=\"border-top: 1px dotted #8c8b8b;\">\n                            お支払い合計：￥5,110\n                            <br/>\n                            <hr style=\"border-top: 3px double #8c8b8b;\">\n                            ご注文者情報<br/>\n                            <hr style=\"border-top: 3px double #8c8b8b;\">\n                            お名前：チャーチル ライリー 様<br/>\n                            お名前(カナ)：チャーチル ライリー 様<br/>\n                                                        郵便番号：〒6293101<br/>\n                            住所：京都府京丹後市網野町網野123<br/>\n                            電話番号：12312341234<br/>\n                            メールアドレス：test1@test.com<br/>\n                            <br/>\n                            <hr style=\"border-top: 3px double #8c8b8b;\">\n                            　配送情報<br/>\n                            <hr style=\"border-top: 3px double #8c8b8b;\">\n\n                                                            ◎お届け先<br/>\n                                <br/>\n                                お名前：チャーチル ライリー 様<br/>\n                                お名前(カナ)：チャーチル ライリー 様<br/>\n                                                                郵便番号：〒6293101<br/>\n                                住所：京都府京丹後市網野町網野123<br/>\n                                電話番号：12312341234<br/>\n                                <br/>\n                                配送方法：通常配送<br/>\n                                お届け日：指定なし<br/>\n                                お届け時間：指定なし<br/>\n                                <br/>\n                                                                    商品コード：V202112005<br/>\n                                    商品名：おまかせ野菜セット    <br/>\n                                    数量：1<br/>\n                                    <br/>\n                                                                                                                    <hr style=\"border-top: 2px dotted #8c8b8b;\">\n                            このメッセージはお客様へのお知らせ専用ですので、<br/>\n                            このメッセージへの返信としてご質問をお送りいただいても回答できません。<br/>\n                            ご了承ください。<br/>\n                        </div>\n                    </td>\n                </tr>\n            </table>\n            <!--/600px container -->\n            <br>\n            <br>\n            <table id=\"html-mail-table2\" border=\"0\" width=\"600px\" cellpadding=\"10\" cellspacing=\"0\" class=\"container\" style=\"border-spacing:0;mso-table-lspace:0pt;mso-table-rspace:0pt;\">\n                <tr>\n                    <td class=\"container-padding content footer-text\" align=\"left\" style=\"border-collapse:collapse;font-family:Helvetica, Arial, sans-serif;font-size:12px;line-height:16px;color:#aaaaaa;padding-left:24px;padding-right:24px;padding-top:12px;padding-bottom:12px;background-color:#ffffff;\">\n                        本メールは、THE ALLより送信しております。<br/>\n                        もしお心当たりが無い場合は、その旨 <a href=\"mailto:info@subspire.co.jp\" style=\"text-decoration:none;\">info@subspire.co.jp</a> までご連絡いただければ幸いです。<br/>\n                        <br/>\n                        <div class=\"title\" style=\"font-size:14px;font-family:Helvetica, Arial, sans-serif;font-weight:600;color:#374550;\"><a href=\"https://phpstack-517100-1643419.cloudwaysapps.com/\" style=\"color:#aaaaaa;text-decoration:none;\">THE ALL</a></div>\n                        <div>copyright &copy; THE ALL all rights reserved.</div>\n                    </td>\n                </tr>\n            </table>\n        </td>\n    </tr>\n</table>\n<!--/100% background wrapper-->\n<br>\n<br>\n</body>\n\n</html>\n',	'mailhistory'),
(37,	121,	NULL,	'2023-05-17 09:18:07',	'[THE ALL] ご注文ありがとうございます',	'山本 太郎 様\n\nこの度はご注文いただき誠にありがとうございます。下記ご注文内容にお間違えがないかご確認下さい。\n\n************************************************\n　ご請求金額\n************************************************\n\nご注文日時：2023/05/17 18:18:07\nご注文番号：121\nお支払い合計：￥209,720\nお支払い方法：銀行振込\nご利用ポイント：0 pt\n加算ポイント：1,900 pt\nお問い合わせ：\n\n\n************************************************\n　ご注文商品明細\n************************************************\n\n商品コード：ああ\n商品名：カシオ CASIO Gショック G-SHOCK クオーツ メンズ 腕時計 GA-100CG-2A ネイビー［逆輸入品］［wimp］[カシオGshokku ]     \n単価：￥209,000\n数量：1\n\n-------------------------------------------------\n小　計：￥209,000\n手数料：￥0\n送　料：￥720\n-------------------------------------------------\n合　計：￥209,720\n        (10 %対象：￥209,720)\n    ============================================\nお支払い合計：￥209,720\n\n************************************************\n　ご注文者情報\n************************************************\nお名前：山本 太郎 様\nお名前(カナ)：ヤマモト タロウ 様\n郵便番号：〒6680044\n住所：兵庫県豊岡市山王町299\n電話番号：0796238856\nメールアドレス：tspc.nokosazu@gmail.com\n\n************************************************\n　配送情報\n************************************************\n\n◎お届け先\nお名前：山本 太郎 様\nお名前(カナ)：ヤマモト タロウ 様\n郵便番号：〒6680044\n住所：兵庫県豊岡市山王町299\n電話番号：0796238856\n\n配送方法：ヤマト運輸\nお届け日：2023/05/27\nお届け時間：午後（１２時～１６時）\n\n商品コード：ああ\n商品名：カシオ CASIO Gショック G-SHOCK クオーツ メンズ 腕時計 GA-100CG-2A ネイビー［逆輸入品］［wimp］[カシオGshokku ]    \n数量：1\n\n\n\n============================================\n\nこのメッセージはお客様へのお知らせ専用ですので、\nこのメッセージへの返信としてご質問をお送りいただいても回答できません。\nご了承ください。\n',	'<!DOCTYPE html PUBLIC \"-//W3C//DTD HTML 4.01 Transitional//EN\" \"http://www.w3.org/TR/html4/loose.dtd\">\n<html xmlns=\"http://www.w3.org/1999/xhtml\">\n\n<body bgcolor=\"#F0F0F0\" leftmargin=\"0\" topmargin=\"0\" marginwidth=\"0\" marginheight=\"0\" style=\"margin-top:0;margin-bottom:0;margin-right:0;margin-left:0;padding-top:0;padding-bottom:0;padding-right:0;padding-left:0;-ms-text-size-adjust:100%;-webkit-text-size-adjust:100%;\">\n<br>\n<br>\n<div align=\"center\"><a href=\"https://phpstack-517100-1643419.cloudwaysapps.com/\" style=\"font-family:Helvetica, Arial, sans-serif;font-size:30px;color:#333333;text-decoration:none;\">THE ALL</a></div>\n<!-- 100% background wrapper (grey background) -->\n<table border=\"0\" width=\"100%\" height=\"100%\" cellpadding=\"0\" cellspacing=\"0\" bgcolor=\"#F0F0F0\" style=\"border-spacing:0;mso-table-lspace:0pt;mso-table-rspace:0pt;\">\n    <tr>\n        <td align=\"center\" valign=\"top\" bgcolor=\"#F0F0F0\" style=\"background-color:#F0F0F0;border-collapse:collapse;\">\n            <br>\n            <!-- 600px container (white background) -->\n            <table id=\"html-mail-table1\" border=\"0\" width=\"600px\" cellpadding=\"10\" cellspacing=\"0\" class=\"container\" style=\"border-spacing:0;mso-table-lspace:0pt;mso-table-rspace:0pt;\">\n                <tr>\n                    <td class=\"container-padding content\" align=\"left\" style=\"border-collapse:collapse;padding-left:24px;padding-right:24px;padding-top:12px;padding-bottom:12px;background-color:#ffffff;\">\n                        <br>\n                        <div class=\"title\" style=\"font-family:Helvetica, Arial, sans-serif;font-size:14px;line-height:20px;text-align:left;color:#333333;\">この度はご注文いただき誠にありがとうございます。</div>\n                        <br>\n                        <div class=\"body-text\" style=\"font-family:Helvetica, Arial, sans-serif;font-size:14px;line-height:20px;text-align:left;color:#333333;\">\n                            山本 太郎 様<br/>\n                            <br/>\n                            下記ご注文内容にお間違えがないかご確認下さい。<br/>\n                            <br/>\n                            <hr style=\"border-top: 3px double #8c8b8b;\">\n                            　ご請求金額<br/>\n                            <hr style=\"border-top: 3px double #8c8b8b;\">\n                            ご注文日時：2023/05/17 18:18:07<br/>\n                            ご注文番号：121<br/>\n                            お支払い合計：￥209,720<br/>\n                            お支払い方法：銀行振込<br/>\n                                                        ご利用ポイント：0 pt<br/>\n                            加算ポイント：1,900 pt<br/>\n                                                        お問い合わせ：<br/>\n                            <br/>\n                            <hr style=\"border-top: 3px double #8c8b8b;\">\n                            　ご注文商品明細<br/>\n                            <hr style=\"border-top: 3px double #8c8b8b;\">\n                                                                                        商品コード：ああ<br/>\n                                商品名：カシオ CASIO Gショック G-SHOCK クオーツ メンズ 腕時計 GA-100CG-2A ネイビー［逆輸入品］［wimp］[カシオGshokku ]    <br/>\n                                単価：￥209,000<br/>\n                                数量：1<br/>\n                                <br/>\n                                                                                    <hr style=\"border-top: 2px dashed #8c8b8b;\">\n                            小　計：￥209,000<br/>\n                            手数料：￥0<br/>\n                            送　料：￥720<br/>\n                                                        <hr style=\"border-top: 1px dotted #8c8b8b;\">\n                            合　計：￥209,720<br/>\n                                                            (10 %対象：￥209,720)<br/>\n                                                                                    <hr style=\"border-top: 1px dotted #8c8b8b;\">\n                            お支払い合計：￥209,720\n                            <br/>\n                            <hr style=\"border-top: 3px double #8c8b8b;\">\n                            ご注文者情報<br/>\n                            <hr style=\"border-top: 3px double #8c8b8b;\">\n                            お名前：山本 太郎 様<br/>\n                            お名前(カナ)：ヤマモト タロウ 様<br/>\n                                                        郵便番号：〒6680044<br/>\n                            住所：兵庫県豊岡市山王町299<br/>\n                            電話番号：0796238856<br/>\n                            メールアドレス：tspc.nokosazu@gmail.com<br/>\n                            <br/>\n                            <hr style=\"border-top: 3px double #8c8b8b;\">\n                            　配送情報<br/>\n                            <hr style=\"border-top: 3px double #8c8b8b;\">\n\n                                                            ◎お届け先<br/>\n                                <br/>\n                                お名前：山本 太郎 様<br/>\n                                お名前(カナ)：ヤマモト タロウ 様<br/>\n                                                                郵便番号：〒6680044<br/>\n                                住所：兵庫県豊岡市山王町299<br/>\n                                電話番号：0796238856<br/>\n                                <br/>\n                                配送方法：ヤマト運輸<br/>\n                                お届け日：2023/05/27<br/>\n                                お届け時間：午後（１２時～１６時）<br/>\n                                <br/>\n                                                                    商品コード：ああ<br/>\n                                    商品名：カシオ CASIO Gショック G-SHOCK クオーツ メンズ 腕時計 GA-100CG-2A ネイビー［逆輸入品］［wimp］[カシオGshokku ]    <br/>\n                                    数量：1<br/>\n                                    <br/>\n                                                                                                                    <hr style=\"border-top: 2px dotted #8c8b8b;\">\n                            このメッセージはお客様へのお知らせ専用ですので、<br/>\n                            このメッセージへの返信としてご質問をお送りいただいても回答できません。<br/>\n                            ご了承ください。<br/>\n                        </div>\n                    </td>\n                </tr>\n            </table>\n            <!--/600px container -->\n            <br>\n            <br>\n            <table id=\"html-mail-table2\" border=\"0\" width=\"600px\" cellpadding=\"10\" cellspacing=\"0\" class=\"container\" style=\"border-spacing:0;mso-table-lspace:0pt;mso-table-rspace:0pt;\">\n                <tr>\n                    <td class=\"container-padding content footer-text\" align=\"left\" style=\"border-collapse:collapse;font-family:Helvetica, Arial, sans-serif;font-size:12px;line-height:16px;color:#aaaaaa;padding-left:24px;padding-right:24px;padding-top:12px;padding-bottom:12px;background-color:#ffffff;\">\n                        本メールは、THE ALLより送信しております。<br/>\n                        もしお心当たりが無い場合は、その旨 <a href=\"mailto:info@subspire.co.jp\" style=\"text-decoration:none;\">info@subspire.co.jp</a> までご連絡いただければ幸いです。<br/>\n                        <br/>\n                        <div class=\"title\" style=\"font-size:14px;font-family:Helvetica, Arial, sans-serif;font-weight:600;color:#374550;\"><a href=\"https://phpstack-517100-1643419.cloudwaysapps.com/\" style=\"color:#aaaaaa;text-decoration:none;\">THE ALL</a></div>\n                        <div>copyright &copy; THE ALL all rights reserved.</div>\n                    </td>\n                </tr>\n            </table>\n        </td>\n    </tr>\n</table>\n<!--/100% background wrapper-->\n<br>\n<br>\n</body>\n\n</html>\n',	'mailhistory'),
(38,	122,	NULL,	'2023-07-04 02:35:20',	'[THE ALL] ご注文ありがとうございます',	'テスト テスト 様\n\nこの度はご注文いただき誠にありがとうございます。下記ご注文内容にお間違えがないかご確認下さい。\n\n************************************************\n　ご請求金額\n************************************************\n\nご注文日時：2023/07/04 11:35:19\nご注文番号：122\nお支払い合計：￥5,110\nお支払い方法：銀行振込\nご利用ポイント：0 pt\n加算ポイント：35 pt\nお問い合わせ：\n\n\n************************************************\n　ご注文商品明細\n************************************************\n\n商品コード：V202112005\n商品名：おまかせ野菜セット     ※\n単価：￥3,780\n数量：1\n\n※は軽減税率対象商品です。\n-------------------------------------------------\n小　計：￥3,780\n手数料：￥0\n送　料：￥1,330\n-------------------------------------------------\n合　計：￥5,110\n        (10 %対象：￥1,330)\n        (8 %対象：￥3,780)\n    ============================================\nお支払い合計：￥5,110\n\n************************************************\n　ご注文者情報\n************************************************\nお名前：テスト テスト 様\nお名前(カナ)：テスト テスト 様\n郵便番号：〒6293101\n住所：京都府京丹後市網野町網野123\n電話番号：12312341234\nメールアドレス：ohshita@tspc.co.jp\n\n************************************************\n　配送情報\n************************************************\n\n◎お届け先\nお名前：テスト テスト 様\nお名前(カナ)：テスト テスト 様\n郵便番号：〒6293101\n住所：京都府京丹後市網野町網野123\n電話番号：12312341234\n\n配送方法：通常配送\nお届け日：指定なし\nお届け時間：指定なし\n\n商品コード：V202112005\n商品名：おまかせ野菜セット    \n数量：1\n\n\n\n============================================\n\nこのメッセージはお客様へのお知らせ専用ですので、\nこのメッセージへの返信としてご質問をお送りいただいても回答できません。\nご了承ください。\n',	'<!DOCTYPE html PUBLIC \"-//W3C//DTD HTML 4.01 Transitional//EN\" \"http://www.w3.org/TR/html4/loose.dtd\">\n<html xmlns=\"http://www.w3.org/1999/xhtml\">\n\n<body bgcolor=\"#F0F0F0\" leftmargin=\"0\" topmargin=\"0\" marginwidth=\"0\" marginheight=\"0\" style=\"margin-top:0;margin-bottom:0;margin-right:0;margin-left:0;padding-top:0;padding-bottom:0;padding-right:0;padding-left:0;-ms-text-size-adjust:100%;-webkit-text-size-adjust:100%;\">\n<br>\n<br>\n<div align=\"center\"><a href=\"https://phpstack-517100-1643419.cloudwaysapps.com/\" style=\"font-family:Helvetica, Arial, sans-serif;font-size:30px;color:#333333;text-decoration:none;\">THE ALL</a></div>\n<!-- 100% background wrapper (grey background) -->\n<table border=\"0\" width=\"100%\" height=\"100%\" cellpadding=\"0\" cellspacing=\"0\" bgcolor=\"#F0F0F0\" style=\"border-spacing:0;mso-table-lspace:0pt;mso-table-rspace:0pt;\">\n    <tr>\n        <td align=\"center\" valign=\"top\" bgcolor=\"#F0F0F0\" style=\"background-color:#F0F0F0;border-collapse:collapse;\">\n            <br>\n            <!-- 600px container (white background) -->\n            <table id=\"html-mail-table1\" border=\"0\" width=\"600px\" cellpadding=\"10\" cellspacing=\"0\" class=\"container\" style=\"border-spacing:0;mso-table-lspace:0pt;mso-table-rspace:0pt;\">\n                <tr>\n                    <td class=\"container-padding content\" align=\"left\" style=\"border-collapse:collapse;padding-left:24px;padding-right:24px;padding-top:12px;padding-bottom:12px;background-color:#ffffff;\">\n                        <br>\n                        <div class=\"title\" style=\"font-family:Helvetica, Arial, sans-serif;font-size:14px;line-height:20px;text-align:left;color:#333333;\">この度はご注文いただき誠にありがとうございます。</div>\n                        <br>\n                        <div class=\"body-text\" style=\"font-family:Helvetica, Arial, sans-serif;font-size:14px;line-height:20px;text-align:left;color:#333333;\">\n                            テスト テスト 様<br/>\n                            <br/>\n                            下記ご注文内容にお間違えがないかご確認下さい。<br/>\n                            <br/>\n                            <hr style=\"border-top: 3px double #8c8b8b;\">\n                            　ご請求金額<br/>\n                            <hr style=\"border-top: 3px double #8c8b8b;\">\n                            ご注文日時：2023/07/04 11:35:19<br/>\n                            ご注文番号：122<br/>\n                            お支払い合計：￥5,110<br/>\n                            お支払い方法：銀行振込<br/>\n                                                        ご利用ポイント：0 pt<br/>\n                            加算ポイント：35 pt<br/>\n                                                        お問い合わせ：<br/>\n                            <br/>\n                            <hr style=\"border-top: 3px double #8c8b8b;\">\n                            　ご注文商品明細<br/>\n                            <hr style=\"border-top: 3px double #8c8b8b;\">\n                                                                                        商品コード：V202112005<br/>\n                                商品名：おまかせ野菜セット    ※<br/>\n                                単価：￥3,780<br/>\n                                数量：1<br/>\n                                <br/>\n                                                        ※は軽減税率対象商品です。                            <hr style=\"border-top: 2px dashed #8c8b8b;\">\n                            小　計：￥3,780<br/>\n                            手数料：￥0<br/>\n                            送　料：￥1,330<br/>\n                                                        <hr style=\"border-top: 1px dotted #8c8b8b;\">\n                            合　計：￥5,110<br/>\n                                                            (10 %対象：￥1,330)<br/>\n                                                            (8 %対象：￥3,780)<br/>\n                                                                                    <hr style=\"border-top: 1px dotted #8c8b8b;\">\n                            お支払い合計：￥5,110\n                            <br/>\n                            <hr style=\"border-top: 3px double #8c8b8b;\">\n                            ご注文者情報<br/>\n                            <hr style=\"border-top: 3px double #8c8b8b;\">\n                            お名前：テスト テスト 様<br/>\n                            お名前(カナ)：テスト テスト 様<br/>\n                                                        郵便番号：〒6293101<br/>\n                            住所：京都府京丹後市網野町網野123<br/>\n                            電話番号：12312341234<br/>\n                            メールアドレス：ohshita@tspc.co.jp<br/>\n                            <br/>\n                            <hr style=\"border-top: 3px double #8c8b8b;\">\n                            　配送情報<br/>\n                            <hr style=\"border-top: 3px double #8c8b8b;\">\n\n                                                            ◎お届け先<br/>\n                                <br/>\n                                お名前：テスト テスト 様<br/>\n                                お名前(カナ)：テスト テスト 様<br/>\n                                                                郵便番号：〒6293101<br/>\n                                住所：京都府京丹後市網野町網野123<br/>\n                                電話番号：12312341234<br/>\n                                <br/>\n                                配送方法：通常配送<br/>\n                                お届け日：指定なし<br/>\n                                お届け時間：指定なし<br/>\n                                <br/>\n                                                                    商品コード：V202112005<br/>\n                                    商品名：おまかせ野菜セット    <br/>\n                                    数量：1<br/>\n                                    <br/>\n                                                                                                                    <hr style=\"border-top: 2px dotted #8c8b8b;\">\n                            このメッセージはお客様へのお知らせ専用ですので、<br/>\n                            このメッセージへの返信としてご質問をお送りいただいても回答できません。<br/>\n                            ご了承ください。<br/>\n                        </div>\n                    </td>\n                </tr>\n            </table>\n            <!--/600px container -->\n            <br>\n            <br>\n            <table id=\"html-mail-table2\" border=\"0\" width=\"600px\" cellpadding=\"10\" cellspacing=\"0\" class=\"container\" style=\"border-spacing:0;mso-table-lspace:0pt;mso-table-rspace:0pt;\">\n                <tr>\n                    <td class=\"container-padding content footer-text\" align=\"left\" style=\"border-collapse:collapse;font-family:Helvetica, Arial, sans-serif;font-size:12px;line-height:16px;color:#aaaaaa;padding-left:24px;padding-right:24px;padding-top:12px;padding-bottom:12px;background-color:#ffffff;\">\n                        本メールは、THE ALLより送信しております。<br/>\n                        もしお心当たりが無い場合は、その旨 <a href=\"mailto:info@subspire.co.jp\" style=\"text-decoration:none;\">info@subspire.co.jp</a> までご連絡いただければ幸いです。<br/>\n                        <br/>\n                        <div class=\"title\" style=\"font-size:14px;font-family:Helvetica, Arial, sans-serif;font-weight:600;color:#374550;\"><a href=\"https://phpstack-517100-1643419.cloudwaysapps.com/\" style=\"color:#aaaaaa;text-decoration:none;\">THE ALL</a></div>\n                        <div>copyright &copy; THE ALL all rights reserved.</div>\n                    </td>\n                </tr>\n            </table>\n        </td>\n    </tr>\n</table>\n<!--/100% background wrapper-->\n<br>\n<br>\n</body>\n\n</html>\n',	'mailhistory'),
(39,	124,	NULL,	'2023-07-04 02:41:43',	'[THE ALL] ご注文ありがとうございます',	'テスト テスト 様\n\nこの度はご注文いただき誠にありがとうございます。下記ご注文内容にお間違えがないかご確認下さい。\n\n************************************************\n　ご請求金額\n************************************************\n\nご注文日時：2023/07/04 11:41:42\nご注文番号：124\nお支払い合計：￥420,040\nお支払い方法：銀行振込\nご利用ポイント：0 pt\n加算ポイント：3,812 pt\nお問い合わせ：\n\n\n************************************************\n　ご注文商品明細\n************************************************\n\n商品コード：ああ\n商品名：カシオ CASIO Gショック G-SHOCK クオーツ メンズ 腕時計 GA-100CG-2A ネイビー［逆輸入品］［wimp］[カシオGshokku ]     \n単価：￥209,000\n数量：2\n\n商品コード：ああ\n商品名：マカロン     \n単価：￥1,320\n数量：1\n\n-------------------------------------------------\n小　計：￥419,320\n手数料：￥0\n送　料：￥720\n-------------------------------------------------\n合　計：￥420,040\n        (10 %対象：￥420,040)\n    ============================================\nお支払い合計：￥420,040\n\n************************************************\n　ご注文者情報\n************************************************\nお名前：テスト テスト 様\nお名前(カナ)：テスト テスト 様\n郵便番号：〒6293101\n住所：京都府京丹後市網野町網野123\n電話番号：12312341234\nメールアドレス：ohshita@tspc.co.jp\n\n************************************************\n　配送情報\n************************************************\n\n◎お届け先\nお名前：テスト テスト 様\nお名前(カナ)：テスト テスト 様\n郵便番号：〒6293101\n住所：京都府京丹後市網野町網野123\n電話番号：12312341234\n\n配送方法：ヤマト運輸\nお届け日：指定なし\nお届け時間：指定なし\n\n商品コード：ああ\n商品名：カシオ CASIO Gショック G-SHOCK クオーツ メンズ 腕時計 GA-100CG-2A ネイビー［逆輸入品］［wimp］[カシオGshokku ]    \n数量：2\n\n商品コード：ああ\n商品名：マカロン    \n数量：1\n\n\n\n============================================\n\nこのメッセージはお客様へのお知らせ専用ですので、\nこのメッセージへの返信としてご質問をお送りいただいても回答できません。\nご了承ください。\n',	'<!DOCTYPE html PUBLIC \"-//W3C//DTD HTML 4.01 Transitional//EN\" \"http://www.w3.org/TR/html4/loose.dtd\">\n<html xmlns=\"http://www.w3.org/1999/xhtml\">\n\n<body bgcolor=\"#F0F0F0\" leftmargin=\"0\" topmargin=\"0\" marginwidth=\"0\" marginheight=\"0\" style=\"margin-top:0;margin-bottom:0;margin-right:0;margin-left:0;padding-top:0;padding-bottom:0;padding-right:0;padding-left:0;-ms-text-size-adjust:100%;-webkit-text-size-adjust:100%;\">\n<br>\n<br>\n<div align=\"center\"><a href=\"https://phpstack-517100-1643419.cloudwaysapps.com/\" style=\"font-family:Helvetica, Arial, sans-serif;font-size:30px;color:#333333;text-decoration:none;\">THE ALL</a></div>\n<!-- 100% background wrapper (grey background) -->\n<table border=\"0\" width=\"100%\" height=\"100%\" cellpadding=\"0\" cellspacing=\"0\" bgcolor=\"#F0F0F0\" style=\"border-spacing:0;mso-table-lspace:0pt;mso-table-rspace:0pt;\">\n    <tr>\n        <td align=\"center\" valign=\"top\" bgcolor=\"#F0F0F0\" style=\"background-color:#F0F0F0;border-collapse:collapse;\">\n            <br>\n            <!-- 600px container (white background) -->\n            <table id=\"html-mail-table1\" border=\"0\" width=\"600px\" cellpadding=\"10\" cellspacing=\"0\" class=\"container\" style=\"border-spacing:0;mso-table-lspace:0pt;mso-table-rspace:0pt;\">\n                <tr>\n                    <td class=\"container-padding content\" align=\"left\" style=\"border-collapse:collapse;padding-left:24px;padding-right:24px;padding-top:12px;padding-bottom:12px;background-color:#ffffff;\">\n                        <br>\n                        <div class=\"title\" style=\"font-family:Helvetica, Arial, sans-serif;font-size:14px;line-height:20px;text-align:left;color:#333333;\">この度はご注文いただき誠にありがとうございます。</div>\n                        <br>\n                        <div class=\"body-text\" style=\"font-family:Helvetica, Arial, sans-serif;font-size:14px;line-height:20px;text-align:left;color:#333333;\">\n                            テスト テスト 様<br/>\n                            <br/>\n                            下記ご注文内容にお間違えがないかご確認下さい。<br/>\n                            <br/>\n                            <hr style=\"border-top: 3px double #8c8b8b;\">\n                            　ご請求金額<br/>\n                            <hr style=\"border-top: 3px double #8c8b8b;\">\n                            ご注文日時：2023/07/04 11:41:42<br/>\n                            ご注文番号：124<br/>\n                            お支払い合計：￥420,040<br/>\n                            お支払い方法：銀行振込<br/>\n                                                        ご利用ポイント：0 pt<br/>\n                            加算ポイント：3,812 pt<br/>\n                                                        お問い合わせ：<br/>\n                            <br/>\n                            <hr style=\"border-top: 3px double #8c8b8b;\">\n                            　ご注文商品明細<br/>\n                            <hr style=\"border-top: 3px double #8c8b8b;\">\n                                                                                        商品コード：ああ<br/>\n                                商品名：カシオ CASIO Gショック G-SHOCK クオーツ メンズ 腕時計 GA-100CG-2A ネイビー［逆輸入品］［wimp］[カシオGshokku ]    <br/>\n                                単価：￥209,000<br/>\n                                数量：2<br/>\n                                <br/>\n                                                            商品コード：ああ<br/>\n                                商品名：マカロン    <br/>\n                                単価：￥1,320<br/>\n                                数量：1<br/>\n                                <br/>\n                                                                                    <hr style=\"border-top: 2px dashed #8c8b8b;\">\n                            小　計：￥419,320<br/>\n                            手数料：￥0<br/>\n                            送　料：￥720<br/>\n                                                        <hr style=\"border-top: 1px dotted #8c8b8b;\">\n                            合　計：￥420,040<br/>\n                                                            (10 %対象：￥420,040)<br/>\n                                                                                    <hr style=\"border-top: 1px dotted #8c8b8b;\">\n                            お支払い合計：￥420,040\n                            <br/>\n                            <hr style=\"border-top: 3px double #8c8b8b;\">\n                            ご注文者情報<br/>\n                            <hr style=\"border-top: 3px double #8c8b8b;\">\n                            お名前：テスト テスト 様<br/>\n                            お名前(カナ)：テスト テスト 様<br/>\n                                                        郵便番号：〒6293101<br/>\n                            住所：京都府京丹後市網野町網野123<br/>\n                            電話番号：12312341234<br/>\n                            メールアドレス：ohshita@tspc.co.jp<br/>\n                            <br/>\n                            <hr style=\"border-top: 3px double #8c8b8b;\">\n                            　配送情報<br/>\n                            <hr style=\"border-top: 3px double #8c8b8b;\">\n\n                                                            ◎お届け先<br/>\n                                <br/>\n                                お名前：テスト テスト 様<br/>\n                                お名前(カナ)：テスト テスト 様<br/>\n                                                                郵便番号：〒6293101<br/>\n                                住所：京都府京丹後市網野町網野123<br/>\n                                電話番号：12312341234<br/>\n                                <br/>\n                                配送方法：ヤマト運輸<br/>\n                                お届け日：指定なし<br/>\n                                お届け時間：指定なし<br/>\n                                <br/>\n                                                                    商品コード：ああ<br/>\n                                    商品名：カシオ CASIO Gショック G-SHOCK クオーツ メンズ 腕時計 GA-100CG-2A ネイビー［逆輸入品］［wimp］[カシオGshokku ]    <br/>\n                                    数量：2<br/>\n                                    <br/>\n                                                                    商品コード：ああ<br/>\n                                    商品名：マカロン    <br/>\n                                    数量：1<br/>\n                                    <br/>\n                                                                                                                    <hr style=\"border-top: 2px dotted #8c8b8b;\">\n                            このメッセージはお客様へのお知らせ専用ですので、<br/>\n                            このメッセージへの返信としてご質問をお送りいただいても回答できません。<br/>\n                            ご了承ください。<br/>\n                        </div>\n                    </td>\n                </tr>\n            </table>\n            <!--/600px container -->\n            <br>\n            <br>\n            <table id=\"html-mail-table2\" border=\"0\" width=\"600px\" cellpadding=\"10\" cellspacing=\"0\" class=\"container\" style=\"border-spacing:0;mso-table-lspace:0pt;mso-table-rspace:0pt;\">\n                <tr>\n                    <td class=\"container-padding content footer-text\" align=\"left\" style=\"border-collapse:collapse;font-family:Helvetica, Arial, sans-serif;font-size:12px;line-height:16px;color:#aaaaaa;padding-left:24px;padding-right:24px;padding-top:12px;padding-bottom:12px;background-color:#ffffff;\">\n                        本メールは、THE ALLより送信しております。<br/>\n                        もしお心当たりが無い場合は、その旨 <a href=\"mailto:info@subspire.co.jp\" style=\"text-decoration:none;\">info@subspire.co.jp</a> までご連絡いただければ幸いです。<br/>\n                        <br/>\n                        <div class=\"title\" style=\"font-size:14px;font-family:Helvetica, Arial, sans-serif;font-weight:600;color:#374550;\"><a href=\"https://phpstack-517100-1643419.cloudwaysapps.com/\" style=\"color:#aaaaaa;text-decoration:none;\">THE ALL</a></div>\n                        <div>copyright &copy; THE ALL all rights reserved.</div>\n                    </td>\n                </tr>\n            </table>\n        </td>\n    </tr>\n</table>\n<!--/100% background wrapper-->\n<br>\n<br>\n</body>\n\n</html>\n',	'mailhistory'),
(40,	125,	NULL,	'2023-07-04 02:42:06',	'[THE ALL] ご注文ありがとうございます',	'テスト テスト 様\n\nこの度はご注文いただき誠にありがとうございます。下記ご注文内容にお間違えがないかご確認下さい。\n\n************************************************\n　ご請求金額\n************************************************\n\nご注文日時：2023/07/04 11:42:06\nご注文番号：125\nお支払い合計：￥11,000\nお支払い方法：銀行振込\nご利用ポイント：0 pt\n加算ポイント：100 pt\nお問い合わせ：\n\n\n************************************************\n　ご注文商品明細\n************************************************\n\n商品コード：Ｔ−００１２５\n商品名：タンザナイト テスト用     \n単価：￥11,000\n数量：1\n\n-------------------------------------------------\n小　計：￥11,000\n手数料：￥0\n送　料：￥0\n-------------------------------------------------\n合　計：￥11,000\n        (10 %対象：￥11,000)\n    ============================================\nお支払い合計：￥11,000\n\n************************************************\n　ご注文者情報\n************************************************\nお名前：テスト テスト 様\nお名前(カナ)：テスト テスト 様\n郵便番号：〒6293101\n住所：京都府京丹後市網野町網野123\n電話番号：12312341234\nメールアドレス：ohshita@tspc.co.jp\n\n************************************************\n　配送情報\n************************************************\n\n◎お届け先\nお名前：テスト テスト 様\nお名前(カナ)：テスト テスト 様\n郵便番号：〒6293101\n住所：京都府京丹後市網野町網野123\n電話番号：12312341234\n\n配送方法：日本通運\nお届け日：指定なし\nお届け時間：指定なし\n\n商品コード：Ｔ−００１２５\n商品名：タンザナイト テスト用    \n数量：1\n\n\n\n============================================\n\nこのメッセージはお客様へのお知らせ専用ですので、\nこのメッセージへの返信としてご質問をお送りいただいても回答できません。\nご了承ください。\n',	'<!DOCTYPE html PUBLIC \"-//W3C//DTD HTML 4.01 Transitional//EN\" \"http://www.w3.org/TR/html4/loose.dtd\">\n<html xmlns=\"http://www.w3.org/1999/xhtml\">\n\n<body bgcolor=\"#F0F0F0\" leftmargin=\"0\" topmargin=\"0\" marginwidth=\"0\" marginheight=\"0\" style=\"margin-top:0;margin-bottom:0;margin-right:0;margin-left:0;padding-top:0;padding-bottom:0;padding-right:0;padding-left:0;-ms-text-size-adjust:100%;-webkit-text-size-adjust:100%;\">\n<br>\n<br>\n<div align=\"center\"><a href=\"https://phpstack-517100-1643419.cloudwaysapps.com/\" style=\"font-family:Helvetica, Arial, sans-serif;font-size:30px;color:#333333;text-decoration:none;\">THE ALL</a></div>\n<!-- 100% background wrapper (grey background) -->\n<table border=\"0\" width=\"100%\" height=\"100%\" cellpadding=\"0\" cellspacing=\"0\" bgcolor=\"#F0F0F0\" style=\"border-spacing:0;mso-table-lspace:0pt;mso-table-rspace:0pt;\">\n    <tr>\n        <td align=\"center\" valign=\"top\" bgcolor=\"#F0F0F0\" style=\"background-color:#F0F0F0;border-collapse:collapse;\">\n            <br>\n            <!-- 600px container (white background) -->\n            <table id=\"html-mail-table1\" border=\"0\" width=\"600px\" cellpadding=\"10\" cellspacing=\"0\" class=\"container\" style=\"border-spacing:0;mso-table-lspace:0pt;mso-table-rspace:0pt;\">\n                <tr>\n                    <td class=\"container-padding content\" align=\"left\" style=\"border-collapse:collapse;padding-left:24px;padding-right:24px;padding-top:12px;padding-bottom:12px;background-color:#ffffff;\">\n                        <br>\n                        <div class=\"title\" style=\"font-family:Helvetica, Arial, sans-serif;font-size:14px;line-height:20px;text-align:left;color:#333333;\">この度はご注文いただき誠にありがとうございます。</div>\n                        <br>\n                        <div class=\"body-text\" style=\"font-family:Helvetica, Arial, sans-serif;font-size:14px;line-height:20px;text-align:left;color:#333333;\">\n                            テスト テスト 様<br/>\n                            <br/>\n                            下記ご注文内容にお間違えがないかご確認下さい。<br/>\n                            <br/>\n                            <hr style=\"border-top: 3px double #8c8b8b;\">\n                            　ご請求金額<br/>\n                            <hr style=\"border-top: 3px double #8c8b8b;\">\n                            ご注文日時：2023/07/04 11:42:06<br/>\n                            ご注文番号：125<br/>\n                            お支払い合計：￥11,000<br/>\n                            お支払い方法：銀行振込<br/>\n                                                        ご利用ポイント：0 pt<br/>\n                            加算ポイント：100 pt<br/>\n                                                        お問い合わせ：<br/>\n                            <br/>\n                            <hr style=\"border-top: 3px double #8c8b8b;\">\n                            　ご注文商品明細<br/>\n                            <hr style=\"border-top: 3px double #8c8b8b;\">\n                                                                                        商品コード：Ｔ−００１２５<br/>\n                                商品名：タンザナイト テスト用    <br/>\n                                単価：￥11,000<br/>\n                                数量：1<br/>\n                                <br/>\n                                                                                    <hr style=\"border-top: 2px dashed #8c8b8b;\">\n                            小　計：￥11,000<br/>\n                            手数料：￥0<br/>\n                            送　料：￥0<br/>\n                                                        <hr style=\"border-top: 1px dotted #8c8b8b;\">\n                            合　計：￥11,000<br/>\n                                                            (10 %対象：￥11,000)<br/>\n                                                                                    <hr style=\"border-top: 1px dotted #8c8b8b;\">\n                            お支払い合計：￥11,000\n                            <br/>\n                            <hr style=\"border-top: 3px double #8c8b8b;\">\n                            ご注文者情報<br/>\n                            <hr style=\"border-top: 3px double #8c8b8b;\">\n                            お名前：テスト テスト 様<br/>\n                            お名前(カナ)：テスト テスト 様<br/>\n                                                        郵便番号：〒6293101<br/>\n                            住所：京都府京丹後市網野町網野123<br/>\n                            電話番号：12312341234<br/>\n                            メールアドレス：ohshita@tspc.co.jp<br/>\n                            <br/>\n                            <hr style=\"border-top: 3px double #8c8b8b;\">\n                            　配送情報<br/>\n                            <hr style=\"border-top: 3px double #8c8b8b;\">\n\n                                                            ◎お届け先<br/>\n                                <br/>\n                                お名前：テスト テスト 様<br/>\n                                お名前(カナ)：テスト テスト 様<br/>\n                                                                郵便番号：〒6293101<br/>\n                                住所：京都府京丹後市網野町網野123<br/>\n                                電話番号：12312341234<br/>\n                                <br/>\n                                配送方法：日本通運<br/>\n                                お届け日：指定なし<br/>\n                                お届け時間：指定なし<br/>\n                                <br/>\n                                                                    商品コード：Ｔ−００１２５<br/>\n                                    商品名：タンザナイト テスト用    <br/>\n                                    数量：1<br/>\n                                    <br/>\n                                                                                                                    <hr style=\"border-top: 2px dotted #8c8b8b;\">\n                            このメッセージはお客様へのお知らせ専用ですので、<br/>\n                            このメッセージへの返信としてご質問をお送りいただいても回答できません。<br/>\n                            ご了承ください。<br/>\n                        </div>\n                    </td>\n                </tr>\n            </table>\n            <!--/600px container -->\n            <br>\n            <br>\n            <table id=\"html-mail-table2\" border=\"0\" width=\"600px\" cellpadding=\"10\" cellspacing=\"0\" class=\"container\" style=\"border-spacing:0;mso-table-lspace:0pt;mso-table-rspace:0pt;\">\n                <tr>\n                    <td class=\"container-padding content footer-text\" align=\"left\" style=\"border-collapse:collapse;font-family:Helvetica, Arial, sans-serif;font-size:12px;line-height:16px;color:#aaaaaa;padding-left:24px;padding-right:24px;padding-top:12px;padding-bottom:12px;background-color:#ffffff;\">\n                        本メールは、THE ALLより送信しております。<br/>\n                        もしお心当たりが無い場合は、その旨 <a href=\"mailto:info@subspire.co.jp\" style=\"text-decoration:none;\">info@subspire.co.jp</a> までご連絡いただければ幸いです。<br/>\n                        <br/>\n                        <div class=\"title\" style=\"font-size:14px;font-family:Helvetica, Arial, sans-serif;font-weight:600;color:#374550;\"><a href=\"https://phpstack-517100-1643419.cloudwaysapps.com/\" style=\"color:#aaaaaa;text-decoration:none;\">THE ALL</a></div>\n                        <div>copyright &copy; THE ALL all rights reserved.</div>\n                    </td>\n                </tr>\n            </table>\n        </td>\n    </tr>\n</table>\n<!--/100% background wrapper-->\n<br>\n<br>\n</body>\n\n</html>\n',	'mailhistory'),
(41,	124,	1,	'2023-07-04 02:44:09',	'[THE ALL] 商品出荷のお知らせ',	'テスト テスト 様\n\nお客さまがご注文された以下の商品を発送いたしました。商品の到着まで、今しばらくお待ちください。\n\n\n************************************************\n　ご注文商品明細\n************************************************\n\n商品コード：ああ\n商品名：カシオ CASIO Gショック G-SHOCK クオーツ メンズ 腕時計 GA-100CG-2A ネイビー［逆輸入品］［wimp］[カシオGshokku ]    \n数量：2\n\n商品コード：ああ\n商品名：マカロン    \n数量：1\n\n\n============================================\n\n************************************************\n　ご注文者情報\n************************************************\nお名前：テスト テスト 様\nお名前(カナ)：テスト テスト 様\n郵便番号：〒6293101\n住所：京都府京丹後市網野町網野123\n電話番号：12312341234\n\n************************************************\n　配送情報\n************************************************\n\nお名前：テスト テスト 様\nお名前(カナ)：テスト テスト 様\n郵便番号：〒6293101\n住所：京都府京丹後市網野町網野123\n電話番号：12312341234\n\nお届け日：指定なし\nお届け時間：指定なし\n',	'<!DOCTYPE html PUBLIC \"-//W3C//DTD HTML 4.01 Transitional//EN\" \"http://www.w3.org/TR/html4/loose.dtd\">\n<html xmlns=\"http://www.w3.org/1999/xhtml\">\n\n<body bgcolor=\"#F0F0F0\" leftmargin=\"0\" topmargin=\"0\" marginwidth=\"0\" marginheight=\"0\" style=\"margin-top:0;margin-bottom:0;margin-right:0;margin-left:0;padding-top:0;padding-bottom:0;padding-right:0;padding-left:0;-ms-text-size-adjust:100%;-webkit-text-size-adjust:100%;\">\n<br>\n<br>\n<div align=\"center\"><a href=\"https://phpstack-517100-1643419.cloudwaysapps.com/\" style=\"font-family:Helvetica, Arial, sans-serif;font-size:30px;color:#333333;text-decoration:none;\">THE ALL</a></div>\n<!-- 100% background wrapper (grey background) -->\n<table border=\"0\" width=\"100%\" height=\"100%\" cellpadding=\"0\" cellspacing=\"0\" bgcolor=\"#F0F0F0\" style=\"border-spacing:0;mso-table-lspace:0pt;mso-table-rspace:0pt;\">\n    <tr>\n        <td align=\"center\" valign=\"top\" bgcolor=\"#F0F0F0\" style=\"background-color:#F0F0F0;border-collapse:collapse;\">\n            <br>\n            <!-- 600px container (white background) -->\n            <table id=\"html-mail-table1\" border=\"0\" width=\"600px\" cellpadding=\"10\" cellspacing=\"0\" class=\"container\" style=\"border-spacing:0;mso-table-lspace:0pt;mso-table-rspace:0pt;\">\n                <tr>\n                    <td class=\"container-padding content\" align=\"left\" style=\"border-collapse:collapse;padding-left:24px;padding-right:24px;padding-top:12px;padding-bottom:12px;background-color:#ffffff;\">\n                        <br>\n                        <div class=\"title\" style=\"font-family:Helvetica, Arial, sans-serif;font-size:18px;font-weight:600;color:#374550;\">商品を発送いたしました。</div>\n                        <br>\n                        <div class=\"body-text\" style=\"font-family:Helvetica, Arial, sans-serif;font-size:14px;line-height:20px;text-align:left;color:#333333;\">\n                            テスト テスト 様<br>\n                            <br>\n                            THE ALLでございます。<br/>\n                            お客さまがご注文された以下の商品を発送いたしました。商品の到着まで、今しばらくお待ちください。<br/>\n                            <br/>\n                                                        <hr style=\"border-top: 3px double #8c8b8b;\">\n                            　ご注文商品明細<br/>\n                            <hr style=\"border-top: 3px double #8c8b8b;\">\n                                                            商品コード：ああ<br/>\n                                商品名：カシオ CASIO Gショック G-SHOCK クオーツ メンズ 腕時計 GA-100CG-2A ネイビー［逆輸入品］［wimp］[カシオGshokku ]    <br/>\n                                数量：2<br/>\n                                <br/>\n                                                            商品コード：ああ<br/>\n                                商品名：マカロン    <br/>\n                                数量：1<br/>\n                                <br/>\n                                                        <hr style=\"border-top: 3px double #8c8b8b;\">\n                            　ご注文者情報<br/>\n                            <hr style=\"border-top: 3px double #8c8b8b;\">\n                            お名前：テスト テスト 様<br/>\n                            お名前(カナ)：テスト テスト 様<br/>\n                                                        郵便番号：〒6293101<br/>\n                            住所：京都府京丹後市網野町網野123<br/>\n                            電話番号：12312341234<br/>\n                            <br/>\n                            <hr style=\"border-top: 3px double #8c8b8b;\">\n                            　配送情報<br/>\n                            <hr style=\"border-top: 3px double #8c8b8b;\">\n                            お名前：テスト テスト 様<br/>\n                            お名前(カナ)：テスト テスト 様<br/>\n                                                        郵便番号：〒6293101<br/>\n                            住所：京都府京丹後市網野町網野123<br/>\n                            電話番号：12312341234<br/>\n                            <br/>\n                            お届け日：指定なし<br/>\n                            お届け時間：指定なし<br/>\n                            <br/>\n                        </div>\n                    </td>\n                </tr>\n            </table>\n            <!--/600px container -->\n            <br>\n            <br>\n            <table id=\"html-mail-table2\" border=\"0\" width=\"600px\" cellpadding=\"10\" cellspacing=\"0\" class=\"container\" style=\"border-spacing:0;mso-table-lspace:0pt;mso-table-rspace:0pt;\">\n                <tr>\n                    <td class=\"container-padding content footer-text\" align=\"left\" style=\"border-collapse:collapse;font-family:Helvetica, Arial, sans-serif;font-size:12px;line-height:16px;color:#aaaaaa;padding-left:24px;padding-right:24px;padding-top:12px;padding-bottom:12px;background-color:#ffffff;\">\n                        本メールは、THE ALLより送信しております。<br/>\n                        もしお心当たりが無い場合は、その旨 <a href=\"mailto:info@subspire.co.jp\" style=\"text-decoration:none;\">info@subspire.co.jp</a> までご連絡いただければ幸いです。<br/>\n                        <br/>\n                        <div class=\"title\" style=\"font-size:14px;font-family:Helvetica, Arial, sans-serif;font-weight:600;color:#374550;\"><a href=\"https://phpstack-517100-1643419.cloudwaysapps.com/\" style=\"color:#aaaaaa;text-decoration:none;\">THE ALL</a></div>\n                        <div>copyright &copy; THE ALL all rights reserved.</div>\n                    </td>\n                </tr>\n            </table>\n        </td>\n    </tr>\n</table>\n<!--/100% background wrapper-->\n<br>\n<br>\n</body>\n\n</html>\n\n',	'mailhistory'),
(42,	125,	1,	'2023-07-04 02:44:33',	'[THE ALL] 商品出荷のお知らせ',	'テスト テスト 様\n\nお客さまがご注文された以下の商品を発送いたしました。商品の到着まで、今しばらくお待ちください。\n\n\n************************************************\n　ご注文商品明細\n************************************************\n\n商品コード：Ｔ−００１２５\n商品名：タンザナイト テスト用    \n数量：1\n\n\n============================================\n\n************************************************\n　ご注文者情報\n************************************************\nお名前：テスト テスト 様\nお名前(カナ)：テスト テスト 様\n郵便番号：〒6293101\n住所：京都府京丹後市網野町網野123\n電話番号：12312341234\n\n************************************************\n　配送情報\n************************************************\n\nお名前：テスト テスト 様\nお名前(カナ)：テスト テスト 様\n郵便番号：〒6293101\n住所：京都府京丹後市網野町網野123\n電話番号：12312341234\n\nお届け日：指定なし\nお届け時間：指定なし\n',	'<!DOCTYPE html PUBLIC \"-//W3C//DTD HTML 4.01 Transitional//EN\" \"http://www.w3.org/TR/html4/loose.dtd\">\n<html xmlns=\"http://www.w3.org/1999/xhtml\">\n\n<body bgcolor=\"#F0F0F0\" leftmargin=\"0\" topmargin=\"0\" marginwidth=\"0\" marginheight=\"0\" style=\"margin-top:0;margin-bottom:0;margin-right:0;margin-left:0;padding-top:0;padding-bottom:0;padding-right:0;padding-left:0;-ms-text-size-adjust:100%;-webkit-text-size-adjust:100%;\">\n<br>\n<br>\n<div align=\"center\"><a href=\"https://phpstack-517100-1643419.cloudwaysapps.com/\" style=\"font-family:Helvetica, Arial, sans-serif;font-size:30px;color:#333333;text-decoration:none;\">THE ALL</a></div>\n<!-- 100% background wrapper (grey background) -->\n<table border=\"0\" width=\"100%\" height=\"100%\" cellpadding=\"0\" cellspacing=\"0\" bgcolor=\"#F0F0F0\" style=\"border-spacing:0;mso-table-lspace:0pt;mso-table-rspace:0pt;\">\n    <tr>\n        <td align=\"center\" valign=\"top\" bgcolor=\"#F0F0F0\" style=\"background-color:#F0F0F0;border-collapse:collapse;\">\n            <br>\n            <!-- 600px container (white background) -->\n            <table id=\"html-mail-table1\" border=\"0\" width=\"600px\" cellpadding=\"10\" cellspacing=\"0\" class=\"container\" style=\"border-spacing:0;mso-table-lspace:0pt;mso-table-rspace:0pt;\">\n                <tr>\n                    <td class=\"container-padding content\" align=\"left\" style=\"border-collapse:collapse;padding-left:24px;padding-right:24px;padding-top:12px;padding-bottom:12px;background-color:#ffffff;\">\n                        <br>\n                        <div class=\"title\" style=\"font-family:Helvetica, Arial, sans-serif;font-size:18px;font-weight:600;color:#374550;\">商品を発送いたしました。</div>\n                        <br>\n                        <div class=\"body-text\" style=\"font-family:Helvetica, Arial, sans-serif;font-size:14px;line-height:20px;text-align:left;color:#333333;\">\n                            テスト テスト 様<br>\n                            <br>\n                            THE ALLでございます。<br/>\n                            お客さまがご注文された以下の商品を発送いたしました。商品の到着まで、今しばらくお待ちください。<br/>\n                            <br/>\n                                                        <hr style=\"border-top: 3px double #8c8b8b;\">\n                            　ご注文商品明細<br/>\n                            <hr style=\"border-top: 3px double #8c8b8b;\">\n                                                            商品コード：Ｔ−００１２５<br/>\n                                商品名：タンザナイト テスト用    <br/>\n                                数量：1<br/>\n                                <br/>\n                                                        <hr style=\"border-top: 3px double #8c8b8b;\">\n                            　ご注文者情報<br/>\n                            <hr style=\"border-top: 3px double #8c8b8b;\">\n                            お名前：テスト テスト 様<br/>\n                            お名前(カナ)：テスト テスト 様<br/>\n                                                        郵便番号：〒6293101<br/>\n                            住所：京都府京丹後市網野町網野123<br/>\n                            電話番号：12312341234<br/>\n                            <br/>\n                            <hr style=\"border-top: 3px double #8c8b8b;\">\n                            　配送情報<br/>\n                            <hr style=\"border-top: 3px double #8c8b8b;\">\n                            お名前：テスト テスト 様<br/>\n                            お名前(カナ)：テスト テスト 様<br/>\n                                                        郵便番号：〒6293101<br/>\n                            住所：京都府京丹後市網野町網野123<br/>\n                            電話番号：12312341234<br/>\n                            <br/>\n                            お届け日：指定なし<br/>\n                            お届け時間：指定なし<br/>\n                            <br/>\n                        </div>\n                    </td>\n                </tr>\n            </table>\n            <!--/600px container -->\n            <br>\n            <br>\n            <table id=\"html-mail-table2\" border=\"0\" width=\"600px\" cellpadding=\"10\" cellspacing=\"0\" class=\"container\" style=\"border-spacing:0;mso-table-lspace:0pt;mso-table-rspace:0pt;\">\n                <tr>\n                    <td class=\"container-padding content footer-text\" align=\"left\" style=\"border-collapse:collapse;font-family:Helvetica, Arial, sans-serif;font-size:12px;line-height:16px;color:#aaaaaa;padding-left:24px;padding-right:24px;padding-top:12px;padding-bottom:12px;background-color:#ffffff;\">\n                        本メールは、THE ALLより送信しております。<br/>\n                        もしお心当たりが無い場合は、その旨 <a href=\"mailto:info@subspire.co.jp\" style=\"text-decoration:none;\">info@subspire.co.jp</a> までご連絡いただければ幸いです。<br/>\n                        <br/>\n                        <div class=\"title\" style=\"font-size:14px;font-family:Helvetica, Arial, sans-serif;font-weight:600;color:#374550;\"><a href=\"https://phpstack-517100-1643419.cloudwaysapps.com/\" style=\"color:#aaaaaa;text-decoration:none;\">THE ALL</a></div>\n                        <div>copyright &copy; THE ALL all rights reserved.</div>\n                    </td>\n                </tr>\n            </table>\n        </td>\n    </tr>\n</table>\n<!--/100% background wrapper-->\n<br>\n<br>\n</body>\n\n</html>\n\n',	'mailhistory');

DROP TABLE IF EXISTS `dtb_mail_template`;
CREATE TABLE `dtb_mail_template` (
  `id` int(10) unsigned NOT NULL AUTO_INCREMENT,
  `creator_id` int(10) unsigned DEFAULT NULL,
  `name` varchar(255) DEFAULT NULL,
  `file_name` varchar(255) DEFAULT NULL,
  `mail_subject` varchar(255) DEFAULT NULL,
  `create_date` datetime NOT NULL COMMENT '(DC2Type:datetimetz)',
  `update_date` datetime NOT NULL COMMENT '(DC2Type:datetimetz)',
  `discriminator_type` varchar(255) NOT NULL,
  PRIMARY KEY (`id`),
  KEY `IDX_1CB16DB261220EA6` (`creator_id`),
  CONSTRAINT `FK_1CB16DB261220EA6` FOREIGN KEY (`creator_id`) REFERENCES `dtb_member` (`id`)
) ENGINE=InnoDB DEFAULT CHARSET=utf8;

INSERT INTO `dtb_mail_template` (`id`, `creator_id`, `name`, `file_name`, `mail_subject`, `create_date`, `update_date`, `discriminator_type`) VALUES
(1,	NULL,	'注文受付メール',	'Mail/order.twig',	'ご注文ありがとうございます',	'2017-03-07 10:14:52',	'2017-03-07 10:14:52',	'mailtemplate'),
(2,	NULL,	'会員仮登録メール',	'Mail/entry_confirm.twig',	'会員登録のご確認',	'2017-03-07 10:14:52',	'2017-03-07 10:14:52',	'mailtemplate'),
(3,	NULL,	'会員本登録メール',	'Mail/entry_complete.twig',	'会員登録が完了しました。',	'2017-03-07 10:14:52',	'2017-03-07 10:14:52',	'mailtemplate'),
(4,	NULL,	'会員退会メール',	'Mail/customer_withdraw_mail.twig',	'退会手続きのご完了',	'2017-03-07 10:14:52',	'2017-03-07 10:14:52',	'mailtemplate'),
(5,	NULL,	'問合受付メール',	'Mail/contact_mail.twig',	'お問い合わせを受け付けました。',	'2017-03-07 10:14:52',	'2017-03-07 10:14:52',	'mailtemplate'),
(6,	NULL,	'パスワードリセット',	'Mail/forgot_mail.twig',	'パスワード変更のご確認',	'2017-03-07 10:14:52',	'2017-03-07 10:14:52',	'mailtemplate'),
(7,	NULL,	'パスワードリマインダー',	'Mail/reset_complete_mail.twig',	'パスワード変更のお知らせ',	'2017-03-07 10:14:52',	'2017-03-07 10:14:52',	'mailtemplate'),
(8,	NULL,	'出荷通知メール',	'Mail/shipping_notify.twig',	'商品出荷のお知らせ',	'2017-03-07 10:14:52',	'2017-03-07 10:14:52',	'mailtemplate'),
(9,	1,	'Shop created',	'Mail/shop_created.twig',	'ショップが作成されました',	'2021-02-26 03:56:48',	'2022-01-17 14:04:41',	'mailtemplate'),
(10,	1,	'Applicant created',	'Mail/applicant_created.twig',	'申し込みが承認されました',	'2021-05-05 07:33:05',	'2022-01-17 14:04:59',	'mailtemplate'),
(11,	1,	'Applicant Holded',	'Mail/applicant_on_hold.twig',	'申し込みが保留になりました',	'2021-05-05 07:33:05',	'2022-01-17 14:05:06',	'mailtemplate'),
(12,	1,	'Application registered',	'Mail/application_registered.twig',	'申し込みが登録されました',	'0000-00-00 00:00:00',	'2022-01-17 14:05:15',	'mailtemplate');

DROP TABLE IF EXISTS `dtb_member`;
CREATE TABLE `dtb_member` (
  `id` int(10) unsigned NOT NULL AUTO_INCREMENT,
  `work_id` smallint(5) unsigned DEFAULT NULL,
  `authority_id` smallint(5) unsigned DEFAULT NULL,
  `creator_id` int(10) unsigned DEFAULT NULL,
  `shop_id` int(10) unsigned DEFAULT NULL,
  `name` varchar(255) DEFAULT NULL,
  `department` varchar(255) DEFAULT NULL,
  `login_id` varchar(255) NOT NULL,
  `password` varchar(255) NOT NULL,
  `salt` varchar(255) DEFAULT NULL,
  `sort_no` smallint(5) unsigned NOT NULL,
  `create_date` datetime NOT NULL COMMENT '(DC2Type:datetimetz)',
  `update_date` datetime NOT NULL COMMENT '(DC2Type:datetimetz)',
  `login_date` datetime DEFAULT NULL COMMENT '(DC2Type:datetimetz)',
  `discriminator_type` varchar(255) NOT NULL,
  `apply_id` int(10) unsigned DEFAULT NULL,
  PRIMARY KEY (`id`),
  KEY `IDX_10BC3BE6BB3453DB` (`work_id`),
  KEY `IDX_10BC3BE681EC865B` (`authority_id`),
  KEY `IDX_10BC3BE661220EA6` (`creator_id`),
  KEY `IDX_10BC3BE64D16C4DD` (`shop_id`),
  KEY `IDX_10BC3BE64DDCCBDE` (`apply_id`),
  CONSTRAINT `FK_10BC3BE64D16C4DD` FOREIGN KEY (`shop_id`) REFERENCES `cmd_shop` (`id`),
  CONSTRAINT `FK_10BC3BE64DDCCBDE` FOREIGN KEY (`apply_id`) REFERENCES `cmd_apply` (`id`),
  CONSTRAINT `FK_10BC3BE661220EA6` FOREIGN KEY (`creator_id`) REFERENCES `dtb_member` (`id`),
  CONSTRAINT `FK_10BC3BE681EC865B` FOREIGN KEY (`authority_id`) REFERENCES `mtb_authority` (`id`),
  CONSTRAINT `FK_10BC3BE6BB3453DB` FOREIGN KEY (`work_id`) REFERENCES `mtb_work` (`id`)
) ENGINE=InnoDB DEFAULT CHARSET=utf8;

INSERT INTO `dtb_member` (`id`, `work_id`, `authority_id`, `creator_id`, `shop_id`, `name`, `department`, `login_id`, `password`, `salt`, `sort_no`, `create_date`, `update_date`, `login_date`, `discriminator_type`, `apply_id`) VALUES
(1,	1,	0,	1,	NULL,	'管理者',	'THE ALL',	'admin',	'ef2adfc1c2755a65cc01209c4a89b768df4e6fd3089a4b6261e5b0250d23b629',	'nOXy5xTJVhCuKiNfCavFEXBpZLeBsgZ8',	1,	'2021-02-11 11:43:31',	'2023-07-18 06:22:05',	'2023-07-18 06:22:05',	'member',	NULL),
(3,	1,	2,	3,	19,	'test',	'test',	'riley',	'3737c05c2149335df5fba9d3de24395a2b4db8cde57655777b90e6475f98ed4f',	'c3cd3dcdcf',	6,	'2021-02-11 14:40:15',	'2023-05-13 07:57:43',	'2023-05-13 07:57:43',	'member',	NULL),
(4,	1,	2,	1,	20,	'げほげほ',	'所属所属',	'tanabe',	'038ee06df276a9910b2392e28278eb79b97c0a418bb0b6d56c8629f1c84e4dfa',	'6716ea05c9',	3,	'2021-02-14 13:38:42',	'2021-06-23 05:36:42',	NULL,	'member',	NULL),
(5,	1,	2,	1,	21,	'owner1',	'所属所属',	'owner1',	'f9ea8b4831d581947e0ee7cc4cb726522ddabb8b080c85d4a5874014a927b617',	'7922d6596e',	5,	'2021-02-15 05:47:34',	'2022-03-30 05:53:20',	'2021-11-28 18:51:29',	'member',	NULL),
(6,	1,	2,	6,	22,	'ジュエリー匠　テストモード',	'所属とは',	'murakami',	'2c18d3d8183458902dfe23a658e5cc2f82f0a249f3bb69fdc301929eb6bb830b',	'6033f23ce4',	7,	'2021-02-16 00:12:21',	'2023-06-22 00:04:32',	'2023-06-22 00:04:32',	'member',	NULL),
(7,	1,	2,	1,	24,	'ジュエリー山田',	'ジュエリー山田',	'yamada',	'5158fe00cd024432a646ee4fdf8a891537b21dfa7dca64ddd456a6226abd796c',	'5b68cb09b5',	4,	'2021-02-17 01:28:28',	'2022-03-30 05:53:20',	'2022-02-08 05:47:14',	'member',	NULL),
(8,	1,	2,	8,	23,	'ジュエリー村上',	'murakami',	'murakami2',	'6bbad6d39e24bacd8d350ab32362453a3cb6fc9a9356e13de0ccda91ea5fcc90',	'77889cbe84',	8,	'2021-02-27 13:42:39',	'2023-05-17 05:47:13',	'2023-05-17 05:47:13',	'member',	NULL),
(9,	1,	2,	1,	35,	'佐藤はな子',	'和菓匠',	'sato_hanako',	'200ac8bbb6c648264d41641bec78ff1f5c793215b136d51f07806f6e0dbb5402',	'0f4188436e',	9,	'2021-03-17 06:41:13',	'2021-03-19 07:43:35',	NULL,	'member',	NULL),
(13,	1,	2,	13,	24,	'ジュエリー山田　担当者',	'担当',	'yamada10',	'ca4416e5f648d7093311d7c44bcafb5fc003c55163264f0c0d40f9bc0d49f164',	'1559f3bbbf',	10,	'2021-04-06 04:39:23',	'2021-07-16 07:06:00',	'2021-07-16 07:06:00',	'member',	NULL),
(14,	1,	3,	14,	NULL,	'名前',	'アーキテクトラボ',	'test2',	'43a38a4c7b5b5a56ad795d26a3c18d15459087c0f5ed5e55fe6283f3967a7ab0',	'09989a9e9f',	11,	'2021-05-05 12:21:30',	'2021-05-14 05:16:53',	'2021-05-14 05:16:53',	'member',	1),
(15,	1,	2,	15,	36,	'ライリー',	'株式会社サブスパイア',	'rileyshop',	'ed3bbe01dcfd7de1ee6230305b9c592ede9e7d3cbc045819a48710b6427ff9ef',	'88d8a752a6',	12,	'2021-05-12 01:15:09',	'2022-01-18 03:19:06',	'2022-01-18 03:19:06',	'member',	2),
(16,	1,	3,	1,	NULL,	'大下克己',	'TSPC株式会社',	'izushi-negi',	'75833ece2491f029720ceb6e232f6bd3f61e715b8d99b1ae62e6a5de0a475412',	'2cf403833f',	13,	'2021-05-24 06:50:22',	'2021-06-23 05:36:35',	NULL,	'member',	3),
(17,	1,	2,	1,	37,	'山本',	'テスト会社',	'yamamoto',	'9e7b04d1aad9667664c42a648eefc8c67186ac4d2c5e070dac0cfa1a10d33061',	'b47730d90c',	14,	'2021-05-25 02:04:41',	'2021-06-23 05:36:33',	'2021-05-25 05:58:50',	'member',	4),
(18,	1,	2,	1,	38,	'てすと２',	'TSPC株式会社',	'yamamoto3',	'6abd42d58735ebd843394cdf7467aea2474c763ae9703d435a77f51357a1f57c',	'5a1b39ace4',	16,	'2021-05-25 06:45:06',	'2021-11-26 09:40:44',	'2021-06-01 06:28:23',	'member',	5),
(19,	1,	2,	1,	39,	'テスト名',	'テスト１',	'theall_test1',	'5be472b920e478a3edbc25c7457238da4a96d8d4e688e18b6754097b3d972669',	'08ad141e5a',	15,	'2021-05-26 00:34:02',	'2021-11-26 09:40:44',	'2021-05-26 00:36:41',	'member',	6),
(20,	1,	2,	20,	40,	'小川',	'Veggie de ＋',	'yamada4162',	'0047df9bada9d5c9ef4b75b6695b3cb4dfa7ab63ec01823f6dc7e82ffa198019',	'9e49cd7c0c',	17,	'2021-12-13 06:45:34',	'2022-02-24 04:57:12',	'2022-02-24 04:57:12',	'member',	35),
(22,	1,	2,	22,	41,	'鈴木 一郎',	'合資会社モノジロウ',	'monojiro1',	'e4d730080571f91fbab89c650da486d65b23147e64d77498efe9d74b7b431fe3',	'5cb70572a3',	18,	'2022-03-07 05:40:04',	'2022-03-30 08:08:47',	'2022-03-30 08:08:47',	'member',	37),
(23,	1,	2,	23,	42,	'西郷　真央',	'有限会社　西郷',	'saigou',	'23633a35dbce5d785d99ee9835846b03555e6ce0d3c5130b63854b7bc7974085',	'b1cb6b6f6b',	19,	'2022-03-08 02:38:35',	'2023-06-28 02:12:16',	'2023-06-28 02:12:16',	'member',	39),
(24,	1,	2,	24,	43,	'test1123',	'aaaa',	'test1123',	'097c86a03e36c9653c2be601d2d016ef79744dfffc0c43c49fdc29ee4d22a7be',	'7e4dd72663',	20,	'2022-03-30 06:16:34',	'2022-04-01 01:12:54',	'2022-04-01 01:12:54',	'member',	NULL),
(25,	1,	2,	25,	44,	'youhei123',	'kaisya',	'youhei331',	'1500b2a63a02e4883f35128aec85ffdc294cf5b9ffc2220c917511d76c864ccf',	'e0907f7aab',	21,	'2022-03-30 06:59:43',	'2023-06-26 01:58:11',	'2023-06-26 01:58:11',	'member',	40),
(35,	1,	3,	1,	NULL,	'youhei1231test1',	'kaisya2',	'youhei_test1',	'5f40c24182b5d41049c06e28397dc1d0381492b9c981e6800139d12a3f65a513',	'6cbce2a08b',	22,	'2022-04-01 06:32:51',	'2022-04-01 06:32:51',	NULL,	'member',	52),
(37,	1,	2,	1,	43,	'aaaa',	'kaisya',	'test11',	'7a54e5dffb13d644aaeec74869680d0471044f1e1ee497a9f9bb3b6e6b3c0744',	'75b38f0407',	23,	'2022-04-01 06:41:40',	'2022-04-01 06:44:24',	'2022-04-01 06:41:53',	'member',	NULL),
(38,	1,	3,	1,	NULL,	'youhei1231test1',	'kaisya2',	'youhei_test12',	'f5988d1a25df3885eb6eea33f5e0cbed004bc552659cdd1c1499854d98798c9a',	'9329742fbe',	24,	'2022-04-01 07:37:23',	'2022-04-01 07:37:23',	NULL,	'member',	50),
(39,	1,	2,	39,	45,	'test1',	'kaisya3',	'test111',	'd1a600bf6be0e5bef51000c9668c3bfbb7d25a64e7990ce90ba6b7d8af7803d2',	'403145c37c',	25,	'2022-04-01 07:39:20',	'2022-04-01 07:48:39',	'2022-04-01 07:39:45',	'member',	53),
(41,	1,	2,	41,	46,	'youhei1231test',	'kaisya',	'youhei_test11',	'6114e3fa05622ec9caa05ac39af8a80809f0f705592facc76d860798f8e8e994',	'7a20e63731',	26,	'2022-04-05 06:57:05',	'2022-04-05 07:18:53',	'2022-04-05 07:18:53',	'member',	48),
(42,	1,	2,	42,	47,	'上島龍平',	'uesima.co.',	'the_all_test_4',	'b26f2e7c6ddb80495c71c77eac3d6a352f09f333f3703d7c2bc0f123b92225b5',	'f951e988f0',	27,	'2022-05-12 05:15:39',	'2022-05-12 05:29:19',	'2022-05-12 05:29:19',	'member',	54),
(43,	1,	3,	1,	NULL,	'西村優奈',	'ええでごるふ',	'golf6',	'943b80901f2fd14b42a41bbba6f1b3a86a9d0c4ba13c5647c2dfe5a7db158160',	'540dab2751',	28,	'2022-05-13 01:57:46',	'2022-05-13 01:57:46',	NULL,	'member',	56),
(44,	1,	2,	44,	NULL,	'izushテスト',	'メンバー管理テスト',	'izushi01',	'0e9d403ab4d765b6ac9360217a93d04fcd5c49220690beb7067ee2579c31a36f',	'577571e132',	29,	'2023-06-22 01:17:47',	'2023-06-22 01:32:57',	'2023-06-22 01:32:57',	'member',	NULL),
(45,	1,	2,	45,	48,	'テスト５',	'test five',	'testfive',	'5e9aa1a3ee708a9ce0a1c62253d6fbe0cecc1fb6fb86005d0146448cf87044e0',	'ff19ca187e',	30,	'2023-06-27 13:41:19',	'2023-06-27 13:46:26',	'2023-06-27 13:42:38',	'member',	58),
(46,	1,	2,	46,	49,	'山下　美憂',	'スリクソン株式会社',	'srixon',	'e73af08d83978e102727aa08bc3b252e8840f42a7b99a23b6ccecf591a41dbc4',	'187b76968e',	31,	'2023-07-04 05:18:09',	'2023-07-04 05:34:41',	'2023-07-04 05:34:41',	'member',	59),
(47,	0,	2,	1,	NULL,	'スリクソン担当者',	'入力担当',	'srixon-1',	'1b78c2dd3365dbb2a085aad84026827cbf2c80c792a4111708dc816d1f266344',	'46327bf884',	32,	'2023-07-04 05:40:28',	'2023-07-04 05:40:28',	NULL,	'member',	NULL);

DROP TABLE IF EXISTS `dtb_news`;
CREATE TABLE `dtb_news` (
  `id` int(10) unsigned NOT NULL AUTO_INCREMENT,
  `creator_id` int(10) unsigned DEFAULT NULL,
  `publish_date` datetime DEFAULT NULL COMMENT '(DC2Type:datetimetz)',
  `title` varchar(255) NOT NULL,
  `description` longtext DEFAULT NULL,
  `url` varchar(4000) DEFAULT NULL,
  `link_method` tinyint(1) NOT NULL DEFAULT 0,
  `create_date` datetime NOT NULL COMMENT '(DC2Type:datetimetz)',
  `update_date` datetime NOT NULL COMMENT '(DC2Type:datetimetz)',
  `visible` tinyint(1) NOT NULL DEFAULT 1,
  `discriminator_type` varchar(255) NOT NULL,
  PRIMARY KEY (`id`),
  KEY `IDX_EA4C351761220EA6` (`creator_id`),
  CONSTRAINT `FK_EA4C351761220EA6` FOREIGN KEY (`creator_id`) REFERENCES `dtb_member` (`id`)
) ENGINE=InnoDB DEFAULT CHARSET=utf8;

INSERT INTO `dtb_news` (`id`, `creator_id`, `publish_date`, `title`, `description`, `url`, `link_method`, `create_date`, `update_date`, `visible`, `discriminator_type`) VALUES
(1,	1,	'2018-09-01 09:00:00',	'サイトオープンいたしました!',	'旬の色どりスイーツとこだわりのジェラートをお届けします。',	NULL,	0,	'2018-09-01 09:00:00',	'2021-06-01 05:10:38',	1,	'news');

DROP TABLE IF EXISTS `dtb_order`;
CREATE TABLE `dtb_order` (
  `id` int(10) unsigned NOT NULL AUTO_INCREMENT,
  `customer_id` int(10) unsigned DEFAULT NULL,
  `country_id` smallint(5) unsigned DEFAULT NULL,
  `pref_id` smallint(5) unsigned DEFAULT NULL,
  `sex_id` smallint(5) unsigned DEFAULT NULL,
  `job_id` smallint(5) unsigned DEFAULT NULL,
  `payment_id` int(10) unsigned DEFAULT NULL,
  `device_type_id` smallint(5) unsigned DEFAULT NULL,
  `shop_id` int(10) unsigned DEFAULT NULL,
  `pre_order_id` varchar(255) DEFAULT NULL,
  `order_no` varchar(255) DEFAULT NULL,
  `message` varchar(4000) DEFAULT NULL,
  `name01` varchar(255) NOT NULL,
  `name02` varchar(255) NOT NULL,
  `kana01` varchar(255) DEFAULT NULL,
  `kana02` varchar(255) DEFAULT NULL,
  `company_name` varchar(255) DEFAULT NULL,
  `email` varchar(255) DEFAULT NULL,
  `phone_number` varchar(14) DEFAULT NULL,
  `postal_code` varchar(8) DEFAULT NULL,
  `addr01` varchar(255) DEFAULT NULL,
  `addr02` varchar(255) DEFAULT NULL,
  `birth` datetime DEFAULT NULL COMMENT '(DC2Type:datetimetz)',
  `subtotal` decimal(12,2) unsigned NOT NULL DEFAULT 0.00,
  `discount` decimal(12,2) unsigned NOT NULL DEFAULT 0.00,
  `delivery_fee_total` decimal(12,2) unsigned NOT NULL DEFAULT 0.00,
  `charge` decimal(12,2) unsigned NOT NULL DEFAULT 0.00,
  `tax` decimal(12,2) unsigned NOT NULL DEFAULT 0.00,
  `total` decimal(12,2) unsigned NOT NULL DEFAULT 0.00,
  `payment_total` decimal(12,2) unsigned NOT NULL DEFAULT 0.00,
  `payment_method` varchar(255) DEFAULT NULL,
  `note` varchar(4000) DEFAULT NULL,
  `create_date` datetime NOT NULL COMMENT '(DC2Type:datetimetz)',
  `update_date` datetime NOT NULL COMMENT '(DC2Type:datetimetz)',
  `order_date` datetime DEFAULT NULL COMMENT '(DC2Type:datetimetz)',
  `payment_date` datetime DEFAULT NULL COMMENT '(DC2Type:datetimetz)',
  `currency_code` varchar(255) DEFAULT NULL,
  `complete_message` longtext DEFAULT NULL,
  `complete_mail_message` longtext DEFAULT NULL,
  `add_point` decimal(12,0) unsigned NOT NULL DEFAULT 0,
  `use_point` decimal(12,0) unsigned NOT NULL DEFAULT 0,
  `order_status_id` smallint(5) unsigned DEFAULT NULL,
  `discriminator_type` varchar(255) NOT NULL,
  `customer_rank_id` int(11) DEFAULT NULL,
  `customer_rank_name` varchar(255) DEFAULT NULL,
  PRIMARY KEY (`id`),
  UNIQUE KEY `dtb_order_pre_order_id_idx` (`pre_order_id`),
  KEY `IDX_1D66D8079395C3F3` (`customer_id`),
  KEY `IDX_1D66D807F92F3E70` (`country_id`),
  KEY `IDX_1D66D807E171EF5F` (`pref_id`),
  KEY `IDX_1D66D8075A2DB2A0` (`sex_id`),
  KEY `IDX_1D66D807BE04EA9` (`job_id`),
  KEY `IDX_1D66D8074C3A3BB` (`payment_id`),
  KEY `IDX_1D66D8074FFA550E` (`device_type_id`),
  KEY `IDX_1D66D807D7707B45` (`order_status_id`),
  KEY `IDX_1D66D8074D16C4DD` (`shop_id`),
  KEY `dtb_order_email_idx` (`email`),
  KEY `dtb_order_order_date_idx` (`order_date`),
  KEY `dtb_order_payment_date_idx` (`payment_date`),
  KEY `dtb_order_update_date_idx` (`update_date`),
  KEY `dtb_order_order_no_idx` (`order_no`),
  CONSTRAINT `FK_1D66D8074C3A3BB` FOREIGN KEY (`payment_id`) REFERENCES `dtb_payment` (`id`),
  CONSTRAINT `FK_1D66D8074D16C4DD` FOREIGN KEY (`shop_id`) REFERENCES `cmd_shop` (`id`),
  CONSTRAINT `FK_1D66D8074FFA550E` FOREIGN KEY (`device_type_id`) REFERENCES `mtb_device_type` (`id`),
  CONSTRAINT `FK_1D66D8075A2DB2A0` FOREIGN KEY (`sex_id`) REFERENCES `mtb_sex` (`id`),
  CONSTRAINT `FK_1D66D8079395C3F3` FOREIGN KEY (`customer_id`) REFERENCES `dtb_customer` (`id`),
  CONSTRAINT `FK_1D66D807BE04EA9` FOREIGN KEY (`job_id`) REFERENCES `mtb_job` (`id`),
  CONSTRAINT `FK_1D66D807E171EF5F` FOREIGN KEY (`pref_id`) REFERENCES `mtb_pref` (`id`),
  CONSTRAINT `FK_1D66D807F92F3E70` FOREIGN KEY (`country_id`) REFERENCES `mtb_country` (`id`)
) ENGINE=InnoDB DEFAULT CHARSET=utf8;

INSERT INTO `dtb_order` (`id`, `customer_id`, `country_id`, `pref_id`, `sex_id`, `job_id`, `payment_id`, `device_type_id`, `shop_id`, `pre_order_id`, `order_no`, `message`, `name01`, `name02`, `kana01`, `kana02`, `company_name`, `email`, `phone_number`, `postal_code`, `addr01`, `addr02`, `birth`, `subtotal`, `discount`, `delivery_fee_total`, `charge`, `tax`, `total`, `payment_total`, `payment_method`, `note`, `create_date`, `update_date`, `order_date`, `payment_date`, `currency_code`, `complete_message`, `complete_mail_message`, `add_point`, `use_point`, `order_status_id`, `discriminator_type`, `customer_rank_id`, `customer_rank_name`) VALUES
(1,	NULL,	NULL,	28,	NULL,	NULL,	3,	10,	22,	'98c7e273ae487e444b7601d33e9d2a2842a31333',	'1',	NULL,	'テスト',	'太郎',	'テスト',	'タロウ',	'TSPC株式会社',	'ohshita@tspc.co.jp',	'1111',	'6680011',	'豊岡市',	'7',	NULL,	220.00,	0.00,	840.00,	0.00,	96.00,	1060.00,	1060.00,	'銀行振込',	NULL,	'2021-03-01 05:33:35',	'2021-03-01 05:42:06',	'2021-03-01 05:35:56',	NULL,	'JPY',	NULL,	NULL,	0,	0,	1,	'order',	NULL,	NULL),
(2,	1,	NULL,	26,	NULL,	NULL,	3,	10,	19,	'92cfa7c6ab6ef87fc288816c1d3ff59ff68e3f0a',	'2',	NULL,	'チャーチル',	'ライリー',	'チャーチル',	'ライリー',	NULL,	'riley@subspire.co.jp',	'1231234123',	'6293101',	'京丹後市網野町網野',	'123',	NULL,	37950.00,	0.00,	0.00,	0.00,	3450.00,	37950.00,	37950.00,	'銀行振込',	NULL,	'2021-03-04 08:44:56',	'2022-03-30 07:24:54',	'2021-03-04 08:45:03',	NULL,	'JPY',	NULL,	NULL,	345,	0,	3,	'order',	NULL,	NULL),
(3,	1,	NULL,	26,	NULL,	NULL,	5,	10,	19,	'1c0dbbfd8494d200ad1e4c6db40882071273da69',	NULL,	NULL,	'チャーチル',	'ライリー',	'チャーチル',	'ライリー',	NULL,	'riley@subspire.co.jp',	'12312341234',	'6293101',	'京丹後市網野町網野',	'123',	NULL,	5500.00,	0.00,	300.00,	0.00,	527.00,	5800.00,	5800.00,	'クレジットカード',	NULL,	'2021-03-04 08:46:19',	'2021-03-04 08:46:19',	NULL,	NULL,	'JPY',	NULL,	NULL,	50,	0,	8,	'order',	NULL,	NULL),
(4,	1,	NULL,	26,	NULL,	NULL,	5,	10,	19,	'c200395f4e7abd4640dced55d099a225f40d14cc',	NULL,	NULL,	'チャーチル',	'ライリー',	'チャーチル',	'ライリー',	NULL,	'riley@subspire.co.jp',	'12312341234',	'6293101',	'京丹後市網野町網野',	'123',	NULL,	3080.00,	0.00,	300.00,	0.00,	307.00,	3380.00,	3380.00,	'クレジットカード',	NULL,	'2021-03-09 01:23:19',	'2021-03-09 01:23:19',	NULL,	NULL,	'JPY',	NULL,	NULL,	28,	0,	8,	'order',	NULL,	NULL),
(5,	1,	NULL,	26,	NULL,	NULL,	3,	10,	24,	'ebef5978195a1d37abc4aa0ec5988fa66761441d',	'5',	NULL,	'チャーチル',	'ライリー',	'チャーチル',	'ライリー',	NULL,	'riley@subspire.co.jp',	'12312341234',	'6293101',	'京丹後市網野町網野',	'123',	NULL,	327800.00,	0.00,	840.00,	0.00,	29876.00,	328640.00,	328640.00,	'銀行振込',	NULL,	'2021-03-09 01:28:30',	'2021-03-09 01:29:29',	'2021-03-09 01:29:29',	NULL,	'JPY',	NULL,	NULL,	2980,	0,	1,	'order',	NULL,	NULL),
(6,	1,	NULL,	26,	NULL,	NULL,	3,	10,	24,	'7bf38e402ddbf0770024675830e0c27aa6a4310c',	'6',	NULL,	'チャーチル',	'ライリー',	'チャーチル',	'ライリー',	NULL,	'riley@subspire.co.jp',	'12312341234',	'6293101',	'京丹後市網野町網野',	'123',	NULL,	327800.00,	0.00,	840.00,	0.00,	29876.00,	328640.00,	328640.00,	'銀行振込',	NULL,	'2021-03-09 01:31:36',	'2021-07-27 00:40:39',	'2021-03-09 01:32:26',	'2021-03-09 07:52:30',	'JPY',	NULL,	NULL,	2980,	0,	5,	'order',	NULL,	NULL),
(7,	1,	NULL,	26,	NULL,	NULL,	5,	10,	19,	'3a3f893593c91a4d43a16dee89196f464b8f0595',	NULL,	NULL,	'チャーチル',	'ライリー',	'チャーチル',	'ライリー',	NULL,	'riley@subspire.co.jp',	'12312341234',	'6293101',	'京丹後市網野町網野',	'123',	NULL,	3080.00,	0.00,	300.00,	0.00,	307.00,	3380.00,	3380.00,	'クレジットカード',	NULL,	'2021-03-09 01:36:39',	'2021-03-09 01:36:39',	NULL,	NULL,	'JPY',	NULL,	NULL,	28,	0,	8,	'order',	NULL,	NULL),
(8,	NULL,	NULL,	28,	NULL,	NULL,	3,	10,	19,	'bad11820541678c592d3ef6ed1cd3ed7ff41ba00',	'8',	'メールアドレス不良のテスト',	'山本',	'太郎',	'ヤマモト',	'タロウ',	'TSPC株式会社',	'ohshita1@tspc.co.jp',	'0976224477',	'6680044',	'豊岡市山王町',	'7-7',	NULL,	14300.00,	0.00,	300.00,	0.00,	1327.00,	14600.00,	14600.00,	'銀行振込',	NULL,	'2021-03-09 05:41:17',	'2021-03-09 05:42:35',	'2021-03-09 05:42:35',	NULL,	'JPY',	NULL,	NULL,	0,	0,	1,	'order',	NULL,	NULL),
(9,	NULL,	NULL,	28,	NULL,	NULL,	3,	10,	24,	'5c8183057c23d0db24261360f8fb5bf7887e612f',	'9',	NULL,	'テスト',	'五郎',	'テスト',	'ゴロウ',	'TSPC株式会社',	'ohshita@tspc.co.jp',	'0799',	'6680211',	'豊岡市出石町下谷',	'４',	NULL,	42900.00,	0.00,	840.00,	0.00,	3976.00,	43740.00,	43740.00,	'銀行振込',	NULL,	'2021-03-09 07:18:03',	'2021-11-24 05:03:04',	'2021-03-09 07:19:15',	'2021-03-09 07:48:51',	'JPY',	NULL,	NULL,	0,	0,	5,	'order',	NULL,	NULL),
(10,	NULL,	NULL,	28,	NULL,	NULL,	3,	10,	19,	'7fcbc381a096cc1b0dc4a9c80ffec1b478947168',	'10',	NULL,	'テスト',	'ゴロウ',	'テスト',	'ゴロウ',	'TSPC株式会社',	'ohshita@tspc.co.jp',	'079652',	'6680211',	'豊岡市',	'7',	NULL,	0.00,	0.00,	0.00,	0.00,	0.00,	0.00,	0.00,	'銀行振込',	NULL,	'2021-03-09 07:20:10',	'2021-03-11 08:10:37',	'2021-03-09 07:20:35',	NULL,	'JPY',	NULL,	NULL,	0,	0,	3,	'order',	NULL,	NULL),
(11,	NULL,	NULL,	28,	NULL,	NULL,	3,	10,	22,	'9261a14527a494aa3110a81de959fcc3f1c51b0c',	'11',	NULL,	'大',	'下',	'テスト',	'イイイ',	'TSPC株式会社',	'ohshita@tspc.co.jp',	'0976224477',	'668',	'豊岡市',	'６６',	NULL,	220.00,	0.00,	720.00,	0.00,	85.00,	940.00,	940.00,	'銀行振込',	NULL,	'2021-03-11 04:04:33',	'2021-03-11 04:05:16',	NULL,	NULL,	'JPY',	NULL,	NULL,	0,	0,	8,	'order',	NULL,	NULL),
(12,	NULL,	NULL,	28,	NULL,	NULL,	5,	10,	19,	'f6f5841d651e0cb6c0f871f98a7e5bd4412d97ff',	NULL,	NULL,	'大',	'下',	'テスト',	'イイイ',	'TSPC株式会社',	'ohshita@tspc.co.jp',	'0976224477',	'668',	'豊岡市',	'６６',	NULL,	55000.00,	0.00,	300.00,	0.00,	5027.00,	55300.00,	55300.00,	'クレジットカード',	NULL,	'2021-03-11 04:23:03',	'2021-03-11 04:23:03',	NULL,	NULL,	'JPY',	NULL,	NULL,	0,	0,	8,	'order',	NULL,	NULL),
(13,	NULL,	NULL,	28,	NULL,	NULL,	4,	10,	24,	'53af6806a45a4721e923a78c8971f782b7d37069',	'13',	NULL,	'大',	'下',	'テスト',	'イイイ',	'TSPC株式会社',	'ohshita@tspc.co.jp',	'0976224477',	'668',	'豊岡市',	'６６',	NULL,	53900.00,	0.00,	840.00,	0.00,	4976.00,	54740.00,	54740.00,	'代金引換',	NULL,	'2021-03-11 04:24:19',	'2021-03-11 04:28:30',	NULL,	NULL,	'JPY',	NULL,	NULL,	0,	0,	8,	'order',	NULL,	NULL),
(14,	NULL,	NULL,	28,	NULL,	NULL,	3,	10,	19,	'8fb5168fa6a5ae185891dda759678045476733c6',	'14',	NULL,	'大',	'下',	'テスト',	'イイイ',	'TSPC株式会社',	'ohshita@tspc.co.jp',	'0976224477',	'668',	'豊岡市',	'６６',	NULL,	55000.00,	0.00,	300.00,	0.00,	5027.00,	55300.00,	55300.00,	'銀行振込',	NULL,	'2021-03-11 04:42:14',	'2021-03-11 05:57:41',	NULL,	NULL,	'JPY',	NULL,	NULL,	0,	0,	8,	'order',	NULL,	NULL),
(15,	NULL,	NULL,	28,	NULL,	NULL,	3,	10,	24,	'6739d40f339e0d4b7f734f13563d3103e1f92336',	'15',	NULL,	'大',	'下',	'テスト',	'イイイ',	'TSPC株式会社',	'ohshita@tspc.co.jp',	'0976224477',	'668',	'豊岡市',	'６６',	NULL,	53900.00,	0.00,	840.00,	0.00,	4976.00,	54740.00,	54740.00,	'銀行振込',	NULL,	'2021-03-11 04:42:26',	'2021-03-11 05:56:19',	NULL,	NULL,	'JPY',	NULL,	NULL,	0,	0,	8,	'order',	NULL,	NULL),
(16,	NULL,	NULL,	28,	NULL,	NULL,	5,	10,	19,	'd3e410ab5e086e73fb091043d79d15e234efb667',	'16',	NULL,	'大',	'下克己',	'テスト',	'イイイ',	'TSPC株式会社',	'ohshita@tspc.co.jp',	'111',	'668',	'豊岡市',	'88',	NULL,	5500.00,	0.00,	300.00,	0.00,	527.00,	5800.00,	5800.00,	'クレジットカード',	NULL,	'2021-03-11 08:42:27',	'2021-03-11 08:43:11',	NULL,	NULL,	'JPY',	NULL,	NULL,	0,	0,	8,	'order',	NULL,	NULL),
(17,	NULL,	NULL,	28,	NULL,	NULL,	3,	10,	24,	'02ea67403685ee596af7280a06dd13cc302946a5',	'17',	NULL,	'大',	'下克己',	'テスト',	'イイイ',	'TSPC株式会社',	'ohshita@tspc.co.jp',	'111',	'668',	'豊岡市',	'88',	NULL,	220000.00,	0.00,	840.00,	0.00,	20076.00,	220840.00,	220840.00,	'銀行振込',	NULL,	'2021-03-11 08:43:02',	'2021-03-11 08:43:34',	NULL,	NULL,	'JPY',	NULL,	NULL,	0,	0,	8,	'order',	NULL,	NULL),
(18,	2,	NULL,	28,	1,	18,	3,	10,	22,	'610feeb149d12ae249d45ab5cb4dd257262b066d',	'18',	NULL,	'豊岡',	'太郎',	'トヨオカ',	'タロウ',	'TEE ALL',	'ohshita@tspc.co.jp',	'0796239113',	'6680000',	'豊岡市元町',	'１２－７',	NULL,	220.00,	0.00,	720.00,	0.00,	85.00,	940.00,	940.00,	'銀行振込',	NULL,	'2021-03-17 02:17:44',	'2021-03-17 02:21:24',	NULL,	NULL,	'JPY',	NULL,	NULL,	2,	0,	8,	'order',	NULL,	NULL),
(19,	2,	NULL,	28,	1,	18,	3,	10,	24,	'1a789b7100d44d0f29e324a8af798d9aff2d776a',	NULL,	NULL,	'豊岡',	'太郎',	'トヨオカ',	'タロウ',	'TEE ALL',	'ohshita@tspc.co.jp',	'0796239113',	'6680000',	'豊岡市元町',	'１２－７',	NULL,	11000.00,	0.00,	840.00,	0.00,	1076.00,	11840.00,	11840.00,	'銀行振込',	NULL,	'2021-03-17 02:18:02',	'2021-03-17 02:18:02',	NULL,	NULL,	'JPY',	NULL,	NULL,	100,	0,	8,	'order',	NULL,	NULL),
(20,	2,	NULL,	28,	1,	18,	3,	10,	24,	'7be97bdf5a1880dfdecc5e63304395f513b62bed',	'20',	NULL,	'豊岡',	'太郎',	'トヨオカ',	'タロウ',	'TEE ALL',	'ohshita@tspc.co.jp',	'0796239113',	'6680000',	'豊岡市元町',	'１２－７',	NULL,	231000.00,	0.00,	1720.00,	0.00,	21156.00,	232720.00,	232720.00,	'銀行振込',	NULL,	'2021-03-18 04:26:14',	'2021-03-18 04:27:55',	'2021-03-18 04:27:55',	NULL,	'JPY',	NULL,	NULL,	2100,	0,	1,	'order',	NULL,	NULL),
(21,	2,	NULL,	28,	1,	18,	3,	10,	22,	'6c4eae9906ad233b19e1d8ad05e1f5e912182ec3',	'21',	NULL,	'豊岡',	'太郎',	'トヨオカ',	'タロウ',	'TEE ALL',	'ohshita@tspc.co.jp',	'0796239113',	'6680000',	'豊岡市元町',	'１２－７',	NULL,	216.00,	0.00,	720.00,	0.00,	69.00,	936.00,	936.00,	'銀行振込',	NULL,	'2021-03-18 05:15:28',	'2021-03-18 05:16:13',	NULL,	NULL,	'JPY',	NULL,	NULL,	2,	0,	8,	'order',	NULL,	NULL),
(22,	2,	NULL,	28,	1,	18,	4,	10,	24,	'f53cf8d2a03bf1eee087687aa4a488952fcd195f',	'22',	NULL,	'豊岡',	'太郎',	'トヨオカ',	'タロウ',	'TEE ALL',	'ohshita@tspc.co.jp',	'0796239113',	'6680000',	'豊岡市元町',	'１２－７',	NULL,	230800.00,	0.00,	1720.00,	0.00,	20927.00,	232520.00,	232520.00,	'代金引換',	NULL,	'2021-03-18 08:39:34',	'2021-03-18 09:32:06',	NULL,	NULL,	'JPY',	NULL,	NULL,	2100,	0,	8,	'order',	NULL,	NULL),
(23,	2,	NULL,	28,	1,	18,	3,	10,	22,	'33dc792ad684e0186bb51e8da14581e04dcbc9ea',	'23',	NULL,	'豊岡',	'太郎',	'トヨオカ',	'タロウ',	'TEE ALL',	'ohshita@tspc.co.jp',	'0796239113',	'6680000',	'豊岡市元町',	'１２－７',	NULL,	216.00,	0.00,	720.00,	0.00,	69.00,	936.00,	936.00,	'銀行振込',	NULL,	'2021-03-18 09:03:28',	'2021-03-18 09:08:57',	NULL,	NULL,	'JPY',	NULL,	NULL,	2,	0,	8,	'order',	NULL,	NULL),
(24,	2,	NULL,	28,	1,	18,	3,	10,	22,	'05131ace788fcb08860c0a9b08509a0af6b22173',	'24',	NULL,	'豊岡',	'太郎',	'トヨオカ',	'タロウ',	'TEE ALL',	'ohshita@tspc.co.jp',	'0796239113',	'6680000',	'豊岡市元町',	'１２－７',	NULL,	216.00,	0.00,	720.00,	0.00,	69.00,	936.00,	936.00,	'銀行振込',	NULL,	'2021-03-19 08:14:22',	'2021-03-19 08:14:49',	NULL,	NULL,	'JPY',	NULL,	NULL,	2,	0,	8,	'order',	NULL,	NULL),
(25,	2,	NULL,	28,	1,	18,	3,	10,	24,	'5455ccfce53337b1bdbb7a709af47c1cf66f21ce',	NULL,	NULL,	'豊岡',	'太郎',	'トヨオカ',	'タロウ',	'TEE ALL',	'ohshita@tspc.co.jp',	'0796239113',	'6680000',	'豊岡市元町',	'１２－７',	NULL,	230800.00,	0.00,	1720.00,	0.00,	20927.00,	232520.00,	232520.00,	'銀行振込',	NULL,	'2021-03-19 08:14:33',	'2021-03-19 08:14:33',	NULL,	NULL,	'JPY',	NULL,	NULL,	2100,	0,	8,	'order',	NULL,	NULL),
(26,	2,	NULL,	28,	1,	18,	5,	10,	19,	'dd4a0c0d3669fa2f135af7b6dba33cf4037958de',	NULL,	NULL,	'豊岡',	'太郎',	'トヨオカ',	'タロウ',	'TEE ALL',	'ohshita@tspc.co.jp',	'0796239113',	'6680000',	'豊岡市元町',	'１２－７',	NULL,	54000.00,	0.00,	300.00,	0.00,	4022.00,	54300.00,	54300.00,	'クレジットカード',	NULL,	'2021-03-19 08:14:57',	'2021-03-19 08:14:57',	NULL,	NULL,	'JPY',	NULL,	NULL,	500,	0,	8,	'order',	NULL,	NULL),
(27,	1,	NULL,	26,	NULL,	NULL,	5,	10,	19,	'ec0215661b35e850ab7e971285ac9e8a9824999f',	NULL,	NULL,	'チャーチル',	'ライリー',	'チャーチル',	'ライリー',	NULL,	'riley@subspire.co.jp',	'12312341234',	'6293101',	'京丹後市網野町網野',	'123',	NULL,	3024.00,	0.00,	300.00,	0.00,	246.00,	3324.00,	3324.00,	'クレジットカード',	NULL,	'2021-03-22 13:16:55',	'2021-03-22 13:16:55',	NULL,	NULL,	'JPY',	NULL,	NULL,	28,	0,	8,	'order',	NULL,	NULL),
(28,	2,	NULL,	28,	1,	18,	3,	10,	22,	'e14bd3fb033dd3337dc67f8e43aedbacc513ef5e',	'28',	NULL,	'豊岡',	'太郎',	'トヨオカ',	'タロウ',	'TEE ALL',	'tspc.nokosazu@gmail.com',	'0796239113',	'6680000',	'豊岡市元町',	'１２－７',	NULL,	198220.00,	0.00,	720.00,	0.00,	18085.00,	198940.00,	198940.00,	'銀行振込',	NULL,	'2021-04-08 04:31:39',	'2023-05-17 09:01:14',	'2021-04-08 04:31:58',	NULL,	'JPY',	NULL,	NULL,	1802,	0,	5,	'order',	NULL,	NULL),
(29,	2,	NULL,	28,	1,	18,	3,	10,	24,	'87779d00084974a24d751b88d7e631022fec5cf7',	'29',	NULL,	'豊岡',	'太郎',	'トヨオカ',	'タロウ',	'TEE ALL',	'tspc.nokosazu@gmail.com',	'0796239113',	'6680000',	'豊岡市元町',	'１２－７',	NULL,	231000.00,	100.00,	2560.00,	0.00,	21232.00,	233460.00,	233460.00,	'銀行振込',	NULL,	'2021-04-08 05:01:10',	'2021-04-08 05:46:05',	NULL,	NULL,	'JPY',	NULL,	NULL,	2099,	100,	8,	'order',	NULL,	NULL),
(31,	2,	NULL,	28,	1,	18,	5,	10,	19,	'56d5e708e13e05106a09ebe06b6b53c920d21a7b',	'31',	NULL,	'豊岡',	'太郎',	'トヨオカ',	'タロウ',	'TEE ALL',	'tspc.nokosazu@gmail.com',	'0796239113',	'6680000',	'豊岡市元町',	'１２－７',	NULL,	55000.00,	0.00,	300.00,	0.00,	5027.00,	55300.00,	55300.00,	'クレジットカード',	NULL,	'2021-04-08 06:00:22',	'2021-04-08 07:03:01',	NULL,	NULL,	'JPY',	NULL,	NULL,	500,	0,	8,	'order',	NULL,	NULL),
(32,	2,	NULL,	28,	1,	18,	3,	10,	22,	'854f171c8de05cf947bdc4c4c54aff954babaa00',	'32',	NULL,	'豊岡',	'太郎',	'トヨオカ',	'タロウ',	'TEE ALL',	'tspc.nokosazu@gmail.com',	'0796239113',	'6680000',	'豊岡市元町',	'１２－７',	NULL,	1320.00,	0.00,	720.00,	0.00,	185.00,	2040.00,	2040.00,	'銀行振込',	NULL,	'2021-04-08 07:04:04',	'2023-05-17 07:03:45',	'2021-04-08 07:04:12',	'2023-05-17 07:03:45',	'JPY',	NULL,	NULL,	12,	0,	6,	'order',	NULL,	NULL),
(33,	2,	NULL,	28,	1,	18,	3,	10,	22,	'dd41824e52b2307f81ef6beae945e481ec78ec1a',	'33',	NULL,	'豊岡',	'太郎',	'トヨオカ',	'タロウ',	'TEE ALL',	'tspc.nokosazu@gmail.com',	'0796239113',	'6680000',	'豊岡市元町',	'１２－７',	NULL,	2860.00,	0.00,	2160.00,	0.00,	455.00,	5020.00,	5020.00,	'銀行振込',	NULL,	'2021-04-08 07:17:36',	'2023-05-17 09:06:37',	'2021-04-08 07:18:58',	NULL,	'JPY',	NULL,	NULL,	26,	0,	1,	'order',	NULL,	NULL),
(34,	2,	NULL,	28,	1,	18,	5,	10,	19,	'80014083a7e1fa0f41ad4e08b57059beaa76831c',	'34',	NULL,	'豊岡',	'太郎',	'トヨオカ',	'タロウ',	'TEE ALL',	'tspc.nokosazu@gmail.com',	'0796239113',	'6680000',	'豊岡市元町',	'１２－７',	NULL,	55000.00,	0.00,	300.00,	0.00,	5027.00,	55300.00,	55300.00,	'クレジットカード',	NULL,	'2021-04-08 07:17:57',	'2021-04-08 07:19:06',	NULL,	NULL,	'JPY',	NULL,	NULL,	500,	0,	8,	'order',	NULL,	NULL),
(35,	NULL,	NULL,	26,	NULL,	NULL,	3,	10,	24,	'd1c880ad816552bc1ba3712c3c2528e3544d20d4',	'35',	NULL,	'test',	'test',	'テスト',	'テスト',	NULL,	'riley.churchill@gmail.com',	'12312341234',	'6293101',	'京丹後市網野町網野',	'123',	NULL,	220000.00,	0.00,	840.00,	0.00,	20076.00,	220840.00,	220840.00,	'銀行振込',	NULL,	'2021-04-14 03:36:51',	'2021-04-14 03:36:59',	'2021-04-14 03:36:59',	NULL,	'JPY',	NULL,	NULL,	0,	0,	1,	'order',	NULL,	NULL),
(36,	NULL,	NULL,	26,	NULL,	NULL,	5,	10,	22,	'adfc375979849906cb26c62f531c5cef1d854acb',	NULL,	NULL,	'test',	'test',	'テスト',	'テスト',	NULL,	'test@test.com',	'12312341234',	'6293101',	'京丹後市網野町網野',	'123',	NULL,	1320.00,	0.00,	720.00,	0.00,	185.00,	2040.00,	2040.00,	'クレジットカード',	NULL,	'2021-04-14 03:56:39',	'2021-04-14 03:56:39',	NULL,	NULL,	'JPY',	NULL,	NULL,	0,	0,	8,	'order',	NULL,	NULL),
(37,	NULL,	NULL,	26,	NULL,	NULL,	5,	10,	22,	'6b434e1695d6f5b5ed664f42e1ce369e3d62cc8e',	NULL,	NULL,	'test',	'test',	'テスト',	'テスト',	NULL,	'test@test.com',	'12312341234',	'6293101',	'京丹後市網野町網野',	'123',	NULL,	3960.00,	0.00,	720.00,	0.00,	425.00,	4680.00,	4680.00,	'クレジットカード',	NULL,	'2021-04-14 03:56:55',	'2021-04-14 03:56:55',	NULL,	NULL,	'JPY',	NULL,	NULL,	0,	0,	8,	'order',	NULL,	NULL),
(38,	2,	NULL,	28,	1,	18,	5,	10,	22,	'1a970a54b7041efc72a0ad2a1160676b752f9b02',	NULL,	NULL,	'豊岡',	'太郎',	'トヨオカ',	'タロウ',	'TEE ALL',	'tspc.nokosazu.bk@gmail.com',	'0796239113',	'6680000',	'豊岡市元町',	'１２－７',	NULL,	1320.00,	0.00,	720.00,	0.00,	185.00,	2040.00,	2040.00,	'クレジットカード',	NULL,	'2021-04-14 09:48:51',	'2021-04-14 09:48:51',	NULL,	NULL,	'JPY',	NULL,	NULL,	12,	0,	8,	'order',	NULL,	NULL),
(39,	2,	NULL,	28,	1,	18,	5,	10,	19,	'ed9dd36cbf35245ccc3e4cde13e5968ce806003b',	'39',	NULL,	'豊岡',	'太郎',	'トヨオカ',	'タロウ',	'TEE ALL',	'tspc.nokosazu.bk@gmail.com',	'0796239113',	'6680000',	'豊岡市元町',	'１２－７',	NULL,	55000.00,	0.00,	1000.00,	0.00,	5091.00,	56000.00,	56000.00,	'クレジットカード',	NULL,	'2021-04-14 09:49:35',	'2021-04-14 09:50:00',	NULL,	NULL,	'JPY',	NULL,	NULL,	500,	0,	8,	'order',	NULL,	NULL),
(47,	9,	NULL,	27,	NULL,	NULL,	5,	10,	19,	'1b7e175c7b0d2997a1e7633c5c927d54d367e002',	'47',	NULL,	'名',	'前',	'セイ',	'メイ',	'アーキテクトラボ',	'devcrazy@hotmail.com',	'+81123456789',	'5300001',	'大阪市北区梅田',	'西梅田1丁目6-8',	NULL,	55000.00,	0.00,	0.00,	0.00,	5000.00,	55000.00,	55000.00,	'クレジットカード',	NULL,	'2021-05-05 07:14:45',	'2021-05-05 07:14:50',	NULL,	NULL,	'JPY',	NULL,	NULL,	500,	0,	8,	'order',	NULL,	NULL),
(49,	2,	NULL,	28,	1,	18,	3,	10,	19,	'87bd0c487e88a64330b045e16868cefa7cc972e8',	'49',	NULL,	'豊岡',	'太郎',	'トヨオカ',	'タロウ',	'TEE ALL',	'tspc.nokosazu.bk@gmail.com',	'0796239113',	'6680000',	'豊岡市元町',	'１２－７',	NULL,	55000.00,	0.00,	300.00,	0.00,	5027.00,	55300.00,	55300.00,	'銀行振込',	NULL,	'2021-05-06 01:49:46',	'2021-05-06 01:54:29',	'2021-05-06 01:54:29',	NULL,	'JPY',	NULL,	NULL,	500,	0,	1,	'order',	NULL,	NULL),
(56,	2,	NULL,	28,	1,	18,	5,	10,	24,	'011a59f13a43e18ad5ea5adf4d34c87e41799bf2',	'56',	NULL,	'豊岡',	'太郎',	'トヨオカ',	'タロウ',	'TEE ALL',	'tspc.nokosazu.bk@gmail.com',	'0796239113',	'6680000',	'豊岡市元町',	'１２－７',	NULL,	42900.00,	0.00,	930.00,	0.00,	3985.00,	43830.00,	43830.00,	'クレジットカード',	NULL,	'2021-05-06 04:28:24',	'2021-05-06 04:34:33',	NULL,	NULL,	'JPY',	NULL,	NULL,	390,	0,	8,	'order',	NULL,	NULL),
(62,	8,	NULL,	28,	NULL,	NULL,	5,	10,	19,	'5fd84af65191907d8126b2ee71257e909469fc69',	'62',	NULL,	'山本',	'太郎',	'ヤマモト',	'タロウ',	NULL,	'tspc.nokosazu@gmail.com',	'0796238856',	'6680044',	'豊岡市山王町',	'299',	NULL,	55000.00,	0.00,	0.00,	0.00,	5000.00,	55000.00,	55000.00,	'クレジットカード',	NULL,	'2021-05-06 05:20:04',	'2021-05-06 05:20:58',	NULL,	NULL,	'JPY',	NULL,	NULL,	500,	0,	8,	'order',	NULL,	NULL),
(63,	8,	NULL,	28,	NULL,	NULL,	5,	10,	24,	'88be5ee3545ddc4cb235ba9539dce8308fd7340c',	'63',	NULL,	'山本',	'太郎',	'ヤマモト',	'タロウ',	NULL,	'tspc.nokosazu@gmail.com',	'0796238856',	'6680044',	'豊岡市山王町',	'299',	NULL,	53900.00,	0.00,	930.00,	0.00,	4985.00,	54830.00,	54830.00,	'クレジットカード',	NULL,	'2021-05-06 05:20:12',	'2021-05-25 05:36:29',	'2021-05-06 05:25:40',	NULL,	'JPY',	NULL,	NULL,	490,	0,	1,	'order',	NULL,	NULL),
(64,	8,	NULL,	28,	NULL,	NULL,	3,	10,	21,	'3653568f3b556d354399534fa024860283b4390f',	'64',	NULL,	'山本',	'太郎',	'ヤマモト',	'タロウ',	NULL,	'tspc.nokosazu@gmail.com',	'0796238856',	'6680044',	'豊岡市山王町',	'299',	NULL,	209000.00,	0.00,	0.00,	0.00,	19000.00,	209000.00,	209000.00,	'銀行振込',	NULL,	'2021-05-06 05:23:28',	'2021-05-06 05:25:25',	'2021-05-06 05:25:25',	NULL,	'JPY',	NULL,	NULL,	1900,	0,	1,	'order',	NULL,	NULL),
(65,	8,	NULL,	28,	NULL,	NULL,	3,	10,	19,	'9461b0dc8de4bfe13595c321d9bac24e38e28c9b',	'65',	NULL,	'山本',	'太郎',	'ヤマモト',	'タロウ',	NULL,	'tspc.nokosazu@gmail.com',	'0796238856',	'6680044',	'豊岡市山王町',	'299',	NULL,	55000.00,	0.00,	0.00,	0.00,	5000.00,	55000.00,	55000.00,	'銀行振込',	NULL,	'2021-05-06 09:54:36',	'2021-05-06 09:55:25',	'2021-05-06 09:55:25',	NULL,	'JPY',	NULL,	NULL,	500,	0,	1,	'order',	NULL,	NULL),
(66,	8,	NULL,	28,	NULL,	NULL,	3,	10,	21,	'ae6fcf44708fe9ffbff1bfbb18bbacdeb93136d0',	'66',	NULL,	'山本',	'太郎',	'ヤマモト',	'タロウ',	NULL,	'tspc.nokosazu@gmail.com',	'0796238856',	'6680044',	'豊岡市山王町',	'299',	NULL,	209000.00,	0.00,	0.00,	0.00,	19000.00,	209000.00,	209000.00,	'銀行振込',	NULL,	'2021-05-06 09:55:54',	'2021-05-06 09:57:24',	'2021-05-06 09:57:24',	NULL,	'JPY',	NULL,	NULL,	1900,	0,	1,	'order',	NULL,	NULL),
(67,	NULL,	NULL,	28,	NULL,	NULL,	5,	10,	24,	'608130ca6ac55212bd14ac19a2ca995672cf34f5',	'67',	NULL,	'大',	'下克己',	'テスト',	'イイイ',	'TSPC株式会社',	'ohshita@tspc.co.jp',	'11228527841',	'668',	'豊岡市',	'5',	NULL,	220.00,	0.00,	880.00,	0.00,	100.00,	1100.00,	1100.00,	'クレジットカード',	NULL,	'2021-06-01 06:21:43',	'2021-06-01 06:22:55',	NULL,	NULL,	'JPY',	NULL,	NULL,	0,	0,	8,	'order',	NULL,	NULL),
(68,	NULL,	NULL,	28,	NULL,	NULL,	3,	10,	21,	'66ccc486c329a38211c935e45397a7bcc9141f08',	'68',	NULL,	'大',	'下克己',	'テスト',	'イイイ',	'TSPC株式会社',	'ohshita@tspc.co.jp',	'11228527841',	'668',	'豊岡市',	'5',	NULL,	209000.00,	0.00,	0.00,	0.00,	19000.00,	209000.00,	209000.00,	'銀行振込',	NULL,	'2021-06-01 06:24:00',	'2021-06-01 06:24:25',	NULL,	NULL,	'JPY',	NULL,	NULL,	0,	0,	8,	'order',	NULL,	NULL),
(69,	NULL,	NULL,	28,	NULL,	NULL,	5,	10,	19,	'2bd525c158f570160a2bd4ccf2f57e6f747efa88',	'69',	NULL,	'大',	'下克己',	'テスト',	'イイイ',	'TSPC株式会社',	'ohshita@tspc.co.jp',	'11228527841',	'668',	'豊岡市',	'5',	NULL,	55000.00,	0.00,	0.00,	0.00,	5000.00,	55000.00,	55000.00,	'クレジットカード',	NULL,	'2021-06-01 06:25:18',	'2021-06-01 06:26:20',	NULL,	NULL,	'JPY',	NULL,	NULL,	0,	0,	8,	'order',	NULL,	NULL),
(70,	NULL,	NULL,	28,	NULL,	NULL,	5,	10,	24,	'4822478d3ffaea169c98d1df004dac318a2e22ce',	NULL,	NULL,	'大',	'下克己',	'テスト',	'イイイ',	'TSPC株式会社',	'ohshita@tspc.co.jp',	'11228527841',	'668',	'豊岡市',	'5',	NULL,	220.00,	0.00,	880.00,	0.00,	100.00,	1100.00,	1100.00,	'クレジットカード',	NULL,	'2021-06-01 06:27:17',	'2021-06-01 06:27:17',	NULL,	NULL,	'JPY',	NULL,	NULL,	0,	0,	8,	'order',	NULL,	NULL),
(71,	8,	NULL,	28,	NULL,	NULL,	5,	10,	24,	'8c2fe6a5692799ade8f2074ccc85dfb095c35370',	'71',	NULL,	'山本',	'太郎',	'ヤマモト',	'タロウ',	NULL,	'tspc.nokosazu@gmail.com',	'0796238856',	'6680044',	'豊岡市山王町',	'299',	NULL,	273900.00,	0.00,	2720.00,	0.00,	25148.00,	276620.00,	276620.00,	'クレジットカード',	NULL,	'2021-06-01 08:51:36',	'2021-06-01 09:10:17',	NULL,	NULL,	'JPY',	NULL,	NULL,	2490,	0,	8,	'order',	NULL,	NULL),
(72,	8,	NULL,	28,	NULL,	NULL,	5,	10,	24,	'2ee59de6c15ff284f43e2270c68bacbc2a144a1b',	'72',	NULL,	'山本',	'太郎',	'ヤマモト',	'タロウ',	NULL,	'tspc.nokosazu@gmail.com',	'0796238856',	'6680044',	'豊岡市山王町',	'299',	NULL,	493900.00,	0.00,	1760.00,	0.00,	45060.00,	495660.00,	495660.00,	'クレジットカード',	NULL,	'2021-06-02 02:59:42',	'2021-06-02 03:00:57',	NULL,	NULL,	'JPY',	NULL,	NULL,	4490,	0,	8,	'order',	NULL,	NULL),
(73,	8,	NULL,	28,	NULL,	NULL,	5,	10,	24,	'9958c8a831b5fcb883ac73e7c705eb8ed9f2bf69',	'73',	NULL,	'山本',	'太郎',	'ヤマモト',	'タロウ',	NULL,	'tspc.nokosazu@gmail.com',	'0796238856',	'6680044',	'豊岡市山王町',	'299',	NULL,	220000.00,	0.00,	840.00,	0.00,	20076.00,	220840.00,	220840.00,	'クレジットカード',	NULL,	'2021-06-02 03:01:18',	'2021-06-02 03:02:31',	NULL,	NULL,	'JPY',	NULL,	NULL,	2000,	0,	8,	'order',	NULL,	NULL),
(74,	8,	NULL,	28,	NULL,	NULL,	5,	10,	24,	'545b9a67cfb7c61f8cb800ae3afaa0304b08a5a5',	'74',	NULL,	'山本',	'太郎',	'ヤマモト',	'タロウ',	NULL,	'tspc.nokosazu@gmail.com',	'0796238856',	'6680044',	'豊岡市山王町',	'299',	NULL,	220000.00,	0.00,	840.00,	0.00,	20076.00,	220840.00,	220840.00,	'クレジットカード',	NULL,	'2021-06-02 03:02:53',	'2021-06-02 03:03:03',	NULL,	NULL,	'JPY',	NULL,	NULL,	2000,	0,	8,	'order',	NULL,	NULL),
(75,	9,	NULL,	27,	NULL,	NULL,	5,	10,	21,	'7daa4706d4576c632dcf8db374621df89b6a5964',	'75',	NULL,	'名',	'前',	'セイ',	'メイ',	'アーキテクトラボ',	'devcrazy@hotmail.com',	'+81123456789',	'5300001',	'大阪市北区梅田',	'西梅田1丁目6-8',	NULL,	418000.00,	0.00,	0.00,	0.00,	38000.00,	418000.00,	418000.00,	'クレジットカード',	NULL,	'2021-06-25 13:12:42',	'2021-06-25 13:12:47',	NULL,	NULL,	'JPY',	NULL,	NULL,	3800,	0,	8,	'order',	NULL,	NULL),
(76,	9,	NULL,	27,	NULL,	NULL,	5,	10,	21,	'c220efe8e0583c9714d641c63cdf6268bb0fade5',	'76',	NULL,	'名',	'前',	'セイ',	'メイ',	'アーキテクトラボ',	'devcrazy@hotmail.com',	'+81123456789',	'5300001',	'大阪市北区梅田',	'西梅田1丁目6-8',	NULL,	209000.00,	0.00,	0.00,	0.00,	19000.00,	209000.00,	209000.00,	'クレジットカード',	NULL,	'2021-06-25 13:15:47',	'2021-06-25 13:16:26',	NULL,	NULL,	'JPY',	NULL,	NULL,	1900,	0,	8,	'order',	NULL,	NULL),
(77,	9,	NULL,	27,	NULL,	NULL,	5,	10,	21,	'4e1b6155f538e0d82b277b681605b068c4fbad8b',	'77',	NULL,	'名',	'前',	'セイ',	'メイ',	'アーキテクトラボ',	'devcrazy@hotmail.com',	'+81123456789',	'5300001',	'大阪市北区梅田',	'西梅田1丁目6-8',	NULL,	209000.00,	0.00,	0.00,	0.00,	19000.00,	209000.00,	209000.00,	'クレジットカード',	NULL,	'2021-06-25 13:19:58',	'2021-07-27 00:34:30',	'2021-06-25 13:22:49',	NULL,	'JPY',	NULL,	NULL,	1900,	0,	5,	'order',	NULL,	NULL),
(78,	9,	NULL,	27,	NULL,	NULL,	5,	10,	21,	'674f7e4497805967c8d42be4feee5c09ff9b68a6',	'78',	NULL,	'名',	'前',	'セイ',	'メイ',	'アーキテクトラボ',	'devcrazy@hotmail.com',	'+81123456789',	'5300001',	'大阪市北区梅田',	'西梅田1丁目6-8',	NULL,	188100.00,	0.00,	0.00,	0.00,	17100.00,	188100.00,	188100.00,	'クレジットカード',	NULL,	'2021-06-25 13:23:12',	'2022-03-02 07:32:29',	'2021-06-25 13:24:16',	NULL,	'JPY',	NULL,	NULL,	1710,	0,	5,	'order',	2,	'Gold'),
(79,	8,	NULL,	28,	NULL,	NULL,	5,	10,	24,	'2e23a9c0da849a2f8c2f8c67e5d0cbe8865aad1e',	'79',	NULL,	'山本',	'太郎',	'ヤマモト',	'タロウ',	NULL,	'tspc.nokosazu@gmail.com',	'0796238856',	'6680044',	'豊岡市山王町',	'299',	NULL,	440000.00,	0.00,	0.00,	0.00,	40000.00,	440000.00,	440000.00,	'クレジットカード',	NULL,	'2021-07-20 05:32:43',	'2021-07-20 05:34:06',	NULL,	NULL,	'JPY',	NULL,	NULL,	4000,	0,	8,	'order',	NULL,	NULL),
(80,	8,	NULL,	28,	NULL,	NULL,	5,	10,	24,	'4e066899ffc960eda6ea118a95c8c79503ae9893',	'80',	NULL,	'山本',	'太郎',	'ヤマモト',	'タロウ',	NULL,	'tspc.nokosazu@gmail.com',	'0796238856',	'6680044',	'豊岡市山王町',	'299',	NULL,	220000.00,	0.00,	0.00,	0.00,	20000.00,	220000.00,	220000.00,	'クレジットカード',	NULL,	'2021-07-20 05:34:54',	'2021-07-20 05:35:04',	NULL,	NULL,	'JPY',	NULL,	NULL,	2000,	0,	8,	'order',	NULL,	NULL),
(81,	NULL,	NULL,	28,	NULL,	NULL,	3,	NULL,	24,	'40fb3137f3fbfc4a0bf24f8810ba7bed4e9db1c3',	'81',	NULL,	'てすと',	'担当者',	'テスト',	'タントウ',	'ＴＳＰＣ株式会社',	'tspc@tspc.co.jp',	'0796346033',	'6680044',	'豊岡市山王町',	'47-8',	NULL,	327800.00,	0.00,	0.00,	0.00,	29800.00,	327800.00,	327800.00,	'銀行振込',	NULL,	'2021-07-27 07:05:42',	'2022-02-23 01:00:28',	'2021-07-27 07:05:42',	NULL,	'JPY',	NULL,	NULL,	0,	0,	4,	'order',	NULL,	NULL),
(82,	NULL,	NULL,	27,	NULL,	NULL,	5,	NULL,	NULL,	'dd11050ace2910b96bb5b858121be228f95eac02',	'82',	NULL,	'会員',	'太郎',	'カイイン',	'タロウ',	'大平鐵工',	'taihe@tekkou.co.jp',	'0728732673',	'5740051',	'大東市新田境町',	'4-8',	NULL,	220.00,	0.00,	0.00,	0.00,	20.00,	220.00,	220.00,	'クレジットカード',	NULL,	'2021-07-27 07:45:30',	'2021-07-27 07:45:30',	'2021-07-27 07:45:30',	NULL,	'JPY',	NULL,	NULL,	0,	0,	1,	'order',	NULL,	NULL),
(83,	8,	NULL,	28,	NULL,	NULL,	5,	10,	24,	'85402c4a81af447991a9f15f691b83c38f0fee7f',	'83',	NULL,	'山本',	'太郎',	'ヤマモト',	'タロウ',	NULL,	'tspc.nokosazu@gmail.com',	'0796238856',	'6680044',	'豊岡市山王町',	'299',	NULL,	220000.00,	11000.00,	0.00,	0.00,	20000.00,	209000.00,	209000.00,	'クレジットカード',	NULL,	'2021-07-28 06:37:43',	'2021-07-28 06:39:36',	NULL,	NULL,	'JPY',	NULL,	'***********************************************\n　クーポン情報                                 \n***********************************************\n\nクーポンコード: 9r3kcy6i7kg8 オリンピック開催キャンペーン\n',	1890,	0,	8,	'order',	NULL,	NULL),
(84,	2,	NULL,	28,	1,	18,	5,	10,	24,	'b7d6c64321e8885e63f8ea5ded416ab20bcffc62',	'84',	NULL,	'豊岡',	'太郎',	'トヨオカ',	'タロウ',	'TEE ALL',	'tspc.nokosazu.bk@gmail.com',	'0796239113',	'6680000',	'豊岡市元町',	'１２－７',	NULL,	42900.00,	0.00,	0.00,	0.00,	3900.00,	42900.00,	42900.00,	'クレジットカード',	NULL,	'2021-11-25 13:23:41',	'2021-11-25 13:25:46',	NULL,	NULL,	'JPY',	NULL,	NULL,	390,	0,	8,	'order',	NULL,	NULL),
(85,	NULL,	NULL,	34,	NULL,	NULL,	3,	10,	40,	'92376f2f2ed375b7703dcb726a0adad24a834ace',	'85',	NULL,	'一元',	'購入',	'アアア',	'イイイ',	NULL,	'abc@test.com',	'1232563333',	'7371377',	'呉市倉橋町',	'１１',	NULL,	3850.00,	0.00,	0.00,	0.00,	350.00,	3850.00,	3850.00,	'銀行振込',	NULL,	'2021-12-14 05:56:40',	'2021-12-14 05:57:33',	NULL,	NULL,	'JPY',	NULL,	NULL,	0,	0,	8,	'order',	NULL,	NULL),
(86,	NULL,	NULL,	34,	NULL,	NULL,	5,	10,	40,	'884beca1fadcd730f839111e12ebe368f86ef997',	'86',	NULL,	'一元',	'購入',	'アアア',	'イイイ',	NULL,	'abc@test.com',	'1232563333',	'7371377',	'呉市倉橋町',	'１１',	NULL,	3850.00,	0.00,	1330.00,	0.00,	471.00,	5180.00,	5180.00,	'クレジットカード',	NULL,	'2021-12-14 05:59:11',	'2021-12-14 06:01:02',	NULL,	NULL,	'JPY',	NULL,	NULL,	0,	0,	8,	'order',	NULL,	NULL),
(87,	NULL,	NULL,	34,	NULL,	NULL,	5,	10,	40,	'806ff524c96154088b2a376c1eb2807fe3811b30',	'87',	NULL,	'一元',	'購入',	'アアア',	'イイイ',	NULL,	'abc@test.com',	'1232563333',	'7371377',	'呉市倉橋町',	'１１',	NULL,	3780.00,	0.00,	1330.00,	0.00,	401.00,	5110.00,	5110.00,	'クレジットカード',	NULL,	'2021-12-14 06:02:33',	'2021-12-14 06:03:55',	NULL,	NULL,	'JPY',	NULL,	NULL,	0,	0,	8,	'order',	NULL,	NULL),
(88,	NULL,	NULL,	34,	NULL,	NULL,	5,	10,	40,	'5d166e1255d987fc209c4c1613271d410922eb49',	NULL,	NULL,	'一元',	'購入',	'アアア',	'イイイ',	NULL,	'abc@test.com',	'1232563333',	'7371377',	'呉市倉橋町',	'１１',	NULL,	3780.00,	0.00,	1330.00,	0.00,	401.00,	5110.00,	5110.00,	'クレジットカード',	NULL,	'2021-12-14 06:05:34',	'2021-12-14 06:05:34',	NULL,	NULL,	'JPY',	NULL,	NULL,	0,	0,	8,	'order',	NULL,	NULL),
(89,	3,	NULL,	26,	NULL,	NULL,	3,	10,	40,	'9dfabbcfb90eb6035ad04e864fe4f6e37d797f82',	'89',	NULL,	'テスト',	'テスト',	'テスト',	'テスト',	NULL,	'ohshita@tspc.co.jp',	'12312341234',	'6293101',	'京丹後市網野町網野',	'123',	NULL,	3780.00,	0.00,	1330.00,	0.00,	401.00,	5110.00,	5110.00,	'銀行振込',	NULL,	'2022-02-08 05:31:36',	'2022-02-17 12:51:07',	'2022-02-08 05:35:17',	NULL,	'JPY',	NULL,	NULL,	35,	0,	3,	'order',	NULL,	NULL),
(90,	4,	NULL,	28,	NULL,	NULL,	5,	NULL,	24,	'09daa56fb9460a76325c9d7ef3bce1b1ebde8821',	'90',	NULL,	'豊岡',	'三郎',	'トヨオカ',	'サブロウ',	NULL,	'tspc@tspc.co.jp',	'0796227744',	'6680015',	'豊岡市一日市',	'528',	NULL,	3780.00,	0.00,	0.00,	0.00,	280.00,	3780.00,	3780.00,	'クレジットカード',	NULL,	'2022-03-02 05:45:02',	'2022-03-02 05:50:06',	'2022-03-02 05:45:02',	NULL,	'JPY',	NULL,	NULL,	35,	0,	3,	'order',	NULL,	NULL),
(91,	3,	NULL,	26,	NULL,	NULL,	5,	10,	40,	'c30eeac5b4f2142b68ad6ee5e3cb5ea7e297dfe1',	'91',	NULL,	'テスト',	'テスト',	'テスト',	'テスト',	NULL,	'ohshita@tspc.co.jp',	'12312341234',	'6293101',	'京丹後市網野町網野',	'123',	NULL,	3780.00,	0.00,	1330.00,	0.00,	401.00,	5110.00,	5110.00,	'クレジットカード',	NULL,	'2022-03-02 06:35:07',	'2022-03-02 06:37:17',	NULL,	NULL,	'JPY',	NULL,	'',	35,	0,	8,	'order',	NULL,	NULL),
(92,	11,	NULL,	26,	1,	1,	5,	10,	24,	'1483d2ae11aa1b5a05fe996e49e289e63147bd9e',	'92',	NULL,	'test',	'test',	'テスト',	'テスト',	'テスト会社',	'test12331132312@mailinator.com',	'07040254483',	'6293573',	'京丹後市久美浜町出角',	'22',	'1999-12-31 15:00:00',	220000.00,	0.00,	0.00,	0.00,	20000.00,	220000.00,	220000.00,	'クレジットカード',	NULL,	'2022-03-30 04:35:52',	'2022-03-30 04:47:22',	'2022-03-30 04:36:49',	NULL,	'JPY',	NULL,	NULL,	2000,	0,	5,	'order',	NULL,	NULL),
(93,	13,	NULL,	26,	NULL,	NULL,	3,	10,	19,	'bff0c84d74fccef1e1290fcf4c96e236cc25f258',	'93',	NULL,	'test',	'test',	'テスト',	'テスト',	'テスト会社',	'test12331132312232@mailinator.com',	'11111',	'6293574',	'京丹後市久美浜町',	'111',	NULL,	55000.00,	0.00,	300.00,	0.00,	5027.00,	55300.00,	55300.00,	'銀行振込',	NULL,	'2022-03-30 07:31:26',	'2022-03-30 07:43:09',	'2022-03-30 07:31:45',	'2022-03-30 07:33:37',	'JPY',	NULL,	NULL,	5500,	0,	4,	'order',	NULL,	NULL),
(94,	13,	NULL,	26,	NULL,	NULL,	5,	10,	19,	'054124c7a952d3b1bcbdf6f52e194c19596f34d0',	NULL,	NULL,	'test',	'test',	'テスト',	'テスト',	'テスト会社',	'test12331132312232@mailinator.com',	'11111',	'6293574',	'京丹後市久美浜町',	'111',	NULL,	110000.00,	0.00,	700.00,	0.00,	10064.00,	110700.00,	110700.00,	'クレジットカード',	NULL,	'2022-03-30 07:47:39',	'2022-03-30 07:47:39',	NULL,	NULL,	'JPY',	NULL,	NULL,	1000,	0,	8,	'order',	NULL,	NULL),
(95,	13,	NULL,	26,	NULL,	NULL,	5,	10,	21,	'58ecfd33667d103fc7147d823b1d3efefaec7143',	NULL,	NULL,	'test',	'test',	'テスト',	'テスト',	'テスト会社',	'test12331132312232@mailinator.com',	'11111',	'6293574',	'京丹後市久美浜町',	'111',	NULL,	418000.00,	0.00,	0.00,	0.00,	38000.00,	418000.00,	418000.00,	'クレジットカード',	NULL,	'2022-03-31 02:39:00',	'2022-03-31 02:39:00',	NULL,	NULL,	'JPY',	NULL,	NULL,	3800,	0,	8,	'order',	NULL,	NULL),
(96,	13,	NULL,	26,	NULL,	NULL,	5,	10,	19,	'cb46592f501dedec42c8d5d20817e7c66601194e',	'96',	NULL,	'test',	'test',	'テスト',	'テスト',	'テスト会社',	'test12331132312232@mailinator.com',	'11111',	'6293574',	'京丹後市久美浜町',	'111',	NULL,	110000.00,	5500.00,	600.00,	0.00,	10055.00,	105100.00,	105100.00,	'クレジットカード',	NULL,	'2022-03-31 02:41:17',	'2022-03-31 02:41:39',	NULL,	NULL,	'JPY',	NULL,	'***********************************************\n　クーポン情報                                 \n***********************************************\n\nクーポンコード: 2wvlsn3fo5og 5%off クーポン\n',	945,	0,	8,	'order',	NULL,	NULL),
(97,	13,	NULL,	26,	NULL,	NULL,	5,	10,	43,	'8dc73603aa0c18b7e048ca78834c51a7abc5bcd9',	'97',	NULL,	'test',	'test',	'テスト',	'テスト',	'テスト会社',	'test12331132312232@mailinator.com',	'11111',	'6293574',	'京丹後市久美浜町',	'111',	NULL,	660.00,	0.00,	100.00,	0.00,	69.00,	760.00,	760.00,	'クレジットカード',	NULL,	'2022-03-31 06:03:31',	'2022-03-31 06:12:39',	NULL,	NULL,	'JPY',	NULL,	NULL,	6,	0,	8,	'order',	NULL,	NULL),
(98,	13,	NULL,	26,	NULL,	NULL,	5,	10,	43,	'352b794e0b20ec0346023e1c71d50c1ad65642e2',	NULL,	NULL,	'test',	'test',	'テスト',	'テスト',	'テスト会社',	'test12331132312232@mailinator.com',	'11111',	'6293574',	'京丹後市久美浜町',	'111',	NULL,	660.00,	0.00,	100.00,	0.00,	69.00,	760.00,	760.00,	'クレジットカード',	NULL,	'2022-03-31 06:25:24',	'2022-03-31 06:25:24',	NULL,	NULL,	'JPY',	NULL,	NULL,	6,	0,	8,	'order',	NULL,	NULL),
(99,	13,	NULL,	26,	NULL,	NULL,	5,	10,	24,	'ee22c3bb7901cfa22509c440a3d1f4c53a331ace',	'99',	NULL,	'test',	'test',	'テスト',	'テスト',	'テスト会社',	'test12331132312232@mailinator.com',	'11111',	'6293574',	'京丹後市久美浜町',	'111',	NULL,	85800.00,	0.00,	0.00,	0.00,	7800.00,	85800.00,	85800.00,	'クレジットカード',	NULL,	'2022-03-31 07:37:58',	'2022-03-31 07:51:25',	NULL,	NULL,	'JPY',	NULL,	NULL,	780,	0,	8,	'order',	NULL,	NULL),
(100,	13,	NULL,	26,	NULL,	NULL,	5,	10,	21,	'5a4d9b7e68c4e613244fc325f9c8fd9271229e5d',	'100',	NULL,	'test',	'test',	'テスト',	'テスト',	'テスト会社',	'test12331132312232@mailinator.com',	'11111',	'6293574',	'京丹後市久美浜町',	'111',	NULL,	209000.00,	0.00,	0.00,	0.00,	19000.00,	209000.00,	209000.00,	'クレジットカード',	NULL,	'2022-04-01 02:03:21',	'2022-04-01 02:04:17',	'2022-04-01 02:04:16',	NULL,	'JPY',	NULL,	NULL,	1900,	0,	6,	'order',	NULL,	NULL),
(101,	13,	NULL,	26,	NULL,	NULL,	5,	10,	24,	'b431127bfd49fac74b007019d70259c66c0dadbb',	'101',	NULL,	'test',	'test',	'テスト',	'テスト',	'テスト会社',	'test12331132312232@mailinator.com',	'11111',	'6293574',	'京丹後市久美浜町',	'111',	NULL,	81510.00,	0.00,	0.00,	0.00,	7410.00,	81510.00,	81510.00,	'クレジットカード',	NULL,	'2022-04-01 02:25:44',	'2022-04-01 02:25:47',	NULL,	NULL,	'JPY',	NULL,	NULL,	8152,	0,	8,	'order',	2,	'Gold'),
(102,	13,	NULL,	26,	NULL,	NULL,	5,	10,	22,	'421aa93525520c981fb3b548a30fcbab338bc3a7',	'102',	NULL,	'test',	'test',	'テスト',	'テスト',	'テスト会社',	'test12331132312232@mailinator.com',	'11111',	'6293574',	'京丹後市久美浜町',	'111',	NULL,	2508.00,	0.00,	0.00,	0.00,	228.00,	2508.00,	2508.00,	'クレジットカード',	NULL,	'2022-04-01 02:27:39',	'2022-04-01 02:28:26',	NULL,	NULL,	'JPY',	NULL,	NULL,	250,	0,	8,	'order',	2,	'Gold'),
(103,	13,	NULL,	26,	NULL,	NULL,	5,	10,	24,	'0468c887881b05a3179d09af6a807d24fc2d8369',	'103',	NULL,	'test',	'test',	'テスト',	'テスト',	'テスト会社',	'test12331132312232@mailinator.com',	'11111',	'6293574',	'京丹後市久美浜町',	'111',	NULL,	418.00,	0.00,	1720.00,	0.00,	194.00,	2138.00,	2138.00,	'クレジットカード',	NULL,	'2022-04-01 02:29:28',	'2022-04-01 06:11:59',	'2022-04-01 02:36:16',	NULL,	'JPY',	NULL,	NULL,	42,	0,	6,	'order',	2,	'Gold'),
(104,	9,	NULL,	27,	NULL,	NULL,	5,	10,	43,	'e0781d510e4e8a8ac03c58dcf81c70b28bfa2692',	'104',	NULL,	'名',	'前',	'セイ',	'メイ',	'アーキテクトラボ',	'doc3@hotmail.com',	'+81123456789',	'5300001',	'大阪市北区梅田',	'西梅田1丁目6-8',	NULL,	110.00,	0.00,	100.00,	0.00,	19.00,	210.00,	210.00,	'クレジットカード',	NULL,	'2022-04-01 03:58:47',	'2022-04-01 03:58:51',	NULL,	NULL,	'JPY',	NULL,	NULL,	1,	0,	8,	'order',	NULL,	NULL),
(105,	13,	NULL,	26,	NULL,	NULL,	5,	10,	43,	'8a6f518e1a6afc24fcaacd7b266f0d9dabb1fd1d',	'105',	NULL,	'test',	'test',	'テスト',	'テスト',	'テスト会社',	'test12331132312232@mailinator.com',	'11111',	'6293574',	'京丹後市久美浜町',	'111',	NULL,	840.00,	0.00,	200.00,	0.00,	98.00,	1040.00,	1040.00,	'クレジットカード',	NULL,	'2022-04-01 06:01:13',	'2022-04-01 06:07:02',	NULL,	NULL,	'JPY',	NULL,	NULL,	80,	0,	8,	'order',	2,	'Gold'),
(106,	13,	NULL,	26,	NULL,	NULL,	5,	10,	43,	'3ff414877400798910ebc8dad1f058f6e9cbe8ac',	'106',	NULL,	'test',	'test',	'テスト',	'テスト',	'テスト会社',	'test12331132312232@mailinator.com',	'11111',	'6293574',	'京丹後市久美浜町',	'111',	NULL,	840.00,	0.00,	200.00,	0.00,	98.00,	1040.00,	1040.00,	'クレジットカード',	NULL,	'2022-04-04 05:04:47',	'2022-04-04 05:16:24',	NULL,	NULL,	'JPY',	NULL,	NULL,	80,	0,	8,	'order',	2,	'Gold'),
(107,	13,	NULL,	26,	NULL,	NULL,	5,	10,	45,	'416baf94240e5c1bdfbf19a86c75f98f2d95d0f7',	'107',	NULL,	'test',	'test',	'テスト',	'テスト',	'テスト会社',	'test12331132312232@mailinator.com',	'11111',	'6293574',	'京丹後市久美浜町',	'111',	NULL,	1045000.00,	0.00,	0.00,	0.00,	95000.00,	1045000.00,	1045000.00,	'クレジットカード',	NULL,	'2022-04-04 05:24:53',	'2022-04-04 05:29:22',	'2022-04-04 05:29:20',	NULL,	'JPY',	NULL,	NULL,	104500,	0,	6,	'order',	2,	'Gold'),
(108,	13,	NULL,	26,	NULL,	NULL,	5,	10,	24,	'3c56471f18683e32e23d8a28ee795cd3ec31c6f2',	'108',	NULL,	'test',	'test',	'テスト',	'テスト',	'テスト会社',	'test12331132312232@mailinator.com',	'11111',	'6293574',	'京丹後市久美浜町',	'111',	NULL,	40755.00,	0.00,	0.00,	0.00,	3705.00,	40755.00,	40755.00,	'クレジットカード',	NULL,	'2022-04-04 05:51:59',	'2022-04-04 05:52:54',	'2022-04-04 05:52:52',	NULL,	'JPY',	NULL,	NULL,	4076,	0,	6,	'order',	2,	'Gold'),
(109,	NULL,	NULL,	26,	NULL,	NULL,	5,	10,	45,	'5a42e3e50f97ecfdb10e8942a881cc4cd9be8811',	'109',	NULL,	'test',	'test',	'テスト',	'テスト',	NULL,	'the_all_test@mailinator.com',	'07040254483',	'6293574',	'京丹後市久美浜町',	'31',	NULL,	1100000.00,	0.00,	0.00,	0.00,	100000.00,	1100000.00,	1100000.00,	'クレジットカード',	NULL,	'2022-04-05 04:09:11',	'2022-04-05 05:49:02',	'2022-04-05 04:09:46',	NULL,	'JPY',	NULL,	NULL,	0,	0,	3,	'order',	NULL,	NULL),
(110,	13,	NULL,	26,	NULL,	NULL,	5,	10,	19,	'eb0806dac9ee63940b4d54dd79f7ebba087f469a',	'110',	NULL,	'test',	'test',	'テスト',	'テスト',	'テスト会社',	'test12331132312232@mailinator.com',	'11111',	'6293574',	'京丹後市久美浜町',	'111',	NULL,	5500.00,	0.00,	0.00,	0.00,	500.00,	5500.00,	5500.00,	'クレジットカード',	NULL,	'2022-04-05 05:44:36',	'2022-04-05 05:44:54',	NULL,	NULL,	'JPY',	NULL,	NULL,	550,	0,	8,	'order',	2,	'Gold'),
(111,	13,	NULL,	26,	NULL,	NULL,	5,	10,	19,	'f9b38bc59e17fb006a5bee9ca948c00aaa7dc400',	'111',	NULL,	'test',	'test',	'テスト',	'テスト',	'テスト会社',	'test12331132312232@mailinator.com',	'11111',	'6293574',	'京丹後市久美浜町',	'111',	NULL,	11000.00,	0.00,	0.00,	0.00,	1000.00,	11000.00,	11000.00,	'クレジットカード',	NULL,	'2022-04-05 05:45:15',	'2022-04-05 05:45:26',	'2022-04-05 05:45:24',	NULL,	'JPY',	NULL,	NULL,	1100,	0,	6,	'order',	2,	'Gold'),
(112,	13,	NULL,	26,	NULL,	NULL,	5,	10,	42,	'0d2b89e1c66fccee78c523b2f777edaaae6d2202',	'112',	NULL,	'test',	'test',	'テスト',	'テスト',	'テスト会社',	'test12331132312232@mailinator.com',	'11111',	'6293574',	'京丹後市久美浜町',	'111',	NULL,	105.00,	0.00,	0.00,	0.00,	10.00,	105.00,	105.00,	'クレジットカード',	NULL,	'2022-04-05 05:59:30',	'2022-04-05 06:22:45',	'2022-04-05 05:59:41',	NULL,	'JPY',	NULL,	NULL,	10,	0,	3,	'order',	2,	'Gold'),
(113,	13,	NULL,	26,	NULL,	NULL,	5,	10,	43,	'085bbac6c076df0b7587243c18dd0ecaabd7b457',	NULL,	NULL,	'test',	'test',	'テスト',	'テスト',	'テスト会社',	'test12331132312232@mailinator.com',	'11111',	'6293574',	'京丹後市久美浜町',	'111',	NULL,	105.00,	0.00,	100.00,	0.00,	19.00,	205.00,	205.00,	'クレジットカード',	NULL,	'2022-04-05 06:06:00',	'2022-04-05 06:06:00',	NULL,	NULL,	'JPY',	NULL,	NULL,	10,	0,	8,	'order',	2,	'Gold'),
(114,	13,	NULL,	26,	NULL,	NULL,	5,	10,	45,	'd7d52c44af36879fe34318a21c1bf1a0473c4f2b',	'114',	NULL,	'test',	'test',	'テスト',	'テスト',	'テスト会社',	'test12331132312232@mailinator.com',	'11111',	'6293574',	'京丹後市久美浜町',	'111',	NULL,	1045000.00,	0.00,	0.00,	0.00,	95000.00,	1045000.00,	1045000.00,	'クレジットカード',	NULL,	'2022-04-05 06:24:47',	'2022-04-05 06:25:02',	'2022-04-05 06:25:00',	NULL,	'JPY',	NULL,	NULL,	104500,	0,	6,	'order',	2,	'Gold'),
(115,	NULL,	NULL,	26,	NULL,	NULL,	5,	10,	22,	'899f6d8d4cfa8f572b56feb2211533bc7a56e00e',	NULL,	NULL,	'test',	'test',	'テスト',	'テスト',	NULL,	'yyecun505@gmail.com',	'07040254483',	'6293574',	'京丹後市久美浜町',	'1',	NULL,	418000.00,	0.00,	720.00,	0.00,	38065.00,	418720.00,	418720.00,	'クレジットカード',	NULL,	'2022-04-05 08:03:10',	'2022-04-05 08:03:10',	NULL,	NULL,	'JPY',	NULL,	NULL,	0,	0,	8,	'order',	NULL,	NULL),
(116,	13,	NULL,	26,	NULL,	NULL,	5,	10,	45,	'907c543ff9682e90812a0b6b6dd5c1b8405a48b4',	'116',	NULL,	'test',	'test',	'テスト',	'テスト',	'テスト会社',	'test12331132312232@mailinator.com',	'11111',	'6293574',	'京丹後市久美浜町',	'111',	NULL,	1045000.00,	0.00,	0.00,	0.00,	95000.00,	1045000.00,	1045000.00,	'クレジットカード',	NULL,	'2022-04-22 08:45:42',	'2022-04-22 08:48:39',	'2022-04-22 08:47:28',	NULL,	'JPY',	NULL,	NULL,	104500,	0,	3,	'order',	2,	'Gold'),
(117,	NULL,	NULL,	26,	NULL,	NULL,	5,	10,	40,	'09f200d92c166446c1f50bcd0164d7e2a830c344',	'117',	NULL,	'チャーチル',	'ライリー',	'チャーチル',	'ライリー',	NULL,	'test1@test.com',	'12312341234',	'6293101',	'京丹後市網野町網野',	'123',	NULL,	3780.00,	0.00,	1330.00,	0.00,	401.00,	5110.00,	5110.00,	'クレジットカード',	NULL,	'2023-05-13 07:49:50',	'2023-05-13 07:50:09',	'2023-05-13 07:50:08',	NULL,	'JPY',	NULL,	NULL,	0,	0,	6,	'order',	NULL,	NULL),
(118,	NULL,	NULL,	14,	NULL,	NULL,	5,	10,	42,	'1552ca631c19dd2b89e2e21fffd3b7ff83841b89',	'118',	NULL,	'鈴木',	'誠也',	'スズキ',	'セイヤ',	NULL,	'abc@ttspc.co.jp',	'0796238856',	'6683652',	'横浜市',	'中華街',	NULL,	43780.00,	0.00,	0.00,	0.00,	3980.00,	43780.00,	43780.00,	'クレジットカード',	NULL,	'2023-05-17 02:50:43',	'2023-05-17 04:45:44',	NULL,	NULL,	'JPY',	NULL,	NULL,	0,	0,	8,	'order',	NULL,	NULL),
(119,	8,	NULL,	28,	2,	8,	5,	10,	42,	'd492c77f9ceb0e2f0815bd452d449ae19a2ccc46',	'119',	NULL,	'山本',	'太郎',	'ヤマモト',	'タロウ',	NULL,	'tspc.nokosazu@gmail.com',	'0796238856',	'6680044',	'豊岡市山王町',	'299',	'1987-08-04 15:00:00',	43780.00,	950.00,	0.00,	0.00,	3980.00,	42830.00,	42830.00,	'クレジットカード',	NULL,	'2023-05-17 08:32:38',	'2023-05-17 08:34:27',	NULL,	NULL,	'JPY',	NULL,	'***********************************************\n　クーポン情報                                 \n***********************************************\n\nクーポンコード: 8f6tjjqah8g0 GWキャンペーン\n',	388,	300,	8,	'order',	NULL,	NULL),
(120,	8,	NULL,	28,	2,	8,	5,	10,	42,	'c173e620c8023f0b108242263e809af0c2149ab6',	NULL,	NULL,	'山本',	'太郎',	'ヤマモト',	'タロウ',	NULL,	'tspc.nokosazu@gmail.com',	'0796238856',	'6680044',	'豊岡市山王町',	'299',	'1987-08-04 15:00:00',	43780.00,	0.00,	0.00,	0.00,	3980.00,	43780.00,	43780.00,	'クレジットカード',	NULL,	'2023-05-17 09:15:05',	'2023-05-17 09:15:05',	NULL,	NULL,	'JPY',	NULL,	NULL,	398,	0,	8,	'order',	NULL,	NULL),
(121,	8,	NULL,	28,	2,	8,	3,	10,	22,	'66290f6e0321af77c66704804296e95845bf0d12',	'121',	NULL,	'山本',	'太郎',	'ヤマモト',	'タロウ',	NULL,	'tspc.nokosazu@gmail.com',	'0796238856',	'6680044',	'豊岡市山王町',	'299',	'1987-08-04 15:00:00',	209000.00,	0.00,	720.00,	0.00,	19065.00,	209720.00,	209720.00,	'銀行振込',	NULL,	'2023-05-17 09:15:52',	'2023-05-18 00:41:34',	'2023-05-17 09:18:07',	'2023-05-18 00:41:34',	'JPY',	NULL,	NULL,	1900,	0,	6,	'order',	NULL,	NULL),
(122,	3,	NULL,	26,	NULL,	NULL,	3,	10,	40,	'65d759ca713dcf5e4045a4e3c200222243aea0cc',	'122',	NULL,	'テスト',	'テスト',	'テスト',	'テスト',	NULL,	'ohshita@tspc.co.jp',	'12312341234',	'6293101',	'京丹後市網野町網野',	'123',	NULL,	3780.00,	0.00,	1330.00,	0.00,	401.00,	5110.00,	5110.00,	'銀行振込',	NULL,	'2023-07-04 02:33:17',	'2023-07-04 02:43:58',	'2023-07-04 02:35:19',	NULL,	'JPY',	NULL,	NULL,	35,	0,	5,	'order',	NULL,	NULL),
(123,	3,	NULL,	26,	NULL,	NULL,	5,	10,	22,	'14282be706a3bad919a20b9dd32fad6977c9255d',	'123',	NULL,	'テスト',	'テスト',	'テスト',	'テスト',	NULL,	'ohshita@tspc.co.jp',	'12312341234',	'6293101',	'京丹後市網野町網野',	'123',	NULL,	419320.00,	0.00,	720.00,	0.00,	38185.00,	420040.00,	420040.00,	'クレジットカード',	NULL,	'2023-07-04 02:35:56',	'2023-07-04 02:36:12',	NULL,	NULL,	'JPY',	NULL,	NULL,	3812,	0,	8,	'order',	NULL,	NULL),
(124,	3,	NULL,	26,	NULL,	NULL,	3,	10,	22,	'017ae9ff8fe4f1301e165cff3cc15d1e18b5b722',	'124',	NULL,	'テスト',	'テスト',	'テスト',	'テスト',	NULL,	'ohshita@tspc.co.jp',	'12312341234',	'6293101',	'京丹後市網野町網野',	'123',	NULL,	419320.00,	0.00,	720.00,	0.00,	38185.00,	420040.00,	420040.00,	'銀行振込',	NULL,	'2023-07-04 02:41:16',	'2023-07-04 02:44:09',	'2023-07-04 02:41:42',	NULL,	'JPY',	NULL,	NULL,	3812,	0,	5,	'order',	NULL,	NULL),
(125,	3,	NULL,	26,	NULL,	NULL,	3,	10,	24,	'081d0af9c1bd2da46600cfe45c17c75da1b75888',	'125',	NULL,	'テスト',	'テスト',	'テスト',	'テスト',	NULL,	'ohshita@tspc.co.jp',	'12312341234',	'6293101',	'京丹後市網野町網野',	'123',	NULL,	11000.00,	0.00,	0.00,	0.00,	1000.00,	11000.00,	11000.00,	'銀行振込',	NULL,	'2023-07-04 02:41:55',	'2023-07-04 02:44:40',	'2023-07-04 02:42:06',	NULL,	'JPY',	NULL,	NULL,	100,	0,	5,	'order',	NULL,	NULL),
(126,	3,	NULL,	26,	NULL,	NULL,	5,	10,	41,	'b63c6a10b566f51ae3517490fb884acf108cfbf1',	NULL,	NULL,	'テスト',	'テスト',	'テスト',	'テスト',	NULL,	'ohshita@tspc.co.jp',	'12312341234',	'6293101',	'京丹後市網野町網野',	'123',	NULL,	330.00,	0.00,	300.00,	0.00,	57.00,	630.00,	630.00,	'クレジットカード',	NULL,	'2023-07-04 02:53:06',	'2023-07-04 02:53:06',	NULL,	NULL,	'JPY',	NULL,	NULL,	3,	0,	8,	'order',	NULL,	NULL);

DROP TABLE IF EXISTS `dtb_order_item`;
CREATE TABLE `dtb_order_item` (
  `id` int(10) unsigned NOT NULL AUTO_INCREMENT,
  `order_id` int(10) unsigned DEFAULT NULL,
  `product_id` int(10) unsigned DEFAULT NULL,
  `product_class_id` int(10) unsigned DEFAULT NULL,
  `shipping_id` int(10) unsigned DEFAULT NULL,
  `rounding_type_id` smallint(5) unsigned DEFAULT NULL,
  `tax_type_id` smallint(5) unsigned DEFAULT NULL,
  `tax_display_type_id` smallint(5) unsigned DEFAULT NULL,
  `order_item_type_id` smallint(5) unsigned DEFAULT NULL,
  `product_name` varchar(255) NOT NULL,
  `product_code` varchar(255) DEFAULT NULL,
  `class_name1` varchar(255) DEFAULT NULL,
  `class_name2` varchar(255) DEFAULT NULL,
  `class_category_name1` varchar(255) DEFAULT NULL,
  `class_category_name2` varchar(255) DEFAULT NULL,
  `price` decimal(12,2) NOT NULL DEFAULT 0.00,
  `quantity` decimal(10,0) NOT NULL DEFAULT 0,
  `tax` decimal(10,0) NOT NULL DEFAULT 0,
  `tax_rate` decimal(10,0) unsigned NOT NULL DEFAULT 0,
  `tax_adjust` decimal(10,0) unsigned NOT NULL DEFAULT 0,
  `tax_rule_id` smallint(5) unsigned DEFAULT NULL,
  `currency_code` varchar(255) DEFAULT NULL,
  `processor_name` varchar(255) DEFAULT NULL,
  `point_rate` decimal(10,0) unsigned DEFAULT NULL,
  `discriminator_type` varchar(255) NOT NULL,
  PRIMARY KEY (`id`),
  KEY `IDX_A0C8C3ED8D9F6D38` (`order_id`),
  KEY `IDX_A0C8C3ED4584665A` (`product_id`),
  KEY `IDX_A0C8C3ED21B06187` (`product_class_id`),
  KEY `IDX_A0C8C3ED4887F3F8` (`shipping_id`),
  KEY `IDX_A0C8C3ED1BD5C574` (`rounding_type_id`),
  KEY `IDX_A0C8C3ED84042C99` (`tax_type_id`),
  KEY `IDX_A0C8C3EDA2505856` (`tax_display_type_id`),
  KEY `IDX_A0C8C3EDCAD13EAD` (`order_item_type_id`),
  CONSTRAINT `FK_A0C8C3ED1BD5C574` FOREIGN KEY (`rounding_type_id`) REFERENCES `mtb_rounding_type` (`id`),
  CONSTRAINT `FK_A0C8C3ED21B06187` FOREIGN KEY (`product_class_id`) REFERENCES `dtb_product_class` (`id`),
  CONSTRAINT `FK_A0C8C3ED4584665A` FOREIGN KEY (`product_id`) REFERENCES `dtb_product` (`id`),
  CONSTRAINT `FK_A0C8C3ED4887F3F8` FOREIGN KEY (`shipping_id`) REFERENCES `dtb_shipping` (`id`),
  CONSTRAINT `FK_A0C8C3ED84042C99` FOREIGN KEY (`tax_type_id`) REFERENCES `mtb_tax_type` (`id`),
  CONSTRAINT `FK_A0C8C3ED8D9F6D38` FOREIGN KEY (`order_id`) REFERENCES `dtb_order` (`id`),
  CONSTRAINT `FK_A0C8C3EDA2505856` FOREIGN KEY (`tax_display_type_id`) REFERENCES `mtb_tax_display_type` (`id`),
  CONSTRAINT `FK_A0C8C3EDCAD13EAD` FOREIGN KEY (`order_item_type_id`) REFERENCES `mtb_order_item_type` (`id`)
) ENGINE=InnoDB DEFAULT CHARSET=utf8;

INSERT INTO `dtb_order_item` (`id`, `order_id`, `product_id`, `product_class_id`, `shipping_id`, `rounding_type_id`, `tax_type_id`, `tax_display_type_id`, `order_item_type_id`, `product_name`, `product_code`, `class_name1`, `class_name2`, `class_category_name1`, `class_category_name2`, `price`, `quantity`, `tax`, `tax_rate`, `tax_adjust`, `tax_rule_id`, `currency_code`, `processor_name`, `point_rate`, `discriminator_type`) VALUES
(1,	1,	4,	13,	1,	1,	1,	1,	1,	'パン',	'ああ',	NULL,	NULL,	NULL,	NULL,	200.00,	1,	20,	10,	0,	NULL,	'JPY',	NULL,	NULL,	'orderitem'),
(3,	1,	NULL,	NULL,	NULL,	1,	1,	2,	3,	'手数料',	NULL,	NULL,	NULL,	NULL,	NULL,	0.00,	1,	0,	10,	0,	NULL,	'JPY',	'Eccube\\Service\\PurchaseFlow\\Processor\\PaymentChargePreprocessor',	NULL,	'orderitem'),
(13,	1,	NULL,	NULL,	1,	1,	1,	2,	2,	'送料',	NULL,	NULL,	NULL,	NULL,	NULL,	840.00,	1,	76,	10,	0,	NULL,	'JPY',	'Eccube\\Service\\PurchaseFlow\\Processor\\DeliveryFeePreprocessor',	NULL,	'orderitem'),
(14,	2,	1,	7,	2,	1,	1,	1,	1,	'彩のジェラートCUBE',	'cube-06',	'フレーバー',	'サイズ',	'抹茶',	'16mm × 16mm',	34500.00,	1,	3450,	10,	0,	NULL,	'JPY',	NULL,	NULL,	'orderitem'),
(16,	2,	NULL,	NULL,	NULL,	1,	1,	2,	3,	'手数料',	NULL,	NULL,	NULL,	NULL,	NULL,	0.00,	1,	0,	10,	0,	NULL,	'JPY',	'Eccube\\Service\\PurchaseFlow\\Processor\\PaymentChargePreprocessor',	NULL,	'orderitem'),
(21,	3,	1,	10,	3,	1,	1,	1,	1,	'彩のジェラートCUBE',	'cube-09',	'フレーバー',	'サイズ',	'チョコ',	'16mm × 16mm',	5000.00,	1,	500,	10,	0,	NULL,	'JPY',	NULL,	NULL,	'orderitem'),
(22,	3,	NULL,	NULL,	3,	1,	1,	2,	2,	'送料',	NULL,	NULL,	NULL,	NULL,	NULL,	300.00,	1,	27,	10,	0,	NULL,	'JPY',	'Eccube\\Service\\PurchaseFlow\\Processor\\DeliveryFeePreprocessor',	NULL,	'orderitem'),
(23,	3,	NULL,	NULL,	NULL,	1,	1,	2,	3,	'手数料',	NULL,	NULL,	NULL,	NULL,	NULL,	0.00,	1,	0,	10,	0,	NULL,	'JPY',	'Eccube\\Service\\PurchaseFlow\\Processor\\PaymentChargePreprocessor',	NULL,	'orderitem'),
(24,	4,	2,	11,	4,	1,	1,	1,	1,	'チェリーアイスサンド',	'sand-01',	NULL,	NULL,	NULL,	NULL,	2800.00,	1,	280,	10,	0,	NULL,	'JPY',	NULL,	NULL,	'orderitem'),
(25,	4,	NULL,	NULL,	4,	1,	1,	2,	2,	'送料',	NULL,	NULL,	NULL,	NULL,	NULL,	300.00,	1,	27,	10,	0,	NULL,	'JPY',	'Eccube\\Service\\PurchaseFlow\\Processor\\DeliveryFeePreprocessor',	NULL,	'orderitem'),
(26,	4,	NULL,	NULL,	NULL,	1,	1,	2,	3,	'手数料',	NULL,	NULL,	NULL,	NULL,	NULL,	0.00,	1,	0,	10,	0,	NULL,	'JPY',	'Eccube\\Service\\PurchaseFlow\\Processor\\PaymentChargePreprocessor',	NULL,	'orderitem'),
(27,	5,	5,	14,	5,	1,	1,	1,	1,	'指輪',	'020-00350',	NULL,	NULL,	NULL,	NULL,	298000.00,	1,	29800,	10,	0,	NULL,	'JPY',	NULL,	NULL,	'orderitem'),
(29,	5,	NULL,	NULL,	NULL,	1,	1,	2,	3,	'手数料',	NULL,	NULL,	NULL,	NULL,	NULL,	0.00,	1,	0,	10,	0,	NULL,	'JPY',	'Eccube\\Service\\PurchaseFlow\\Processor\\PaymentChargePreprocessor',	NULL,	'orderitem'),
(36,	5,	NULL,	NULL,	5,	1,	1,	2,	2,	'送料',	NULL,	NULL,	NULL,	NULL,	NULL,	840.00,	1,	76,	10,	0,	NULL,	'JPY',	'Eccube\\Service\\PurchaseFlow\\Processor\\DeliveryFeePreprocessor',	NULL,	'orderitem'),
(37,	6,	5,	14,	6,	1,	1,	1,	1,	'指輪',	'020-00350',	NULL,	NULL,	NULL,	NULL,	298000.00,	1,	29800,	10,	0,	NULL,	'JPY',	NULL,	NULL,	'orderitem'),
(39,	6,	NULL,	NULL,	NULL,	1,	1,	2,	3,	'手数料',	NULL,	NULL,	NULL,	NULL,	NULL,	0.00,	1,	0,	10,	0,	NULL,	'JPY',	'Eccube\\Service\\PurchaseFlow\\Processor\\PaymentChargePreprocessor',	NULL,	'orderitem'),
(42,	6,	NULL,	NULL,	6,	1,	1,	2,	2,	'送料',	NULL,	NULL,	NULL,	NULL,	NULL,	840.00,	1,	76,	10,	0,	NULL,	'JPY',	'Eccube\\Service\\PurchaseFlow\\Processor\\DeliveryFeePreprocessor',	NULL,	'orderitem'),
(43,	7,	2,	11,	7,	1,	1,	1,	1,	'チェリーアイスサンド',	'sand-01',	NULL,	NULL,	NULL,	NULL,	2800.00,	1,	280,	10,	0,	NULL,	'JPY',	NULL,	NULL,	'orderitem'),
(44,	7,	NULL,	NULL,	7,	1,	1,	2,	2,	'送料',	NULL,	NULL,	NULL,	NULL,	NULL,	300.00,	1,	27,	10,	0,	NULL,	'JPY',	'Eccube\\Service\\PurchaseFlow\\Processor\\DeliveryFeePreprocessor',	NULL,	'orderitem'),
(45,	7,	NULL,	NULL,	NULL,	1,	1,	2,	3,	'手数料',	NULL,	NULL,	NULL,	NULL,	NULL,	0.00,	1,	0,	10,	0,	NULL,	'JPY',	'Eccube\\Service\\PurchaseFlow\\Processor\\PaymentChargePreprocessor',	NULL,	'orderitem'),
(46,	8,	1,	9,	8,	1,	1,	1,	1,	'彩のジェラートCUBE',	'cube-08',	'フレーバー',	'サイズ',	'チョコ',	'32mm × 32mm',	13000.00,	1,	1300,	10,	0,	NULL,	'JPY',	NULL,	NULL,	'orderitem'),
(48,	8,	NULL,	NULL,	NULL,	1,	1,	2,	3,	'手数料',	NULL,	NULL,	NULL,	NULL,	NULL,	0.00,	1,	0,	10,	0,	NULL,	'JPY',	'Eccube\\Service\\PurchaseFlow\\Processor\\PaymentChargePreprocessor',	NULL,	'orderitem'),
(52,	8,	NULL,	NULL,	8,	1,	1,	2,	2,	'送料',	NULL,	NULL,	NULL,	NULL,	NULL,	300.00,	1,	27,	10,	0,	NULL,	'JPY',	'Eccube\\Service\\PurchaseFlow\\Processor\\DeliveryFeePreprocessor',	NULL,	'orderitem'),
(53,	9,	8,	17,	9,	1,	1,	1,	1,	'ネックレス',	'R-200220',	NULL,	NULL,	NULL,	NULL,	39000.00,	1,	3900,	10,	0,	NULL,	'JPY',	NULL,	NULL,	'orderitem'),
(55,	9,	NULL,	NULL,	NULL,	1,	1,	2,	3,	'手数料',	NULL,	NULL,	NULL,	NULL,	NULL,	0.00,	1,	0,	10,	0,	NULL,	'JPY',	'Eccube\\Service\\PurchaseFlow\\Processor\\PaymentChargePreprocessor',	NULL,	'orderitem'),
(59,	9,	NULL,	NULL,	9,	1,	1,	2,	2,	'送料',	NULL,	NULL,	NULL,	NULL,	NULL,	840.00,	1,	76,	10,	0,	NULL,	'JPY',	'Eccube\\Service\\PurchaseFlow\\Processor\\DeliveryFeePreprocessor',	NULL,	'orderitem'),
(60,	10,	3,	12,	10,	1,	1,	1,	1,	'test 11',	NULL,	NULL,	NULL,	NULL,	NULL,	50000.00,	0,	5000,	10,	0,	NULL,	'JPY',	NULL,	NULL,	'orderitem'),
(62,	10,	NULL,	NULL,	NULL,	1,	1,	2,	3,	'手数料',	NULL,	NULL,	NULL,	NULL,	NULL,	0.00,	0,	0,	10,	0,	NULL,	'JPY',	'Eccube\\Service\\PurchaseFlow\\Processor\\PaymentChargePreprocessor',	NULL,	'orderitem'),
(66,	10,	NULL,	NULL,	10,	1,	1,	2,	2,	'送料',	NULL,	NULL,	NULL,	NULL,	NULL,	300.00,	0,	27,	10,	0,	NULL,	'JPY',	'Eccube\\Service\\PurchaseFlow\\Processor\\DeliveryFeePreprocessor',	NULL,	'orderitem'),
(67,	11,	4,	13,	11,	1,	1,	1,	1,	'パン',	'ああ',	NULL,	NULL,	NULL,	NULL,	200.00,	1,	20,	10,	0,	NULL,	'JPY',	NULL,	NULL,	'orderitem'),
(69,	11,	NULL,	NULL,	NULL,	1,	1,	2,	3,	'手数料',	NULL,	NULL,	NULL,	NULL,	NULL,	0.00,	1,	0,	10,	0,	NULL,	'JPY',	'Eccube\\Service\\PurchaseFlow\\Processor\\PaymentChargePreprocessor',	NULL,	'orderitem'),
(72,	11,	NULL,	NULL,	11,	1,	1,	2,	2,	'送料',	NULL,	NULL,	NULL,	NULL,	NULL,	720.00,	1,	65,	10,	0,	NULL,	'JPY',	'Eccube\\Service\\PurchaseFlow\\Processor\\DeliveryFeePreprocessor',	NULL,	'orderitem'),
(73,	12,	3,	12,	12,	1,	1,	1,	1,	'test 11',	NULL,	NULL,	NULL,	NULL,	NULL,	50000.00,	1,	5000,	10,	0,	NULL,	'JPY',	NULL,	NULL,	'orderitem'),
(74,	12,	NULL,	NULL,	12,	1,	1,	2,	2,	'送料',	NULL,	NULL,	NULL,	NULL,	NULL,	300.00,	1,	27,	10,	0,	NULL,	'JPY',	'Eccube\\Service\\PurchaseFlow\\Processor\\DeliveryFeePreprocessor',	NULL,	'orderitem'),
(75,	12,	NULL,	NULL,	NULL,	1,	1,	2,	3,	'手数料',	NULL,	NULL,	NULL,	NULL,	NULL,	0.00,	1,	0,	10,	0,	NULL,	'JPY',	'Eccube\\Service\\PurchaseFlow\\Processor\\PaymentChargePreprocessor',	NULL,	'orderitem'),
(76,	13,	7,	16,	13,	1,	1,	1,	1,	'タンザナイト',	'Ｔ－００１２５',	NULL,	NULL,	NULL,	NULL,	10000.00,	1,	1000,	10,	0,	NULL,	'JPY',	NULL,	NULL,	'orderitem'),
(77,	13,	8,	17,	13,	1,	1,	1,	1,	'ネックレス',	'R-200220',	NULL,	NULL,	NULL,	NULL,	39000.00,	1,	3900,	10,	0,	NULL,	'JPY',	NULL,	NULL,	'orderitem'),
(79,	13,	NULL,	NULL,	NULL,	1,	1,	2,	3,	'手数料',	NULL,	NULL,	NULL,	NULL,	NULL,	0.00,	1,	0,	10,	0,	NULL,	'JPY',	'Eccube\\Service\\PurchaseFlow\\Processor\\PaymentChargePreprocessor',	NULL,	'orderitem'),
(81,	13,	NULL,	NULL,	13,	1,	1,	2,	2,	'送料',	NULL,	NULL,	NULL,	NULL,	NULL,	840.00,	1,	76,	10,	0,	NULL,	'JPY',	'Eccube\\Service\\PurchaseFlow\\Processor\\DeliveryFeePreprocessor',	NULL,	'orderitem'),
(82,	14,	3,	12,	14,	1,	1,	1,	1,	'test 11',	NULL,	NULL,	NULL,	NULL,	NULL,	50000.00,	1,	5000,	10,	0,	NULL,	'JPY',	NULL,	NULL,	'orderitem'),
(84,	14,	NULL,	NULL,	NULL,	1,	1,	2,	3,	'手数料',	NULL,	NULL,	NULL,	NULL,	NULL,	0.00,	1,	0,	10,	0,	NULL,	'JPY',	'Eccube\\Service\\PurchaseFlow\\Processor\\PaymentChargePreprocessor',	NULL,	'orderitem'),
(85,	15,	7,	16,	15,	1,	1,	1,	1,	'タンザナイト',	'Ｔ－００１２５',	NULL,	NULL,	NULL,	NULL,	10000.00,	1,	1000,	10,	0,	NULL,	'JPY',	NULL,	NULL,	'orderitem'),
(86,	15,	8,	17,	15,	1,	1,	1,	1,	'ネックレス',	'R-200220',	NULL,	NULL,	NULL,	NULL,	39000.00,	1,	3900,	10,	0,	NULL,	'JPY',	NULL,	NULL,	'orderitem'),
(88,	15,	NULL,	NULL,	NULL,	1,	1,	2,	3,	'手数料',	NULL,	NULL,	NULL,	NULL,	NULL,	0.00,	1,	0,	10,	0,	NULL,	'JPY',	'Eccube\\Service\\PurchaseFlow\\Processor\\PaymentChargePreprocessor',	NULL,	'orderitem'),
(91,	15,	NULL,	NULL,	15,	1,	1,	2,	2,	'送料',	NULL,	NULL,	NULL,	NULL,	NULL,	840.00,	1,	76,	10,	0,	NULL,	'JPY',	'Eccube\\Service\\PurchaseFlow\\Processor\\DeliveryFeePreprocessor',	NULL,	'orderitem'),
(103,	14,	NULL,	NULL,	14,	1,	1,	2,	2,	'送料',	NULL,	NULL,	NULL,	NULL,	NULL,	300.00,	1,	27,	10,	0,	NULL,	'JPY',	'Eccube\\Service\\PurchaseFlow\\Processor\\DeliveryFeePreprocessor',	NULL,	'orderitem'),
(104,	16,	1,	10,	16,	1,	1,	1,	1,	'彩のジェラートCUBE',	'cube-09',	'フレーバー',	'サイズ',	'チョコ',	'16mm × 16mm',	5000.00,	1,	500,	10,	0,	NULL,	'JPY',	NULL,	NULL,	'orderitem'),
(106,	16,	NULL,	NULL,	NULL,	1,	1,	2,	3,	'手数料',	NULL,	NULL,	NULL,	NULL,	NULL,	0.00,	1,	0,	10,	0,	NULL,	'JPY',	'Eccube\\Service\\PurchaseFlow\\Processor\\PaymentChargePreprocessor',	NULL,	'orderitem'),
(107,	17,	6,	15,	17,	1,	1,	1,	1,	'ダイヤモンドリング',	'd-121-0020',	NULL,	NULL,	NULL,	NULL,	200000.00,	1,	20000,	10,	0,	NULL,	'JPY',	NULL,	NULL,	'orderitem'),
(109,	17,	NULL,	NULL,	NULL,	1,	1,	2,	3,	'手数料',	NULL,	NULL,	NULL,	NULL,	NULL,	0.00,	1,	0,	10,	0,	NULL,	'JPY',	'Eccube\\Service\\PurchaseFlow\\Processor\\PaymentChargePreprocessor',	NULL,	'orderitem'),
(110,	16,	NULL,	NULL,	16,	1,	1,	2,	2,	'送料',	NULL,	NULL,	NULL,	NULL,	NULL,	300.00,	1,	27,	10,	0,	NULL,	'JPY',	'Eccube\\Service\\PurchaseFlow\\Processor\\DeliveryFeePreprocessor',	NULL,	'orderitem'),
(112,	17,	NULL,	NULL,	17,	1,	1,	2,	2,	'送料',	NULL,	NULL,	NULL,	NULL,	NULL,	840.00,	1,	76,	10,	0,	NULL,	'JPY',	'Eccube\\Service\\PurchaseFlow\\Processor\\DeliveryFeePreprocessor',	NULL,	'orderitem'),
(113,	18,	4,	13,	18,	1,	1,	1,	1,	'パン',	'ああ',	NULL,	NULL,	NULL,	NULL,	200.00,	1,	20,	10,	0,	NULL,	'JPY',	NULL,	NULL,	'orderitem'),
(115,	18,	NULL,	NULL,	NULL,	1,	1,	2,	3,	'手数料',	NULL,	NULL,	NULL,	NULL,	NULL,	0.00,	1,	0,	10,	0,	NULL,	'JPY',	'Eccube\\Service\\PurchaseFlow\\Processor\\PaymentChargePreprocessor',	NULL,	'orderitem'),
(116,	19,	7,	16,	19,	1,	1,	1,	1,	'タンザナイト',	'Ｔ－００１２５',	NULL,	NULL,	NULL,	NULL,	10000.00,	1,	1000,	10,	0,	NULL,	'JPY',	NULL,	NULL,	'orderitem'),
(117,	19,	NULL,	NULL,	19,	1,	1,	2,	2,	'送料',	NULL,	NULL,	NULL,	NULL,	NULL,	840.00,	1,	76,	10,	0,	NULL,	'JPY',	'Eccube\\Service\\PurchaseFlow\\Processor\\DeliveryFeePreprocessor',	NULL,	'orderitem'),
(118,	19,	NULL,	NULL,	NULL,	1,	1,	2,	3,	'手数料',	NULL,	NULL,	NULL,	NULL,	NULL,	0.00,	1,	0,	10,	0,	NULL,	'JPY',	'Eccube\\Service\\PurchaseFlow\\Processor\\PaymentChargePreprocessor',	NULL,	'orderitem'),
(122,	18,	NULL,	NULL,	18,	1,	1,	2,	2,	'送料',	NULL,	NULL,	NULL,	NULL,	NULL,	720.00,	1,	65,	10,	0,	NULL,	'JPY',	'Eccube\\Service\\PurchaseFlow\\Processor\\DeliveryFeePreprocessor',	NULL,	'orderitem'),
(123,	20,	7,	16,	20,	1,	1,	1,	1,	'タンザナイト',	'Ｔ－００１２５',	NULL,	NULL,	NULL,	NULL,	10000.00,	1,	1000,	10,	0,	NULL,	'JPY',	NULL,	NULL,	'orderitem'),
(124,	20,	6,	15,	20,	1,	1,	1,	1,	'ダイヤモンドリング',	'd-121-0020',	NULL,	NULL,	NULL,	NULL,	200000.00,	1,	20000,	10,	0,	NULL,	'JPY',	NULL,	NULL,	'orderitem'),
(126,	20,	NULL,	NULL,	NULL,	1,	1,	2,	3,	'手数料',	NULL,	NULL,	NULL,	NULL,	NULL,	0.00,	1,	0,	10,	0,	NULL,	'JPY',	'Eccube\\Service\\PurchaseFlow\\Processor\\PaymentChargePreprocessor',	NULL,	'orderitem'),
(128,	20,	NULL,	NULL,	20,	1,	1,	2,	2,	'送料',	NULL,	NULL,	NULL,	NULL,	NULL,	1720.00,	1,	156,	10,	0,	NULL,	'JPY',	'Eccube\\Service\\PurchaseFlow\\Processor\\DeliveryFeePreprocessor',	NULL,	'orderitem'),
(129,	21,	4,	13,	21,	1,	1,	1,	1,	'パン',	'ああ',	NULL,	NULL,	NULL,	NULL,	200.00,	1,	16,	8,	0,	NULL,	'JPY',	NULL,	NULL,	'orderitem'),
(131,	21,	NULL,	NULL,	NULL,	1,	1,	2,	3,	'手数料',	NULL,	NULL,	NULL,	NULL,	NULL,	0.00,	1,	0,	8,	0,	NULL,	'JPY',	'Eccube\\Service\\PurchaseFlow\\Processor\\PaymentChargePreprocessor',	NULL,	'orderitem'),
(132,	21,	NULL,	NULL,	21,	1,	1,	2,	2,	'送料',	NULL,	NULL,	NULL,	NULL,	NULL,	720.00,	1,	53,	8,	0,	NULL,	'JPY',	'Eccube\\Service\\PurchaseFlow\\Processor\\DeliveryFeePreprocessor',	NULL,	'orderitem'),
(133,	22,	7,	16,	22,	1,	1,	1,	1,	'タンザナイト',	'Ｔ－００１２５',	NULL,	NULL,	NULL,	NULL,	10000.00,	1,	800,	8,	0,	NULL,	'JPY',	NULL,	NULL,	'orderitem'),
(134,	22,	6,	15,	22,	1,	1,	1,	1,	'ダイヤモンドリング',	'd-121-0020',	NULL,	NULL,	NULL,	NULL,	200000.00,	1,	20000,	10,	0,	NULL,	'JPY',	NULL,	NULL,	'orderitem'),
(136,	22,	NULL,	NULL,	NULL,	1,	1,	2,	3,	'手数料',	NULL,	NULL,	NULL,	NULL,	NULL,	0.00,	1,	0,	8,	0,	NULL,	'JPY',	'Eccube\\Service\\PurchaseFlow\\Processor\\PaymentChargePreprocessor',	NULL,	'orderitem'),
(152,	23,	4,	13,	23,	1,	1,	1,	1,	'パン',	'ああ',	NULL,	NULL,	NULL,	NULL,	200.00,	1,	16,	8,	0,	NULL,	'JPY',	NULL,	NULL,	'orderitem'),
(154,	23,	NULL,	NULL,	NULL,	1,	1,	2,	3,	'手数料',	NULL,	NULL,	NULL,	NULL,	NULL,	0.00,	1,	0,	8,	0,	NULL,	'JPY',	'Eccube\\Service\\PurchaseFlow\\Processor\\PaymentChargePreprocessor',	NULL,	'orderitem'),
(156,	23,	NULL,	NULL,	23,	1,	1,	2,	2,	'送料',	NULL,	NULL,	NULL,	NULL,	NULL,	720.00,	1,	53,	8,	0,	NULL,	'JPY',	'Eccube\\Service\\PurchaseFlow\\Processor\\DeliveryFeePreprocessor',	NULL,	'orderitem'),
(162,	22,	NULL,	NULL,	22,	1,	1,	2,	2,	'送料',	NULL,	NULL,	NULL,	NULL,	NULL,	1720.00,	1,	127,	8,	0,	NULL,	'JPY',	'Eccube\\Service\\PurchaseFlow\\Processor\\DeliveryFeePreprocessor',	NULL,	'orderitem'),
(163,	24,	4,	13,	24,	1,	1,	1,	1,	'パン',	'ああ',	NULL,	NULL,	NULL,	NULL,	200.00,	1,	16,	8,	0,	NULL,	'JPY',	NULL,	NULL,	'orderitem'),
(165,	24,	NULL,	NULL,	NULL,	1,	1,	2,	3,	'手数料',	NULL,	NULL,	NULL,	NULL,	NULL,	0.00,	1,	0,	8,	0,	NULL,	'JPY',	'Eccube\\Service\\PurchaseFlow\\Processor\\PaymentChargePreprocessor',	NULL,	'orderitem'),
(166,	25,	7,	16,	25,	1,	1,	1,	1,	'タンザナイト',	'Ｔ－００１２５',	NULL,	NULL,	NULL,	NULL,	10000.00,	1,	800,	8,	0,	NULL,	'JPY',	NULL,	NULL,	'orderitem'),
(167,	25,	6,	15,	25,	1,	1,	1,	1,	'ダイヤモンドリング',	'd-121-0020',	NULL,	NULL,	NULL,	NULL,	200000.00,	1,	20000,	10,	0,	NULL,	'JPY',	NULL,	NULL,	'orderitem'),
(168,	25,	NULL,	NULL,	25,	1,	1,	2,	2,	'送料',	NULL,	NULL,	NULL,	NULL,	NULL,	1720.00,	1,	127,	8,	0,	NULL,	'JPY',	'Eccube\\Service\\PurchaseFlow\\Processor\\DeliveryFeePreprocessor',	NULL,	'orderitem'),
(169,	25,	NULL,	NULL,	NULL,	1,	1,	2,	3,	'手数料',	NULL,	NULL,	NULL,	NULL,	NULL,	0.00,	1,	0,	8,	0,	NULL,	'JPY',	'Eccube\\Service\\PurchaseFlow\\Processor\\PaymentChargePreprocessor',	NULL,	'orderitem'),
(170,	24,	NULL,	NULL,	24,	1,	1,	2,	2,	'送料',	NULL,	NULL,	NULL,	NULL,	NULL,	720.00,	1,	53,	8,	0,	NULL,	'JPY',	'Eccube\\Service\\PurchaseFlow\\Processor\\DeliveryFeePreprocessor',	NULL,	'orderitem'),
(171,	26,	3,	12,	26,	1,	1,	1,	1,	'test 11',	NULL,	NULL,	NULL,	NULL,	NULL,	50000.00,	1,	4000,	8,	0,	NULL,	'JPY',	NULL,	NULL,	'orderitem'),
(172,	26,	NULL,	NULL,	26,	1,	1,	2,	2,	'送料',	NULL,	NULL,	NULL,	NULL,	NULL,	300.00,	1,	22,	8,	0,	NULL,	'JPY',	'Eccube\\Service\\PurchaseFlow\\Processor\\DeliveryFeePreprocessor',	NULL,	'orderitem'),
(173,	26,	NULL,	NULL,	NULL,	1,	1,	2,	3,	'手数料',	NULL,	NULL,	NULL,	NULL,	NULL,	0.00,	1,	0,	8,	0,	NULL,	'JPY',	'Eccube\\Service\\PurchaseFlow\\Processor\\PaymentChargePreprocessor',	NULL,	'orderitem'),
(174,	27,	2,	11,	27,	1,	1,	1,	1,	'チェリーアイスサンド',	'sand-01',	NULL,	NULL,	NULL,	NULL,	2800.00,	1,	224,	8,	0,	NULL,	'JPY',	NULL,	NULL,	'orderitem'),
(175,	27,	NULL,	NULL,	27,	1,	1,	2,	2,	'送料',	NULL,	NULL,	NULL,	NULL,	NULL,	300.00,	1,	22,	8,	0,	NULL,	'JPY',	'Eccube\\Service\\PurchaseFlow\\Processor\\DeliveryFeePreprocessor',	NULL,	'orderitem'),
(176,	27,	NULL,	NULL,	NULL,	1,	1,	2,	3,	'手数料',	NULL,	NULL,	NULL,	NULL,	NULL,	0.00,	1,	0,	8,	0,	NULL,	'JPY',	'Eccube\\Service\\PurchaseFlow\\Processor\\PaymentChargePreprocessor',	NULL,	'orderitem'),
(177,	28,	4,	13,	28,	1,	1,	1,	1,	'パン',	'ああ',	NULL,	NULL,	NULL,	NULL,	200.00,	1,	20,	10,	0,	NULL,	'JPY',	NULL,	NULL,	'orderitem'),
(178,	28,	28,	51,	28,	1,	1,	1,	1,	'カシオ CASIO Gショック G-SHOCK クオーツ メンズ 腕時計 GA-100CG-2A ネイビー［逆輸入品］［wimp］',	'ああ',	NULL,	NULL,	NULL,	NULL,	180000.00,	1,	18000,	10,	0,	NULL,	'JPY',	NULL,	NULL,	'orderitem'),
(180,	28,	NULL,	NULL,	NULL,	1,	1,	2,	3,	'手数料',	NULL,	NULL,	NULL,	NULL,	NULL,	0.00,	1,	0,	10,	0,	NULL,	'JPY',	'Eccube\\Service\\PurchaseFlow\\Processor\\PaymentChargePreprocessor',	NULL,	'orderitem'),
(182,	28,	NULL,	NULL,	28,	1,	1,	2,	2,	'送料',	NULL,	NULL,	NULL,	NULL,	NULL,	720.00,	1,	65,	10,	0,	NULL,	'JPY',	'Eccube\\Service\\PurchaseFlow\\Processor\\DeliveryFeePreprocessor',	NULL,	'orderitem'),
(186,	29,	NULL,	NULL,	NULL,	1,	1,	2,	3,	'手数料',	NULL,	NULL,	NULL,	NULL,	NULL,	0.00,	1,	0,	10,	0,	NULL,	'JPY',	'Eccube\\Service\\PurchaseFlow\\Processor\\PaymentChargePreprocessor',	NULL,	'orderitem'),
(201,	29,	7,	16,	30,	1,	1,	1,	1,	'タンザナイト',	'Ｔ－００１２５',	NULL,	NULL,	NULL,	NULL,	10000.00,	1,	1000,	10,	0,	NULL,	'JPY',	NULL,	NULL,	'orderitem'),
(202,	29,	6,	15,	31,	1,	1,	1,	1,	'プラチナ　ダイヤモンドリング',	'd-121-0020',	NULL,	NULL,	NULL,	NULL,	200000.00,	1,	20000,	10,	0,	NULL,	'JPY',	NULL,	NULL,	'orderitem'),
(227,	29,	NULL,	NULL,	30,	1,	1,	2,	2,	'送料',	NULL,	NULL,	NULL,	NULL,	NULL,	840.00,	1,	76,	10,	0,	NULL,	'JPY',	'Eccube\\Service\\PurchaseFlow\\Processor\\DeliveryFeePreprocessor',	NULL,	'orderitem'),
(228,	29,	NULL,	NULL,	31,	1,	1,	2,	2,	'送料',	NULL,	NULL,	NULL,	NULL,	NULL,	1720.00,	1,	156,	10,	0,	NULL,	'JPY',	'Eccube\\Service\\PurchaseFlow\\Processor\\DeliveryFeePreprocessor',	NULL,	'orderitem'),
(229,	29,	NULL,	NULL,	NULL,	NULL,	2,	2,	6,	'ポイント',	NULL,	NULL,	NULL,	NULL,	NULL,	-100.00,	1,	0,	0,	0,	NULL,	'JPY',	'Eccube\\Service\\PurchaseFlow\\Processor\\PointProcessor',	NULL,	'orderitem'),
(438,	31,	3,	12,	50,	1,	1,	1,	1,	'test 11',	NULL,	NULL,	NULL,	NULL,	NULL,	50000.00,	1,	5000,	10,	0,	NULL,	'JPY',	NULL,	NULL,	'orderitem'),
(440,	31,	NULL,	NULL,	NULL,	1,	1,	2,	3,	'手数料',	NULL,	NULL,	NULL,	NULL,	NULL,	0.00,	1,	0,	10,	0,	NULL,	'JPY',	'Eccube\\Service\\PurchaseFlow\\Processor\\PaymentChargePreprocessor',	NULL,	'orderitem'),
(441,	31,	NULL,	NULL,	50,	1,	1,	2,	2,	'送料',	NULL,	NULL,	NULL,	NULL,	NULL,	300.00,	1,	27,	10,	0,	NULL,	'JPY',	'Eccube\\Service\\PurchaseFlow\\Processor\\DeliveryFeePreprocessor',	NULL,	'orderitem'),
(442,	32,	23,	47,	51,	1,	1,	1,	1,	'おはぎ',	'ああ',	NULL,	NULL,	NULL,	NULL,	1200.00,	1,	120,	10,	0,	NULL,	'JPY',	NULL,	NULL,	'orderitem'),
(444,	32,	NULL,	NULL,	NULL,	1,	1,	2,	3,	'手数料',	NULL,	NULL,	NULL,	NULL,	NULL,	0.00,	1,	0,	10,	0,	NULL,	'JPY',	'Eccube\\Service\\PurchaseFlow\\Processor\\PaymentChargePreprocessor',	NULL,	'orderitem'),
(446,	32,	NULL,	NULL,	51,	1,	1,	2,	2,	'送料',	NULL,	NULL,	NULL,	NULL,	NULL,	720.00,	1,	65,	10,	0,	NULL,	'JPY',	'Eccube\\Service\\PurchaseFlow\\Processor\\DeliveryFeePreprocessor',	NULL,	'orderitem'),
(451,	33,	NULL,	NULL,	NULL,	1,	1,	2,	3,	'手数料',	NULL,	NULL,	NULL,	NULL,	NULL,	0.00,	1,	0,	10,	0,	NULL,	'JPY',	'Eccube\\Service\\PurchaseFlow\\Processor\\PaymentChargePreprocessor',	NULL,	'orderitem'),
(455,	33,	22,	46,	53,	1,	1,	1,	1,	'いちごのケーキ',	'ああ',	NULL,	NULL,	NULL,	NULL,	1200.00,	1,	120,	10,	0,	NULL,	'JPY',	NULL,	NULL,	'orderitem'),
(456,	33,	4,	13,	54,	1,	1,	1,	1,	'パン',	'ああ',	NULL,	NULL,	NULL,	NULL,	200.00,	1,	20,	10,	0,	NULL,	'JPY',	NULL,	NULL,	'orderitem'),
(457,	33,	25,	49,	55,	1,	1,	1,	1,	'マカロン',	'ああ',	NULL,	NULL,	NULL,	NULL,	1200.00,	1,	120,	10,	0,	NULL,	'JPY',	NULL,	NULL,	'orderitem'),
(461,	34,	3,	12,	56,	1,	1,	1,	1,	'test 11',	NULL,	NULL,	NULL,	NULL,	NULL,	50000.00,	1,	5000,	10,	0,	NULL,	'JPY',	NULL,	NULL,	'orderitem'),
(463,	34,	NULL,	NULL,	NULL,	1,	1,	2,	3,	'手数料',	NULL,	NULL,	NULL,	NULL,	NULL,	0.00,	1,	0,	10,	0,	NULL,	'JPY',	'Eccube\\Service\\PurchaseFlow\\Processor\\PaymentChargePreprocessor',	NULL,	'orderitem'),
(470,	33,	NULL,	NULL,	55,	1,	1,	2,	2,	'送料',	NULL,	NULL,	NULL,	NULL,	NULL,	720.00,	1,	65,	10,	0,	NULL,	'JPY',	'Eccube\\Service\\PurchaseFlow\\Processor\\DeliveryFeePreprocessor',	NULL,	'orderitem'),
(471,	33,	NULL,	NULL,	53,	1,	1,	2,	2,	'送料',	NULL,	NULL,	NULL,	NULL,	NULL,	720.00,	1,	65,	10,	0,	NULL,	'JPY',	'Eccube\\Service\\PurchaseFlow\\Processor\\DeliveryFeePreprocessor',	NULL,	'orderitem'),
(472,	33,	NULL,	NULL,	54,	1,	1,	2,	2,	'送料',	NULL,	NULL,	NULL,	NULL,	NULL,	720.00,	1,	65,	10,	0,	NULL,	'JPY',	'Eccube\\Service\\PurchaseFlow\\Processor\\DeliveryFeePreprocessor',	NULL,	'orderitem'),
(473,	34,	NULL,	NULL,	56,	1,	1,	2,	2,	'送料',	NULL,	NULL,	NULL,	NULL,	NULL,	300.00,	1,	27,	10,	0,	NULL,	'JPY',	'Eccube\\Service\\PurchaseFlow\\Processor\\DeliveryFeePreprocessor',	NULL,	'orderitem'),
(475,	35,	17,	26,	57,	1,	1,	1,	1,	'シチズン　CC9054-52A　EXCEED　エクシード　エコドライブ　ダイレクトフライト　パーフェックス　GPS衛星電波時計',	'CC9054-52A',	NULL,	NULL,	NULL,	NULL,	200000.00,	1,	20000,	10,	0,	NULL,	'JPY',	NULL,	NULL,	'orderitem'),
(477,	35,	NULL,	NULL,	NULL,	1,	1,	2,	3,	'手数料',	NULL,	NULL,	NULL,	NULL,	NULL,	0.00,	1,	0,	10,	0,	NULL,	'JPY',	'Eccube\\Service\\PurchaseFlow\\Processor\\PaymentChargePreprocessor',	NULL,	'orderitem'),
(479,	35,	NULL,	NULL,	57,	1,	1,	2,	2,	'送料',	NULL,	NULL,	NULL,	NULL,	NULL,	840.00,	1,	76,	10,	0,	NULL,	'JPY',	'Eccube\\Service\\PurchaseFlow\\Processor\\DeliveryFeePreprocessor',	NULL,	'orderitem'),
(480,	36,	23,	47,	58,	1,	1,	1,	1,	'おはぎ',	'ああ',	NULL,	NULL,	NULL,	NULL,	1200.00,	1,	120,	10,	0,	NULL,	'JPY',	NULL,	NULL,	'orderitem'),
(481,	36,	NULL,	NULL,	58,	1,	1,	2,	2,	'送料',	NULL,	NULL,	NULL,	NULL,	NULL,	720.00,	1,	65,	10,	0,	NULL,	'JPY',	'Eccube\\Service\\PurchaseFlow\\Processor\\DeliveryFeePreprocessor',	NULL,	'orderitem'),
(482,	36,	NULL,	NULL,	NULL,	1,	1,	2,	3,	'手数料',	NULL,	NULL,	NULL,	NULL,	NULL,	0.00,	1,	0,	10,	0,	NULL,	'JPY',	'Eccube\\Service\\PurchaseFlow\\Processor\\PaymentChargePreprocessor',	NULL,	'orderitem'),
(483,	37,	23,	47,	59,	1,	1,	1,	1,	'おはぎ',	'ああ',	NULL,	NULL,	NULL,	NULL,	1200.00,	1,	120,	10,	0,	NULL,	'JPY',	NULL,	NULL,	'orderitem'),
(484,	37,	21,	45,	59,	1,	1,	1,	1,	'木苺のタルト',	'ああ',	NULL,	NULL,	NULL,	NULL,	1200.00,	2,	120,	10,	0,	NULL,	'JPY',	NULL,	NULL,	'orderitem'),
(485,	37,	NULL,	NULL,	59,	1,	1,	2,	2,	'送料',	NULL,	NULL,	NULL,	NULL,	NULL,	720.00,	1,	65,	10,	0,	NULL,	'JPY',	'Eccube\\Service\\PurchaseFlow\\Processor\\DeliveryFeePreprocessor',	NULL,	'orderitem'),
(486,	37,	NULL,	NULL,	NULL,	1,	1,	2,	3,	'手数料',	NULL,	NULL,	NULL,	NULL,	NULL,	0.00,	1,	0,	10,	0,	NULL,	'JPY',	'Eccube\\Service\\PurchaseFlow\\Processor\\PaymentChargePreprocessor',	NULL,	'orderitem'),
(487,	38,	24,	48,	60,	1,	1,	1,	1,	'カップケーキ',	'ああ',	NULL,	NULL,	NULL,	NULL,	1200.00,	1,	120,	10,	0,	NULL,	'JPY',	NULL,	NULL,	'orderitem'),
(488,	38,	NULL,	NULL,	60,	1,	1,	2,	2,	'送料',	NULL,	NULL,	NULL,	NULL,	NULL,	720.00,	1,	65,	10,	0,	NULL,	'JPY',	'Eccube\\Service\\PurchaseFlow\\Processor\\DeliveryFeePreprocessor',	NULL,	'orderitem'),
(489,	38,	NULL,	NULL,	NULL,	1,	1,	2,	3,	'手数料',	NULL,	NULL,	NULL,	NULL,	NULL,	0.00,	1,	0,	10,	0,	NULL,	'JPY',	'Eccube\\Service\\PurchaseFlow\\Processor\\PaymentChargePreprocessor',	NULL,	'orderitem'),
(490,	39,	3,	12,	61,	1,	1,	1,	1,	'test 11',	NULL,	NULL,	NULL,	NULL,	NULL,	50000.00,	1,	5000,	10,	0,	NULL,	'JPY',	NULL,	NULL,	'orderitem'),
(492,	39,	NULL,	NULL,	NULL,	1,	1,	2,	3,	'手数料',	NULL,	NULL,	NULL,	NULL,	NULL,	0.00,	1,	0,	10,	0,	NULL,	'JPY',	'Eccube\\Service\\PurchaseFlow\\Processor\\PaymentChargePreprocessor',	NULL,	'orderitem'),
(498,	39,	NULL,	NULL,	61,	1,	1,	2,	2,	'送料',	NULL,	NULL,	NULL,	NULL,	NULL,	1000.00,	1,	91,	10,	0,	NULL,	'JPY',	'Eccube\\Service\\PurchaseFlow\\Processor\\DeliveryFeePreprocessor',	NULL,	'orderitem'),
(521,	47,	3,	12,	69,	1,	1,	1,	1,	'test 11',	NULL,	NULL,	NULL,	NULL,	NULL,	50000.00,	1,	5000,	10,	0,	NULL,	'JPY',	NULL,	NULL,	'orderitem'),
(523,	47,	NULL,	NULL,	NULL,	1,	1,	2,	3,	'手数料',	NULL,	NULL,	NULL,	NULL,	NULL,	0.00,	1,	0,	10,	0,	NULL,	'JPY',	'Eccube\\Service\\PurchaseFlow\\Processor\\PaymentChargePreprocessor',	NULL,	'orderitem'),
(524,	47,	NULL,	NULL,	69,	1,	1,	2,	2,	'送料',	NULL,	NULL,	NULL,	NULL,	NULL,	0.00,	1,	0,	10,	0,	NULL,	'JPY',	'Eccube\\Service\\PurchaseFlow\\Processor\\DeliveryFeePreprocessor',	NULL,	'orderitem'),
(528,	49,	3,	12,	71,	1,	1,	1,	1,	'test 11',	NULL,	NULL,	NULL,	NULL,	NULL,	50000.00,	1,	5000,	10,	0,	NULL,	'JPY',	NULL,	NULL,	'orderitem'),
(530,	49,	NULL,	NULL,	NULL,	1,	1,	2,	3,	'手数料',	NULL,	NULL,	NULL,	NULL,	NULL,	0.00,	1,	0,	10,	0,	NULL,	'JPY',	'Eccube\\Service\\PurchaseFlow\\Processor\\PaymentChargePreprocessor',	NULL,	'orderitem'),
(546,	49,	NULL,	NULL,	71,	1,	1,	2,	2,	'送料',	NULL,	NULL,	NULL,	NULL,	NULL,	300.00,	1,	27,	10,	0,	NULL,	'JPY',	'Eccube\\Service\\PurchaseFlow\\Processor\\DeliveryFeePreprocessor',	NULL,	'orderitem'),
(568,	56,	12,	21,	78,	1,	1,	1,	1,	'ネックレス テスト用',	'R-200220',	NULL,	NULL,	NULL,	NULL,	39000.00,	1,	3900,	10,	0,	NULL,	'JPY',	NULL,	NULL,	'orderitem'),
(570,	56,	NULL,	NULL,	NULL,	1,	1,	2,	3,	'手数料',	NULL,	NULL,	NULL,	NULL,	NULL,	0.00,	1,	0,	10,	0,	NULL,	'JPY',	'Eccube\\Service\\PurchaseFlow\\Processor\\PaymentChargePreprocessor',	NULL,	'orderitem'),
(576,	56,	NULL,	NULL,	78,	1,	1,	2,	2,	'送料',	NULL,	NULL,	NULL,	NULL,	NULL,	930.00,	1,	85,	10,	0,	NULL,	'JPY',	'Eccube\\Service\\PurchaseFlow\\Processor\\DeliveryFeePreprocessor',	NULL,	'orderitem'),
(590,	62,	3,	12,	84,	1,	1,	1,	1,	'test 11',	NULL,	NULL,	NULL,	NULL,	NULL,	50000.00,	1,	5000,	10,	0,	NULL,	'JPY',	NULL,	NULL,	'orderitem'),
(592,	62,	NULL,	NULL,	NULL,	1,	1,	2,	3,	'手数料',	NULL,	NULL,	NULL,	NULL,	NULL,	0.00,	1,	0,	10,	0,	NULL,	'JPY',	'Eccube\\Service\\PurchaseFlow\\Processor\\PaymentChargePreprocessor',	NULL,	'orderitem'),
(593,	63,	11,	20,	85,	1,	1,	1,	1,	'タンザナイト テスト用',	'Ｔ−００１２５',	NULL,	NULL,	NULL,	NULL,	10000.00,	1,	1000,	10,	0,	NULL,	'JPY',	NULL,	NULL,	'orderitem'),
(594,	63,	12,	21,	85,	1,	1,	1,	1,	'ネックレス テスト用',	'R-200220',	NULL,	NULL,	NULL,	NULL,	39000.00,	1,	3900,	10,	0,	NULL,	'JPY',	NULL,	NULL,	'orderitem'),
(596,	63,	NULL,	NULL,	NULL,	1,	1,	2,	3,	'手数料',	NULL,	NULL,	NULL,	NULL,	NULL,	0.00,	1,	0,	10,	0,	NULL,	'JPY',	'Eccube\\Service\\PurchaseFlow\\Processor\\PaymentChargePreprocessor',	NULL,	'orderitem'),
(599,	62,	NULL,	NULL,	84,	1,	1,	2,	2,	'送料',	NULL,	NULL,	NULL,	NULL,	NULL,	0.00,	1,	0,	10,	0,	NULL,	'JPY',	'Eccube\\Service\\PurchaseFlow\\Processor\\DeliveryFeePreprocessor',	NULL,	'orderitem'),
(600,	64,	29,	52,	86,	1,	1,	1,	1,	'カシオ CASIO Gショック G-SHOCK クオーツ メンズ 腕時計 GA-100CG-2A ネイビー［逆輸入品］［wimp］',	'ああ',	NULL,	NULL,	NULL,	NULL,	190000.00,	1,	19000,	10,	0,	NULL,	'JPY',	NULL,	NULL,	'orderitem'),
(602,	64,	NULL,	NULL,	NULL,	1,	1,	2,	3,	'手数料',	NULL,	NULL,	NULL,	NULL,	NULL,	0.00,	1,	0,	10,	0,	NULL,	'JPY',	'Eccube\\Service\\PurchaseFlow\\Processor\\PaymentChargePreprocessor',	NULL,	'orderitem'),
(608,	64,	NULL,	NULL,	86,	1,	1,	2,	2,	'送料',	NULL,	NULL,	NULL,	NULL,	NULL,	0.00,	1,	0,	10,	0,	NULL,	'JPY',	'Eccube\\Service\\PurchaseFlow\\Processor\\DeliveryFeePreprocessor',	NULL,	'orderitem'),
(613,	63,	NULL,	NULL,	85,	1,	1,	2,	2,	'送料',	NULL,	NULL,	NULL,	NULL,	NULL,	930.00,	1,	85,	10,	0,	NULL,	'JPY',	'Eccube\\Service\\PurchaseFlow\\Processor\\DeliveryFeePreprocessor',	NULL,	'orderitem'),
(614,	65,	3,	12,	87,	1,	1,	1,	1,	'test 11',	NULL,	NULL,	NULL,	NULL,	NULL,	50000.00,	1,	5000,	10,	0,	NULL,	'JPY',	NULL,	NULL,	'orderitem'),
(616,	65,	NULL,	NULL,	NULL,	1,	1,	2,	3,	'手数料',	NULL,	NULL,	NULL,	NULL,	NULL,	0.00,	1,	0,	10,	0,	NULL,	'JPY',	'Eccube\\Service\\PurchaseFlow\\Processor\\PaymentChargePreprocessor',	NULL,	'orderitem'),
(624,	65,	NULL,	NULL,	87,	1,	1,	2,	2,	'送料',	NULL,	NULL,	NULL,	NULL,	NULL,	0.00,	1,	0,	10,	0,	NULL,	'JPY',	'Eccube\\Service\\PurchaseFlow\\Processor\\DeliveryFeePreprocessor',	NULL,	'orderitem'),
(625,	66,	29,	52,	88,	1,	1,	1,	1,	'カシオ CASIO Gショック G-SHOCK クオーツ メンズ 腕時計 GA-100CG-2A ネイビー［逆輸入品］［wimp］',	'ああ',	NULL,	NULL,	NULL,	NULL,	190000.00,	1,	19000,	10,	0,	NULL,	'JPY',	NULL,	NULL,	'orderitem'),
(627,	66,	NULL,	NULL,	NULL,	1,	1,	2,	3,	'手数料',	NULL,	NULL,	NULL,	NULL,	NULL,	0.00,	1,	0,	10,	0,	NULL,	'JPY',	'Eccube\\Service\\PurchaseFlow\\Processor\\PaymentChargePreprocessor',	NULL,	'orderitem'),
(633,	66,	NULL,	NULL,	88,	1,	1,	2,	2,	'送料',	NULL,	NULL,	NULL,	NULL,	NULL,	0.00,	1,	0,	10,	0,	NULL,	'JPY',	'Eccube\\Service\\PurchaseFlow\\Processor\\DeliveryFeePreprocessor',	NULL,	'orderitem'),
(634,	67,	13,	22,	89,	1,	1,	1,	1,	'マスク テスト用',	'kzhao50a',	NULL,	NULL,	NULL,	NULL,	200.00,	1,	20,	10,	0,	NULL,	'JPY',	NULL,	NULL,	'orderitem'),
(636,	67,	NULL,	NULL,	NULL,	1,	1,	2,	3,	'手数料',	NULL,	NULL,	NULL,	NULL,	NULL,	0.00,	1,	0,	10,	0,	NULL,	'JPY',	'Eccube\\Service\\PurchaseFlow\\Processor\\PaymentChargePreprocessor',	NULL,	'orderitem'),
(645,	67,	NULL,	NULL,	89,	1,	1,	2,	2,	'送料',	NULL,	NULL,	NULL,	NULL,	NULL,	880.00,	1,	80,	10,	0,	NULL,	'JPY',	'Eccube\\Service\\PurchaseFlow\\Processor\\DeliveryFeePreprocessor',	NULL,	'orderitem'),
(646,	68,	29,	52,	90,	1,	1,	1,	1,	'カシオ CASIO Gショック G-SHOCK クオーツ メンズ 腕時計 GA-100CG-2A ネイビー［逆輸入品］［wimp］',	'ああ',	NULL,	NULL,	NULL,	NULL,	190000.00,	1,	19000,	10,	0,	NULL,	'JPY',	NULL,	NULL,	'orderitem'),
(648,	68,	NULL,	NULL,	NULL,	1,	1,	2,	3,	'手数料',	NULL,	NULL,	NULL,	NULL,	NULL,	0.00,	1,	0,	10,	0,	NULL,	'JPY',	'Eccube\\Service\\PurchaseFlow\\Processor\\PaymentChargePreprocessor',	NULL,	'orderitem'),
(650,	68,	NULL,	NULL,	90,	1,	1,	2,	2,	'送料',	NULL,	NULL,	NULL,	NULL,	NULL,	0.00,	1,	0,	10,	0,	NULL,	'JPY',	'Eccube\\Service\\PurchaseFlow\\Processor\\DeliveryFeePreprocessor',	NULL,	'orderitem'),
(651,	69,	3,	12,	91,	1,	1,	1,	1,	'test 11',	NULL,	NULL,	NULL,	NULL,	NULL,	50000.00,	1,	5000,	10,	0,	NULL,	'JPY',	NULL,	NULL,	'orderitem'),
(653,	69,	NULL,	NULL,	NULL,	1,	1,	2,	3,	'手数料',	NULL,	NULL,	NULL,	NULL,	NULL,	0.00,	1,	0,	10,	0,	NULL,	'JPY',	'Eccube\\Service\\PurchaseFlow\\Processor\\PaymentChargePreprocessor',	NULL,	'orderitem'),
(659,	69,	NULL,	NULL,	91,	1,	1,	2,	2,	'送料',	NULL,	NULL,	NULL,	NULL,	NULL,	0.00,	1,	0,	10,	0,	NULL,	'JPY',	'Eccube\\Service\\PurchaseFlow\\Processor\\DeliveryFeePreprocessor',	NULL,	'orderitem'),
(660,	70,	13,	22,	92,	1,	1,	1,	1,	'マスク テスト用',	'kzhao50a',	NULL,	NULL,	NULL,	NULL,	200.00,	1,	20,	10,	0,	NULL,	'JPY',	NULL,	NULL,	'orderitem'),
(661,	70,	NULL,	NULL,	92,	1,	1,	2,	2,	'送料',	NULL,	NULL,	NULL,	NULL,	NULL,	880.00,	1,	80,	10,	0,	NULL,	'JPY',	'Eccube\\Service\\PurchaseFlow\\Processor\\DeliveryFeePreprocessor',	NULL,	'orderitem'),
(662,	70,	NULL,	NULL,	NULL,	1,	1,	2,	3,	'手数料',	NULL,	NULL,	NULL,	NULL,	NULL,	0.00,	1,	0,	10,	0,	NULL,	'JPY',	'Eccube\\Service\\PurchaseFlow\\Processor\\PaymentChargePreprocessor',	NULL,	'orderitem'),
(667,	71,	NULL,	NULL,	NULL,	1,	1,	2,	3,	'手数料',	NULL,	NULL,	NULL,	NULL,	NULL,	0.00,	1,	0,	10,	0,	NULL,	'JPY',	'Eccube\\Service\\PurchaseFlow\\Processor\\PaymentChargePreprocessor',	NULL,	'orderitem'),
(797,	71,	10,	19,	109,	1,	1,	1,	1,	'18K　ダイヤモンドリング',	'd-121-0020',	NULL,	NULL,	NULL,	NULL,	200000.00,	1,	20000,	10,	0,	NULL,	'JPY',	NULL,	NULL,	'orderitem'),
(798,	71,	11,	20,	109,	1,	1,	1,	1,	'タンザナイト テスト用',	'Ｔ−００１２５',	NULL,	NULL,	NULL,	NULL,	10000.00,	1,	1000,	10,	0,	NULL,	'JPY',	NULL,	NULL,	'orderitem'),
(799,	71,	12,	21,	110,	1,	1,	1,	1,	'ネックレス テスト用',	'R-200220',	NULL,	NULL,	NULL,	NULL,	39000.00,	1,	3900,	10,	0,	NULL,	'JPY',	NULL,	NULL,	'orderitem'),
(808,	71,	NULL,	NULL,	109,	1,	1,	2,	2,	'送料',	NULL,	NULL,	NULL,	NULL,	NULL,	1360.00,	1,	124,	10,	0,	NULL,	'JPY',	'Eccube\\Service\\PurchaseFlow\\Processor\\DeliveryFeePreprocessor',	NULL,	'orderitem'),
(809,	71,	NULL,	NULL,	110,	1,	1,	2,	2,	'送料',	NULL,	NULL,	NULL,	NULL,	NULL,	1360.00,	1,	124,	10,	0,	NULL,	'JPY',	'Eccube\\Service\\PurchaseFlow\\Processor\\DeliveryFeePreprocessor',	NULL,	'orderitem'),
(815,	72,	NULL,	NULL,	NULL,	1,	1,	2,	3,	'手数料',	NULL,	NULL,	NULL,	NULL,	NULL,	0.00,	1,	0,	10,	0,	NULL,	'JPY',	'Eccube\\Service\\PurchaseFlow\\Processor\\PaymentChargePreprocessor',	NULL,	'orderitem'),
(817,	72,	17,	26,	112,	1,	1,	1,	1,	'シチズン　CC9054-52A　EXCEED　エクシード　エコドライブ　ダイレクトフライト　パーフェックス　GPS衛星電波時計',	'CC9054-52A',	NULL,	NULL,	NULL,	NULL,	200000.00,	1,	20000,	10,	0,	NULL,	'JPY',	NULL,	NULL,	'orderitem'),
(818,	72,	10,	19,	113,	1,	1,	1,	1,	'18K　ダイヤモンドリング',	'd-121-0020',	NULL,	NULL,	NULL,	NULL,	200000.00,	1,	20000,	10,	0,	NULL,	'JPY',	NULL,	NULL,	'orderitem'),
(819,	72,	11,	20,	113,	1,	1,	1,	1,	'タンザナイト テスト用',	'Ｔ−００１２５',	NULL,	NULL,	NULL,	NULL,	10000.00,	1,	1000,	10,	0,	NULL,	'JPY',	NULL,	NULL,	'orderitem'),
(820,	72,	12,	21,	113,	1,	1,	1,	1,	'ネックレス テスト用',	'R-200220',	NULL,	NULL,	NULL,	NULL,	39000.00,	1,	3900,	10,	0,	NULL,	'JPY',	NULL,	NULL,	'orderitem'),
(827,	72,	NULL,	NULL,	112,	1,	1,	2,	2,	'送料',	NULL,	NULL,	NULL,	NULL,	NULL,	880.00,	1,	80,	10,	0,	NULL,	'JPY',	'Eccube\\Service\\PurchaseFlow\\Processor\\DeliveryFeePreprocessor',	NULL,	'orderitem'),
(828,	72,	NULL,	NULL,	113,	1,	1,	2,	2,	'送料',	NULL,	NULL,	NULL,	NULL,	NULL,	880.00,	1,	80,	10,	0,	NULL,	'JPY',	'Eccube\\Service\\PurchaseFlow\\Processor\\DeliveryFeePreprocessor',	NULL,	'orderitem'),
(829,	73,	17,	26,	114,	1,	1,	1,	1,	'シチズン　CC9054-52A　EXCEED　エクシード　エコドライブ　ダイレクトフライト　パーフェックス　GPS衛星電波時計',	'CC9054-52A',	NULL,	NULL,	NULL,	NULL,	200000.00,	1,	20000,	10,	0,	NULL,	'JPY',	NULL,	NULL,	'orderitem'),
(831,	73,	NULL,	NULL,	NULL,	1,	1,	2,	3,	'手数料',	NULL,	NULL,	NULL,	NULL,	NULL,	0.00,	1,	0,	10,	0,	NULL,	'JPY',	'Eccube\\Service\\PurchaseFlow\\Processor\\PaymentChargePreprocessor',	NULL,	'orderitem'),
(840,	73,	NULL,	NULL,	114,	1,	1,	2,	2,	'送料',	NULL,	NULL,	NULL,	NULL,	NULL,	840.00,	1,	76,	10,	0,	NULL,	'JPY',	'Eccube\\Service\\PurchaseFlow\\Processor\\DeliveryFeePreprocessor',	NULL,	'orderitem'),
(841,	74,	17,	26,	115,	1,	1,	1,	1,	'シチズン　CC9054-52A　EXCEED　エクシード　エコドライブ　ダイレクトフライト　パーフェックス　GPS衛星電波時計',	'CC9054-52A',	NULL,	NULL,	NULL,	NULL,	200000.00,	1,	20000,	10,	0,	NULL,	'JPY',	NULL,	NULL,	'orderitem'),
(843,	74,	NULL,	NULL,	NULL,	1,	1,	2,	3,	'手数料',	NULL,	NULL,	NULL,	NULL,	NULL,	0.00,	1,	0,	10,	0,	NULL,	'JPY',	'Eccube\\Service\\PurchaseFlow\\Processor\\PaymentChargePreprocessor',	NULL,	'orderitem'),
(845,	74,	NULL,	NULL,	115,	1,	1,	2,	2,	'送料',	NULL,	NULL,	NULL,	NULL,	NULL,	840.00,	1,	76,	10,	0,	NULL,	'JPY',	'Eccube\\Service\\PurchaseFlow\\Processor\\DeliveryFeePreprocessor',	NULL,	'orderitem'),
(846,	75,	29,	52,	116,	1,	1,	1,	1,	'カシオ CASIO Gショック G-SHOCK クオーツ メンズ 腕時計 GA-100CG-2A ネイビー［逆輸入品］［wimp］',	'ああ',	NULL,	NULL,	NULL,	NULL,	190000.00,	2,	19000,	10,	0,	NULL,	'JPY',	NULL,	NULL,	'orderitem'),
(848,	75,	NULL,	NULL,	NULL,	1,	1,	2,	3,	'手数料',	NULL,	NULL,	NULL,	NULL,	NULL,	0.00,	1,	0,	10,	0,	NULL,	'JPY',	'Eccube\\Service\\PurchaseFlow\\Processor\\PaymentChargePreprocessor',	NULL,	'orderitem'),
(849,	75,	NULL,	NULL,	116,	1,	1,	2,	2,	'送料',	NULL,	NULL,	NULL,	NULL,	NULL,	0.00,	1,	0,	10,	0,	NULL,	'JPY',	'Eccube\\Service\\PurchaseFlow\\Processor\\DeliveryFeePreprocessor',	NULL,	'orderitem'),
(851,	76,	29,	52,	117,	1,	1,	1,	1,	'カシオ CASIO Gショック G-SHOCK クオーツ メンズ 腕時計 GA-100CG-2A ネイビー［逆輸入品］［wimp］',	'ああ',	NULL,	NULL,	NULL,	NULL,	190000.00,	1,	19000,	10,	0,	NULL,	'JPY',	NULL,	NULL,	'orderitem'),
(853,	76,	NULL,	NULL,	NULL,	1,	1,	2,	3,	'手数料',	NULL,	NULL,	NULL,	NULL,	NULL,	0.00,	1,	0,	10,	0,	NULL,	'JPY',	'Eccube\\Service\\PurchaseFlow\\Processor\\PaymentChargePreprocessor',	NULL,	'orderitem'),
(857,	76,	NULL,	NULL,	117,	1,	1,	2,	2,	'送料',	NULL,	NULL,	NULL,	NULL,	NULL,	0.00,	1,	0,	10,	0,	NULL,	'JPY',	'Eccube\\Service\\PurchaseFlow\\Processor\\DeliveryFeePreprocessor',	NULL,	'orderitem'),
(859,	77,	29,	52,	118,	1,	1,	1,	1,	'カシオ CASIO Gショック G-SHOCK クオーツ メンズ 腕時計 GA-100CG-2A ネイビー［逆輸入品］［wimp］',	'ああ',	NULL,	NULL,	NULL,	NULL,	190000.00,	1,	19000,	10,	0,	NULL,	'JPY',	NULL,	NULL,	'orderitem'),
(861,	77,	NULL,	NULL,	NULL,	1,	1,	2,	3,	'手数料',	NULL,	NULL,	NULL,	NULL,	NULL,	0.00,	1,	0,	10,	0,	NULL,	'JPY',	'Eccube\\Service\\PurchaseFlow\\Processor\\PaymentChargePreprocessor',	NULL,	'orderitem'),
(870,	77,	NULL,	NULL,	118,	1,	1,	2,	2,	'送料',	NULL,	NULL,	NULL,	NULL,	NULL,	0.00,	1,	0,	10,	0,	NULL,	'JPY',	'Eccube\\Service\\PurchaseFlow\\Processor\\DeliveryFeePreprocessor',	NULL,	'orderitem'),
(871,	78,	29,	52,	119,	1,	1,	1,	1,	'カシオ CASIO Gショック G-SHOCK クオーツ メンズ 腕時計 GA-100CG-2A ネイビー［逆輸入品］［wimp］',	'ああ',	NULL,	NULL,	NULL,	NULL,	171000.00,	1,	17100,	10,	0,	NULL,	'JPY',	NULL,	NULL,	'orderitem'),
(873,	78,	NULL,	NULL,	NULL,	1,	1,	2,	3,	'手数料',	NULL,	NULL,	NULL,	NULL,	NULL,	0.00,	1,	0,	10,	0,	NULL,	'JPY',	'Eccube\\Service\\PurchaseFlow\\Processor\\PaymentChargePreprocessor',	NULL,	'orderitem'),
(876,	78,	NULL,	NULL,	119,	1,	1,	2,	2,	'送料',	NULL,	NULL,	NULL,	NULL,	NULL,	0.00,	1,	0,	10,	0,	NULL,	'JPY',	'Eccube\\Service\\PurchaseFlow\\Processor\\DeliveryFeePreprocessor',	NULL,	'orderitem'),
(877,	79,	17,	26,	120,	1,	1,	1,	1,	'シチズン　CC9054-52A　EXCEED　エクシード　エコドライブ　ダイレクトフライト　パーフェックス　GPS衛星電波時計',	'CC9054-52A',	NULL,	NULL,	NULL,	NULL,	200000.00,	1,	20000,	10,	0,	NULL,	'JPY',	NULL,	NULL,	'orderitem'),
(878,	79,	10,	19,	120,	1,	1,	1,	1,	'18K　ダイヤモンドリング',	'd-121-0020',	NULL,	NULL,	NULL,	NULL,	200000.00,	1,	20000,	10,	0,	NULL,	'JPY',	NULL,	NULL,	'orderitem'),
(880,	79,	NULL,	NULL,	NULL,	1,	1,	2,	3,	'手数料',	NULL,	NULL,	NULL,	NULL,	NULL,	0.00,	1,	0,	10,	0,	NULL,	'JPY',	'Eccube\\Service\\PurchaseFlow\\Processor\\PaymentChargePreprocessor',	NULL,	'orderitem'),
(886,	79,	NULL,	NULL,	120,	1,	1,	2,	2,	'送料',	NULL,	NULL,	NULL,	NULL,	NULL,	880.00,	0,	80,	10,	0,	NULL,	'JPY',	'Eccube\\Service\\PurchaseFlow\\Processor\\DeliveryFeePreprocessor',	NULL,	'orderitem'),
(887,	80,	10,	19,	121,	1,	1,	1,	1,	'18K　ダイヤモンドリング',	'd-121-0020',	NULL,	NULL,	NULL,	NULL,	200000.00,	1,	20000,	10,	0,	NULL,	'JPY',	NULL,	NULL,	'orderitem'),
(889,	80,	NULL,	NULL,	NULL,	1,	1,	2,	3,	'手数料',	NULL,	NULL,	NULL,	NULL,	NULL,	0.00,	1,	0,	10,	0,	NULL,	'JPY',	'Eccube\\Service\\PurchaseFlow\\Processor\\PaymentChargePreprocessor',	NULL,	'orderitem'),
(892,	80,	NULL,	NULL,	121,	1,	1,	2,	2,	'送料',	NULL,	NULL,	NULL,	NULL,	NULL,	880.00,	0,	80,	10,	0,	NULL,	'JPY',	'Eccube\\Service\\PurchaseFlow\\Processor\\DeliveryFeePreprocessor',	NULL,	'orderitem'),
(893,	81,	14,	23,	122,	1,	1,	1,	1,	'指輪　 テスト用',	'020-00350',	NULL,	NULL,	NULL,	NULL,	298000.00,	1,	29800,	10,	0,	NULL,	'JPY',	NULL,	NULL,	'orderitem'),
(894,	82,	13,	22,	123,	1,	1,	1,	1,	'マスク テスト用',	'kzhao50a',	NULL,	NULL,	NULL,	NULL,	200.00,	1,	20,	10,	0,	NULL,	'JPY',	NULL,	NULL,	'orderitem'),
(895,	83,	10,	19,	124,	1,	1,	1,	1,	'18K　ダイヤモンドリング',	'd-121-0020',	NULL,	NULL,	NULL,	NULL,	200000.00,	1,	20000,	10,	0,	NULL,	'JPY',	NULL,	NULL,	'orderitem'),
(897,	83,	NULL,	NULL,	NULL,	1,	1,	2,	3,	'手数料',	NULL,	NULL,	NULL,	NULL,	NULL,	0.00,	1,	0,	10,	0,	NULL,	'JPY',	'Eccube\\Service\\PurchaseFlow\\Processor\\PaymentChargePreprocessor',	NULL,	'orderitem'),
(919,	83,	NULL,	NULL,	124,	1,	1,	2,	2,	'送料',	NULL,	NULL,	NULL,	NULL,	NULL,	880.00,	0,	80,	10,	0,	NULL,	'JPY',	'Eccube\\Service\\PurchaseFlow\\Processor\\DeliveryFeePreprocessor',	NULL,	'orderitem'),
(920,	83,	NULL,	NULL,	NULL,	NULL,	2,	2,	4,	'オリンピック開催キャンペーン',	NULL,	NULL,	NULL,	NULL,	NULL,	-11000.00,	1,	0,	0,	0,	NULL,	'JPY',	'Plugin\\Coupon4\\Service\\PurchaseFlow\\Processor\\CouponProcessor',	NULL,	'orderitem'),
(921,	84,	12,	21,	125,	1,	1,	1,	1,	'ネックレス テスト用',	'R-200220',	NULL,	NULL,	NULL,	NULL,	39000.00,	1,	3900,	10,	0,	NULL,	'JPY',	NULL,	NULL,	'orderitem'),
(923,	84,	NULL,	NULL,	NULL,	1,	1,	2,	3,	'手数料',	NULL,	NULL,	NULL,	NULL,	NULL,	0.00,	1,	0,	10,	0,	NULL,	'JPY',	'Eccube\\Service\\PurchaseFlow\\Processor\\PaymentChargePreprocessor',	NULL,	'orderitem'),
(927,	84,	NULL,	NULL,	125,	1,	1,	2,	2,	'送料',	NULL,	NULL,	NULL,	NULL,	NULL,	930.00,	0,	85,	10,	0,	NULL,	'JPY',	'Eccube\\Service\\PurchaseFlow\\Processor\\DeliveryFeePreprocessor',	NULL,	'orderitem'),
(928,	85,	39,	106,	126,	1,	1,	1,	1,	'おまかせ野菜セット',	'V202112005',	NULL,	NULL,	NULL,	NULL,	3500.00,	1,	350,	10,	0,	NULL,	'JPY',	NULL,	NULL,	'orderitem'),
(930,	85,	NULL,	NULL,	NULL,	1,	1,	2,	3,	'手数料',	NULL,	NULL,	NULL,	NULL,	NULL,	0.00,	1,	0,	10,	0,	NULL,	'JPY',	'Eccube\\Service\\PurchaseFlow\\Processor\\PaymentChargePreprocessor',	NULL,	'orderitem'),
(940,	85,	NULL,	NULL,	126,	1,	1,	2,	2,	'送料',	NULL,	NULL,	NULL,	NULL,	NULL,	0.00,	1,	0,	10,	0,	NULL,	'JPY',	'Eccube\\Service\\PurchaseFlow\\Processor\\DeliveryFeePreprocessor',	NULL,	'orderitem'),
(941,	86,	39,	106,	127,	1,	1,	1,	1,	'おまかせ野菜セット',	'V202112005',	NULL,	NULL,	NULL,	NULL,	3500.00,	1,	350,	10,	0,	NULL,	'JPY',	NULL,	NULL,	'orderitem'),
(943,	86,	NULL,	NULL,	NULL,	1,	1,	2,	3,	'手数料',	NULL,	NULL,	NULL,	NULL,	NULL,	0.00,	1,	0,	10,	0,	NULL,	'JPY',	'Eccube\\Service\\PurchaseFlow\\Processor\\PaymentChargePreprocessor',	NULL,	'orderitem'),
(949,	86,	NULL,	NULL,	127,	1,	1,	2,	2,	'送料',	NULL,	NULL,	NULL,	NULL,	NULL,	1330.00,	1,	121,	10,	0,	NULL,	'JPY',	'Eccube\\Service\\PurchaseFlow\\Processor\\DeliveryFeePreprocessor',	NULL,	'orderitem'),
(950,	87,	39,	106,	128,	1,	1,	1,	1,	'おまかせ野菜セット',	'V202112005',	NULL,	NULL,	NULL,	NULL,	3500.00,	1,	280,	8,	0,	NULL,	'JPY',	NULL,	NULL,	'orderitem'),
(952,	87,	NULL,	NULL,	NULL,	1,	1,	2,	3,	'手数料',	NULL,	NULL,	NULL,	NULL,	NULL,	0.00,	1,	0,	10,	0,	NULL,	'JPY',	'Eccube\\Service\\PurchaseFlow\\Processor\\PaymentChargePreprocessor',	NULL,	'orderitem'),
(953,	87,	NULL,	NULL,	128,	1,	1,	2,	2,	'送料',	NULL,	NULL,	NULL,	NULL,	NULL,	1330.00,	1,	121,	10,	0,	NULL,	'JPY',	'Eccube\\Service\\PurchaseFlow\\Processor\\DeliveryFeePreprocessor',	NULL,	'orderitem'),
(954,	88,	39,	106,	129,	1,	1,	1,	1,	'おまかせ野菜セット',	'V202112005',	NULL,	NULL,	NULL,	NULL,	3500.00,	1,	280,	8,	0,	NULL,	'JPY',	NULL,	NULL,	'orderitem'),
(955,	88,	NULL,	NULL,	129,	1,	1,	2,	2,	'送料',	NULL,	NULL,	NULL,	NULL,	NULL,	1330.00,	1,	121,	10,	0,	NULL,	'JPY',	'Eccube\\Service\\PurchaseFlow\\Processor\\DeliveryFeePreprocessor',	NULL,	'orderitem'),
(956,	88,	NULL,	NULL,	NULL,	1,	1,	2,	3,	'手数料',	NULL,	NULL,	NULL,	NULL,	NULL,	0.00,	1,	0,	10,	0,	NULL,	'JPY',	'Eccube\\Service\\PurchaseFlow\\Processor\\PaymentChargePreprocessor',	NULL,	'orderitem'),
(957,	89,	39,	106,	130,	1,	1,	1,	1,	'おまかせ野菜セット',	'V202112005',	NULL,	NULL,	NULL,	NULL,	3500.00,	1,	280,	8,	0,	NULL,	'JPY',	NULL,	NULL,	'orderitem'),
(959,	89,	NULL,	NULL,	NULL,	1,	1,	2,	3,	'手数料',	NULL,	NULL,	NULL,	NULL,	NULL,	0.00,	1,	0,	10,	0,	NULL,	'JPY',	'Eccube\\Service\\PurchaseFlow\\Processor\\PaymentChargePreprocessor',	NULL,	'orderitem'),
(969,	89,	NULL,	NULL,	130,	1,	1,	2,	2,	'送料',	NULL,	NULL,	NULL,	NULL,	NULL,	1330.00,	1,	121,	10,	0,	NULL,	'JPY',	'Eccube\\Service\\PurchaseFlow\\Processor\\DeliveryFeePreprocessor',	NULL,	'orderitem'),
(970,	90,	39,	106,	131,	1,	1,	1,	1,	'おまかせ野菜セット',	'V202112005',	NULL,	NULL,	NULL,	NULL,	3500.00,	1,	280,	8,	0,	NULL,	'JPY',	NULL,	NULL,	'orderitem'),
(971,	91,	39,	106,	132,	1,	1,	1,	1,	'おまかせ野菜セット',	'V202112005',	NULL,	NULL,	NULL,	NULL,	3500.00,	1,	280,	8,	0,	NULL,	'JPY',	NULL,	NULL,	'orderitem'),
(973,	91,	NULL,	NULL,	NULL,	1,	1,	2,	3,	'手数料',	NULL,	NULL,	NULL,	NULL,	NULL,	0.00,	1,	0,	10,	0,	NULL,	'JPY',	'Eccube\\Service\\PurchaseFlow\\Processor\\PaymentChargePreprocessor',	NULL,	'orderitem'),
(985,	91,	NULL,	NULL,	132,	1,	1,	2,	2,	'送料',	NULL,	NULL,	NULL,	NULL,	NULL,	1330.00,	1,	121,	10,	0,	NULL,	'JPY',	'Eccube\\Service\\PurchaseFlow\\Processor\\DeliveryFeePreprocessor',	NULL,	'orderitem'),
(986,	92,	10,	19,	133,	1,	1,	1,	1,	'18K　ダイヤモンドリング',	'd-121-0020',	NULL,	NULL,	NULL,	NULL,	200000.00,	1,	20000,	10,	0,	NULL,	'JPY',	NULL,	NULL,	'orderitem'),
(988,	92,	NULL,	NULL,	NULL,	1,	1,	2,	3,	'手数料',	NULL,	NULL,	NULL,	NULL,	NULL,	0.00,	1,	0,	10,	0,	NULL,	'JPY',	'Eccube\\Service\\PurchaseFlow\\Processor\\PaymentChargePreprocessor',	NULL,	'orderitem'),
(990,	92,	NULL,	NULL,	133,	1,	1,	2,	2,	'送料',	NULL,	NULL,	NULL,	NULL,	NULL,	880.00,	0,	80,	10,	0,	NULL,	'JPY',	'Eccube\\Service\\PurchaseFlow\\Processor\\DeliveryFeePreprocessor',	NULL,	'orderitem'),
(991,	93,	3,	12,	134,	1,	1,	1,	1,	'test 11',	'test',	NULL,	NULL,	NULL,	NULL,	50000.00,	1,	5000,	10,	0,	NULL,	'JPY',	NULL,	NULL,	'orderitem'),
(993,	93,	NULL,	NULL,	NULL,	1,	1,	2,	3,	'手数料',	NULL,	NULL,	NULL,	NULL,	NULL,	0.00,	1,	0,	10,	0,	NULL,	'JPY',	'Eccube\\Service\\PurchaseFlow\\Processor\\PaymentChargePreprocessor',	NULL,	'orderitem'),
(997,	93,	NULL,	NULL,	134,	1,	1,	2,	2,	'送料',	NULL,	NULL,	NULL,	NULL,	NULL,	300.00,	1,	27,	10,	0,	NULL,	'JPY',	'Eccube\\Service\\PurchaseFlow\\Processor\\DeliveryFeePreprocessor',	NULL,	'orderitem'),
(998,	94,	3,	12,	135,	1,	1,	1,	1,	'test 11',	'test',	NULL,	NULL,	NULL,	NULL,	50000.00,	2,	5000,	10,	0,	NULL,	'JPY',	NULL,	NULL,	'orderitem'),
(999,	94,	NULL,	NULL,	135,	1,	1,	2,	2,	'送料',	NULL,	NULL,	NULL,	NULL,	NULL,	700.00,	1,	64,	10,	0,	NULL,	'JPY',	'Eccube\\Service\\PurchaseFlow\\Processor\\DeliveryFeePreprocessor',	NULL,	'orderitem'),
(1000,	94,	NULL,	NULL,	NULL,	1,	1,	2,	3,	'手数料',	NULL,	NULL,	NULL,	NULL,	NULL,	0.00,	1,	0,	10,	0,	NULL,	'JPY',	'Eccube\\Service\\PurchaseFlow\\Processor\\PaymentChargePreprocessor',	NULL,	'orderitem'),
(1001,	95,	29,	52,	136,	1,	1,	1,	1,	'カシオ CASIO Gショック G-SHOCK クオーツ メンズ 腕時計 GA-100CG-2A ネイビー［逆輸入品］［wimp］',	'ああ',	NULL,	NULL,	NULL,	NULL,	190000.00,	2,	19000,	10,	0,	NULL,	'JPY',	NULL,	NULL,	'orderitem'),
(1002,	95,	NULL,	NULL,	136,	1,	1,	2,	2,	'送料',	NULL,	NULL,	NULL,	NULL,	NULL,	0.00,	1,	0,	10,	0,	NULL,	'JPY',	'Eccube\\Service\\PurchaseFlow\\Processor\\DeliveryFeePreprocessor',	NULL,	'orderitem'),
(1003,	95,	NULL,	NULL,	NULL,	1,	1,	2,	3,	'手数料',	NULL,	NULL,	NULL,	NULL,	NULL,	0.00,	1,	0,	10,	0,	NULL,	'JPY',	'Eccube\\Service\\PurchaseFlow\\Processor\\PaymentChargePreprocessor',	NULL,	'orderitem'),
(1004,	96,	3,	12,	137,	1,	1,	1,	1,	'test 11',	'test',	NULL,	NULL,	NULL,	NULL,	50000.00,	2,	5000,	10,	0,	NULL,	'JPY',	NULL,	NULL,	'orderitem'),
(1006,	96,	NULL,	NULL,	NULL,	1,	1,	2,	3,	'手数料',	NULL,	NULL,	NULL,	NULL,	NULL,	0.00,	1,	0,	10,	0,	NULL,	'JPY',	'Eccube\\Service\\PurchaseFlow\\Processor\\PaymentChargePreprocessor',	NULL,	'orderitem'),
(1011,	96,	NULL,	NULL,	137,	1,	1,	2,	2,	'送料',	NULL,	NULL,	NULL,	NULL,	NULL,	600.00,	1,	55,	10,	0,	NULL,	'JPY',	'Eccube\\Service\\PurchaseFlow\\Processor\\DeliveryFeePreprocessor',	NULL,	'orderitem'),
(1012,	96,	NULL,	NULL,	NULL,	NULL,	2,	2,	4,	'5%off クーポン',	NULL,	NULL,	NULL,	NULL,	NULL,	-5500.00,	1,	0,	0,	0,	NULL,	'JPY',	'Plugin\\Coupon4\\Service\\PurchaseFlow\\Processor\\CouponProcessor',	NULL,	'orderitem'),
(1015,	97,	NULL,	NULL,	NULL,	1,	1,	2,	3,	'手数料',	NULL,	NULL,	NULL,	NULL,	NULL,	0.00,	1,	0,	10,	0,	NULL,	'JPY',	'Eccube\\Service\\PurchaseFlow\\Processor\\PaymentChargePreprocessor',	NULL,	'orderitem'),
(1026,	97,	41,	108,	140,	1,	1,	1,	1,	'テスト商品',	NULL,	NULL,	NULL,	NULL,	NULL,	100.00,	6,	10,	10,	0,	NULL,	'JPY',	NULL,	NULL,	'orderitem'),
(1032,	97,	NULL,	NULL,	140,	1,	1,	2,	2,	'送料',	NULL,	NULL,	NULL,	NULL,	NULL,	100.00,	1,	9,	10,	0,	NULL,	'JPY',	'Eccube\\Service\\PurchaseFlow\\Processor\\DeliveryFeePreprocessor',	NULL,	'orderitem'),
(1033,	98,	41,	108,	141,	1,	1,	1,	1,	'テスト商品',	NULL,	NULL,	NULL,	NULL,	NULL,	100.00,	6,	10,	10,	0,	NULL,	'JPY',	NULL,	NULL,	'orderitem'),
(1034,	98,	NULL,	NULL,	141,	1,	1,	2,	2,	'送料',	NULL,	NULL,	NULL,	NULL,	NULL,	100.00,	1,	9,	10,	0,	NULL,	'JPY',	'Eccube\\Service\\PurchaseFlow\\Processor\\DeliveryFeePreprocessor',	NULL,	'orderitem'),
(1035,	98,	NULL,	NULL,	NULL,	1,	1,	2,	3,	'手数料',	NULL,	NULL,	NULL,	NULL,	NULL,	0.00,	1,	0,	10,	0,	NULL,	'JPY',	'Eccube\\Service\\PurchaseFlow\\Processor\\PaymentChargePreprocessor',	NULL,	'orderitem'),
(1038,	99,	NULL,	NULL,	NULL,	1,	1,	2,	3,	'手数料',	NULL,	NULL,	NULL,	NULL,	NULL,	0.00,	1,	0,	10,	0,	NULL,	'JPY',	'Eccube\\Service\\PurchaseFlow\\Processor\\PaymentChargePreprocessor',	NULL,	'orderitem'),
(1040,	99,	12,	21,	143,	1,	1,	1,	1,	'ネックレス テスト用',	'R-200220',	NULL,	NULL,	NULL,	NULL,	39000.00,	1,	3900,	10,	0,	NULL,	'JPY',	NULL,	NULL,	'orderitem'),
(1041,	99,	12,	21,	144,	1,	1,	1,	1,	'ネックレス テスト用',	'R-200220',	NULL,	NULL,	NULL,	NULL,	39000.00,	1,	3900,	10,	0,	NULL,	'JPY',	NULL,	NULL,	'orderitem'),
(1054,	99,	NULL,	NULL,	143,	1,	1,	2,	2,	'送料',	NULL,	NULL,	NULL,	NULL,	NULL,	880.00,	0,	80,	10,	0,	NULL,	'JPY',	'Eccube\\Service\\PurchaseFlow\\Processor\\DeliveryFeePreprocessor',	NULL,	'orderitem'),
(1055,	99,	NULL,	NULL,	144,	1,	1,	2,	2,	'送料',	NULL,	NULL,	NULL,	NULL,	NULL,	930.00,	0,	85,	10,	0,	NULL,	'JPY',	'Eccube\\Service\\PurchaseFlow\\Processor\\DeliveryFeePreprocessor',	NULL,	'orderitem'),
(1056,	100,	29,	52,	145,	1,	1,	1,	1,	'カシオ CASIO Gショック G-SHOCK クオーツ メンズ 腕時計 GA-100CG-2A ネイビー［逆輸入品］［wimp］',	'ああ',	NULL,	NULL,	NULL,	NULL,	190000.00,	1,	19000,	10,	0,	NULL,	'JPY',	NULL,	NULL,	'orderitem'),
(1058,	100,	NULL,	NULL,	NULL,	1,	1,	2,	3,	'手数料',	NULL,	NULL,	NULL,	NULL,	NULL,	0.00,	1,	0,	10,	0,	NULL,	'JPY',	'Eccube\\Service\\PurchaseFlow\\Processor\\PaymentChargePreprocessor',	NULL,	'orderitem'),
(1060,	100,	NULL,	NULL,	145,	1,	1,	2,	2,	'送料',	NULL,	NULL,	NULL,	NULL,	NULL,	0.00,	1,	0,	10,	0,	NULL,	'JPY',	'Eccube\\Service\\PurchaseFlow\\Processor\\DeliveryFeePreprocessor',	NULL,	'orderitem'),
(1061,	101,	12,	21,	146,	1,	1,	1,	1,	'ネックレス テスト用',	'R-200220',	NULL,	NULL,	NULL,	NULL,	37050.00,	2,	3705,	10,	0,	NULL,	'JPY',	NULL,	NULL,	'orderitem'),
(1063,	101,	NULL,	NULL,	NULL,	1,	1,	2,	3,	'手数料',	NULL,	NULL,	NULL,	NULL,	NULL,	0.00,	1,	0,	10,	0,	NULL,	'JPY',	'Eccube\\Service\\PurchaseFlow\\Processor\\PaymentChargePreprocessor',	NULL,	'orderitem'),
(1064,	101,	NULL,	NULL,	146,	1,	1,	2,	2,	'送料',	NULL,	NULL,	NULL,	NULL,	NULL,	880.00,	0,	80,	10,	0,	NULL,	'JPY',	'Eccube\\Service\\PurchaseFlow\\Processor\\DeliveryFeePreprocessor',	NULL,	'orderitem'),
(1068,	102,	NULL,	NULL,	NULL,	1,	1,	2,	3,	'手数料',	NULL,	NULL,	NULL,	NULL,	NULL,	0.00,	1,	0,	10,	0,	NULL,	'JPY',	'Eccube\\Service\\PurchaseFlow\\Processor\\PaymentChargePreprocessor',	NULL,	'orderitem'),
(1073,	102,	24,	48,	148,	1,	1,	1,	1,	'カップケーキ',	'ああ',	NULL,	NULL,	NULL,	NULL,	1140.00,	1,	114,	10,	0,	NULL,	'JPY',	NULL,	NULL,	'orderitem'),
(1074,	102,	23,	47,	149,	1,	1,	1,	1,	'おはぎ',	'ああ',	NULL,	NULL,	NULL,	NULL,	1140.00,	1,	114,	10,	0,	NULL,	'JPY',	NULL,	NULL,	'orderitem'),
(1077,	102,	NULL,	NULL,	148,	1,	1,	2,	2,	'送料',	NULL,	NULL,	NULL,	NULL,	NULL,	720.00,	0,	65,	10,	0,	NULL,	'JPY',	'Eccube\\Service\\PurchaseFlow\\Processor\\DeliveryFeePreprocessor',	NULL,	'orderitem'),
(1078,	102,	NULL,	NULL,	149,	1,	1,	2,	2,	'送料',	NULL,	NULL,	NULL,	NULL,	NULL,	720.00,	0,	65,	10,	0,	NULL,	'JPY',	'Eccube\\Service\\PurchaseFlow\\Processor\\DeliveryFeePreprocessor',	NULL,	'orderitem'),
(1081,	103,	NULL,	NULL,	NULL,	1,	1,	2,	3,	'手数料',	NULL,	NULL,	NULL,	NULL,	NULL,	0.00,	1,	0,	10,	0,	NULL,	'JPY',	'Eccube\\Service\\PurchaseFlow\\Processor\\PaymentChargePreprocessor',	NULL,	'orderitem'),
(1105,	103,	13,	22,	155,	1,	1,	1,	1,	'マスク テスト用',	'kzhao50a',	NULL,	NULL,	NULL,	NULL,	190.00,	1,	19,	10,	0,	NULL,	'JPY',	NULL,	NULL,	'orderitem'),
(1106,	103,	13,	22,	156,	1,	1,	1,	1,	'マスク テスト用',	'kzhao50a',	NULL,	NULL,	NULL,	NULL,	190.00,	1,	19,	10,	0,	NULL,	'JPY',	NULL,	NULL,	'orderitem'),
(1127,	103,	NULL,	NULL,	155,	1,	1,	2,	2,	'送料',	NULL,	NULL,	NULL,	NULL,	NULL,	840.00,	1,	76,	10,	0,	NULL,	'JPY',	'Eccube\\Service\\PurchaseFlow\\Processor\\DeliveryFeePreprocessor',	NULL,	'orderitem'),
(1128,	103,	NULL,	NULL,	156,	1,	1,	2,	2,	'送料',	NULL,	NULL,	NULL,	NULL,	NULL,	880.00,	1,	80,	10,	0,	NULL,	'JPY',	'Eccube\\Service\\PurchaseFlow\\Processor\\DeliveryFeePreprocessor',	NULL,	'orderitem'),
(1129,	104,	41,	108,	157,	1,	1,	1,	1,	'テスト商品',	NULL,	NULL,	NULL,	NULL,	NULL,	100.00,	1,	10,	10,	0,	NULL,	'JPY',	NULL,	NULL,	'orderitem'),
(1131,	104,	NULL,	NULL,	NULL,	1,	1,	2,	3,	'手数料',	NULL,	NULL,	NULL,	NULL,	NULL,	0.00,	1,	0,	10,	0,	NULL,	'JPY',	'Eccube\\Service\\PurchaseFlow\\Processor\\PaymentChargePreprocessor',	NULL,	'orderitem'),
(1132,	104,	NULL,	NULL,	157,	1,	1,	2,	2,	'送料',	NULL,	NULL,	NULL,	NULL,	NULL,	100.00,	1,	9,	10,	0,	NULL,	'JPY',	'Eccube\\Service\\PurchaseFlow\\Processor\\DeliveryFeePreprocessor',	NULL,	'orderitem'),
(1135,	105,	NULL,	NULL,	NULL,	1,	1,	2,	3,	'手数料',	NULL,	NULL,	NULL,	NULL,	NULL,	0.00,	1,	0,	10,	0,	NULL,	'JPY',	'Eccube\\Service\\PurchaseFlow\\Processor\\PaymentChargePreprocessor',	NULL,	'orderitem'),
(1151,	105,	41,	108,	162,	1,	1,	1,	1,	'テスト商品',	NULL,	NULL,	NULL,	NULL,	NULL,	95.00,	4,	10,	10,	0,	NULL,	'JPY',	NULL,	NULL,	'orderitem'),
(1152,	105,	41,	108,	163,	1,	1,	1,	1,	'テスト商品',	NULL,	NULL,	NULL,	NULL,	NULL,	95.00,	4,	10,	10,	0,	NULL,	'JPY',	NULL,	NULL,	'orderitem'),
(1163,	105,	NULL,	NULL,	162,	1,	1,	2,	2,	'送料',	NULL,	NULL,	NULL,	NULL,	NULL,	100.00,	1,	9,	10,	0,	NULL,	'JPY',	'Eccube\\Service\\PurchaseFlow\\Processor\\DeliveryFeePreprocessor',	NULL,	'orderitem'),
(1164,	105,	NULL,	NULL,	163,	1,	1,	2,	2,	'送料',	NULL,	NULL,	NULL,	NULL,	NULL,	100.00,	1,	9,	10,	0,	NULL,	'JPY',	'Eccube\\Service\\PurchaseFlow\\Processor\\DeliveryFeePreprocessor',	NULL,	'orderitem'),
(1167,	106,	NULL,	NULL,	NULL,	1,	1,	2,	3,	'手数料',	NULL,	NULL,	NULL,	NULL,	NULL,	0.00,	1,	0,	10,	0,	NULL,	'JPY',	'Eccube\\Service\\PurchaseFlow\\Processor\\PaymentChargePreprocessor',	NULL,	'orderitem'),
(1214,	106,	41,	108,	174,	1,	1,	1,	1,	'テスト商品',	NULL,	NULL,	NULL,	NULL,	NULL,	95.00,	4,	10,	10,	0,	NULL,	'JPY',	NULL,	NULL,	'orderitem'),
(1215,	106,	41,	108,	175,	1,	1,	1,	1,	'テスト商品',	NULL,	NULL,	NULL,	NULL,	NULL,	95.00,	4,	10,	10,	0,	NULL,	'JPY',	NULL,	NULL,	'orderitem'),
(1224,	106,	NULL,	NULL,	174,	1,	1,	2,	2,	'送料',	NULL,	NULL,	NULL,	NULL,	NULL,	100.00,	1,	9,	10,	0,	NULL,	'JPY',	'Eccube\\Service\\PurchaseFlow\\Processor\\DeliveryFeePreprocessor',	NULL,	'orderitem'),
(1225,	106,	NULL,	NULL,	175,	1,	1,	2,	2,	'送料',	NULL,	NULL,	NULL,	NULL,	NULL,	100.00,	1,	9,	10,	0,	NULL,	'JPY',	'Eccube\\Service\\PurchaseFlow\\Processor\\DeliveryFeePreprocessor',	NULL,	'orderitem'),
(1226,	107,	43,	110,	176,	1,	1,	1,	1,	'いい商品',	NULL,	NULL,	NULL,	NULL,	NULL,	950000.00,	1,	95000,	10,	0,	NULL,	'JPY',	NULL,	NULL,	'orderitem'),
(1228,	107,	NULL,	NULL,	NULL,	1,	1,	2,	3,	'手数料',	NULL,	NULL,	NULL,	NULL,	NULL,	0.00,	1,	0,	10,	0,	NULL,	'JPY',	'Eccube\\Service\\PurchaseFlow\\Processor\\PaymentChargePreprocessor',	NULL,	'orderitem'),
(1230,	107,	NULL,	NULL,	176,	1,	1,	2,	2,	'送料',	NULL,	NULL,	NULL,	NULL,	NULL,	0.00,	0,	0,	10,	0,	NULL,	'JPY',	'Eccube\\Service\\PurchaseFlow\\Processor\\DeliveryFeePreprocessor',	NULL,	'orderitem'),
(1231,	108,	8,	17,	177,	1,	1,	1,	1,	'ネックレス',	'R-200220',	NULL,	NULL,	NULL,	NULL,	37050.00,	1,	3705,	10,	0,	NULL,	'JPY',	NULL,	NULL,	'orderitem'),
(1233,	108,	NULL,	NULL,	NULL,	1,	1,	2,	3,	'手数料',	NULL,	NULL,	NULL,	NULL,	NULL,	0.00,	1,	0,	10,	0,	NULL,	'JPY',	'Eccube\\Service\\PurchaseFlow\\Processor\\PaymentChargePreprocessor',	NULL,	'orderitem'),
(1235,	108,	NULL,	NULL,	177,	1,	1,	2,	2,	'送料',	NULL,	NULL,	NULL,	NULL,	NULL,	880.00,	0,	80,	10,	0,	NULL,	'JPY',	'Eccube\\Service\\PurchaseFlow\\Processor\\DeliveryFeePreprocessor',	NULL,	'orderitem'),
(1236,	109,	43,	110,	178,	1,	1,	1,	1,	'いい商品',	NULL,	NULL,	NULL,	NULL,	NULL,	1000000.00,	1,	100000,	10,	0,	NULL,	'JPY',	NULL,	NULL,	'orderitem'),
(1238,	109,	NULL,	NULL,	NULL,	1,	1,	2,	3,	'手数料',	NULL,	NULL,	NULL,	NULL,	NULL,	0.00,	1,	0,	10,	0,	NULL,	'JPY',	'Eccube\\Service\\PurchaseFlow\\Processor\\PaymentChargePreprocessor',	NULL,	'orderitem'),
(1241,	109,	NULL,	NULL,	178,	1,	1,	2,	2,	'送料',	NULL,	NULL,	NULL,	NULL,	NULL,	0.00,	1,	0,	10,	0,	NULL,	'JPY',	'Eccube\\Service\\PurchaseFlow\\Processor\\DeliveryFeePreprocessor',	NULL,	'orderitem'),
(1242,	110,	3,	12,	179,	1,	1,	1,	1,	'test 11',	'test',	NULL,	NULL,	NULL,	NULL,	5000.00,	1,	500,	10,	0,	NULL,	'JPY',	NULL,	NULL,	'orderitem'),
(1244,	110,	NULL,	NULL,	NULL,	1,	1,	2,	3,	'手数料',	NULL,	NULL,	NULL,	NULL,	NULL,	0.00,	1,	0,	10,	0,	NULL,	'JPY',	'Eccube\\Service\\PurchaseFlow\\Processor\\PaymentChargePreprocessor',	NULL,	'orderitem'),
(1245,	110,	NULL,	NULL,	179,	1,	1,	2,	2,	'送料',	NULL,	NULL,	NULL,	NULL,	NULL,	300.00,	0,	27,	10,	0,	NULL,	'JPY',	'Eccube\\Service\\PurchaseFlow\\Processor\\DeliveryFeePreprocessor',	NULL,	'orderitem'),
(1246,	111,	3,	12,	180,	1,	1,	1,	1,	'test 11',	'test',	NULL,	NULL,	NULL,	NULL,	5000.00,	2,	500,	10,	0,	NULL,	'JPY',	NULL,	NULL,	'orderitem'),
(1248,	111,	NULL,	NULL,	NULL,	1,	1,	2,	3,	'手数料',	NULL,	NULL,	NULL,	NULL,	NULL,	0.00,	1,	0,	10,	0,	NULL,	'JPY',	'Eccube\\Service\\PurchaseFlow\\Processor\\PaymentChargePreprocessor',	NULL,	'orderitem'),
(1250,	111,	NULL,	NULL,	180,	1,	1,	2,	2,	'送料',	NULL,	NULL,	NULL,	NULL,	NULL,	600.00,	0,	55,	10,	0,	NULL,	'JPY',	'Eccube\\Service\\PurchaseFlow\\Processor\\DeliveryFeePreprocessor',	NULL,	'orderitem'),
(1251,	112,	44,	111,	181,	1,	1,	1,	1,	'テスト商品',	NULL,	NULL,	NULL,	NULL,	NULL,	95.00,	1,	10,	10,	0,	NULL,	'JPY',	NULL,	NULL,	'orderitem'),
(1253,	112,	NULL,	NULL,	NULL,	1,	1,	2,	3,	'手数料',	NULL,	NULL,	NULL,	NULL,	NULL,	0.00,	1,	0,	10,	0,	NULL,	'JPY',	'Eccube\\Service\\PurchaseFlow\\Processor\\PaymentChargePreprocessor',	NULL,	'orderitem'),
(1255,	112,	NULL,	NULL,	181,	1,	1,	2,	2,	'送料',	NULL,	NULL,	NULL,	NULL,	NULL,	0.00,	1,	0,	10,	0,	NULL,	'JPY',	'Eccube\\Service\\PurchaseFlow\\Processor\\DeliveryFeePreprocessor',	NULL,	'orderitem'),
(1256,	113,	41,	108,	182,	1,	1,	1,	1,	'テスト商品',	NULL,	NULL,	NULL,	NULL,	NULL,	95.00,	1,	10,	10,	0,	NULL,	'JPY',	NULL,	NULL,	'orderitem'),
(1257,	113,	NULL,	NULL,	182,	1,	1,	2,	2,	'送料',	NULL,	NULL,	NULL,	NULL,	NULL,	100.00,	1,	9,	10,	0,	NULL,	'JPY',	'Eccube\\Service\\PurchaseFlow\\Processor\\DeliveryFeePreprocessor',	NULL,	'orderitem'),
(1258,	113,	NULL,	NULL,	NULL,	1,	1,	2,	3,	'手数料',	NULL,	NULL,	NULL,	NULL,	NULL,	0.00,	1,	0,	10,	0,	NULL,	'JPY',	'Eccube\\Service\\PurchaseFlow\\Processor\\PaymentChargePreprocessor',	NULL,	'orderitem'),
(1259,	114,	43,	110,	183,	1,	1,	1,	1,	'いい商品',	NULL,	NULL,	NULL,	NULL,	NULL,	950000.00,	1,	95000,	10,	0,	NULL,	'JPY',	NULL,	NULL,	'orderitem'),
(1261,	114,	NULL,	NULL,	NULL,	1,	1,	2,	3,	'手数料',	NULL,	NULL,	NULL,	NULL,	NULL,	0.00,	1,	0,	10,	0,	NULL,	'JPY',	'Eccube\\Service\\PurchaseFlow\\Processor\\PaymentChargePreprocessor',	NULL,	'orderitem'),
(1263,	114,	NULL,	NULL,	183,	1,	1,	2,	2,	'送料',	NULL,	NULL,	NULL,	NULL,	NULL,	0.00,	0,	0,	10,	0,	NULL,	'JPY',	'Eccube\\Service\\PurchaseFlow\\Processor\\DeliveryFeePreprocessor',	NULL,	'orderitem'),
(1264,	115,	26,	50,	184,	1,	1,	1,	1,	'カシオ CASIO Gショック G-SHOCK クオーツ メンズ 腕時計 GA-100CG-2A ネイビー［逆輸入品］［wimp］[カシオGshokku ]',	'ああ',	NULL,	NULL,	NULL,	NULL,	190000.00,	2,	19000,	10,	0,	NULL,	'JPY',	NULL,	NULL,	'orderitem'),
(1265,	115,	NULL,	NULL,	184,	1,	1,	2,	2,	'送料',	NULL,	NULL,	NULL,	NULL,	NULL,	720.00,	1,	65,	10,	0,	NULL,	'JPY',	'Eccube\\Service\\PurchaseFlow\\Processor\\DeliveryFeePreprocessor',	NULL,	'orderitem'),
(1266,	115,	NULL,	NULL,	NULL,	1,	1,	2,	3,	'手数料',	NULL,	NULL,	NULL,	NULL,	NULL,	0.00,	1,	0,	10,	0,	NULL,	'JPY',	'Eccube\\Service\\PurchaseFlow\\Processor\\PaymentChargePreprocessor',	NULL,	'orderitem'),
(1267,	116,	43,	110,	185,	1,	1,	1,	1,	'いい商品',	NULL,	NULL,	NULL,	NULL,	NULL,	950000.00,	1,	95000,	10,	0,	NULL,	'JPY',	NULL,	NULL,	'orderitem'),
(1269,	116,	NULL,	NULL,	NULL,	1,	1,	2,	3,	'手数料',	NULL,	NULL,	NULL,	NULL,	NULL,	0.00,	1,	0,	10,	0,	NULL,	'JPY',	'Eccube\\Service\\PurchaseFlow\\Processor\\PaymentChargePreprocessor',	NULL,	'orderitem'),
(1271,	116,	NULL,	NULL,	185,	1,	1,	2,	2,	'送料',	NULL,	NULL,	NULL,	NULL,	NULL,	0.00,	0,	0,	10,	0,	NULL,	'JPY',	'Eccube\\Service\\PurchaseFlow\\Processor\\DeliveryFeePreprocessor',	NULL,	'orderitem'),
(1272,	117,	39,	106,	186,	1,	1,	1,	1,	'おまかせ野菜セット',	'V202112005',	NULL,	NULL,	NULL,	NULL,	3500.00,	1,	280,	8,	0,	NULL,	'JPY',	NULL,	NULL,	'orderitem'),
(1274,	117,	NULL,	NULL,	NULL,	1,	1,	2,	3,	'手数料',	NULL,	NULL,	NULL,	NULL,	NULL,	0.00,	1,	0,	10,	0,	NULL,	'JPY',	'Eccube\\Service\\PurchaseFlow\\Processor\\PaymentChargePreprocessor',	NULL,	'orderitem'),
(1276,	117,	NULL,	NULL,	186,	1,	1,	2,	2,	'送料',	NULL,	NULL,	NULL,	NULL,	NULL,	1330.00,	1,	121,	10,	0,	NULL,	'JPY',	'Eccube\\Service\\PurchaseFlow\\Processor\\DeliveryFeePreprocessor',	NULL,	'orderitem'),
(1277,	118,	45,	122,	187,	1,	1,	1,	1,	'テーラーメイド ゴルフ ステルス ドライバー/TENSEI RD TM50(22)',	NULL,	'ロフト/フレックス',	'シャフト',	'10.5/R',	'TENSEI RD TM50(22)',	39800.00,	1,	3980,	10,	0,	NULL,	'JPY',	NULL,	NULL,	'orderitem'),
(1279,	118,	NULL,	NULL,	NULL,	1,	1,	2,	3,	'手数料',	NULL,	NULL,	NULL,	NULL,	NULL,	0.00,	1,	0,	10,	0,	NULL,	'JPY',	'Eccube\\Service\\PurchaseFlow\\Processor\\PaymentChargePreprocessor',	NULL,	'orderitem'),
(1287,	118,	NULL,	NULL,	187,	1,	1,	2,	2,	'送料',	NULL,	NULL,	NULL,	NULL,	NULL,	1020.00,	0,	93,	10,	0,	NULL,	'JPY',	'Eccube\\Service\\PurchaseFlow\\Processor\\DeliveryFeePreprocessor',	NULL,	'orderitem'),
(1288,	119,	45,	123,	188,	1,	1,	1,	1,	'テーラーメイド ゴルフ ステルス ドライバー/TENSEI RD TM50(22)',	NULL,	'ロフト/フレックス',	'シャフト',	'10.5/SR',	'TENSEI RD TM50(22)',	39800.00,	1,	3980,	10,	0,	NULL,	'JPY',	NULL,	NULL,	'orderitem'),
(1290,	119,	NULL,	NULL,	NULL,	1,	1,	2,	3,	'手数料',	NULL,	NULL,	NULL,	NULL,	NULL,	0.00,	1,	0,	10,	0,	NULL,	'JPY',	'Eccube\\Service\\PurchaseFlow\\Processor\\PaymentChargePreprocessor',	NULL,	'orderitem'),
(1300,	119,	NULL,	NULL,	188,	1,	1,	2,	2,	'送料',	NULL,	NULL,	NULL,	NULL,	NULL,	1020.00,	0,	93,	10,	0,	NULL,	'JPY',	'Eccube\\Service\\PurchaseFlow\\Processor\\DeliveryFeePreprocessor',	NULL,	'orderitem'),
(1301,	119,	NULL,	NULL,	NULL,	NULL,	2,	2,	4,	'GWキャンペーン',	NULL,	NULL,	NULL,	NULL,	NULL,	-650.00,	1,	0,	0,	0,	NULL,	'JPY',	'Plugin\\Coupon4\\Service\\PurchaseFlow\\Processor\\CouponProcessor',	NULL,	'orderitem'),
(1302,	119,	NULL,	NULL,	NULL,	NULL,	2,	2,	6,	'ポイント',	NULL,	NULL,	NULL,	NULL,	NULL,	-300.00,	1,	0,	0,	0,	NULL,	'JPY',	'Eccube\\Service\\PurchaseFlow\\Processor\\PointProcessor',	NULL,	'orderitem'),
(1303,	120,	45,	123,	189,	1,	1,	1,	1,	'テーラーメイド ゴルフ ステルス ドライバー/TENSEI RD TM50(22)',	NULL,	'ロフト/フレックス',	'シャフト',	'10.5/SR',	'TENSEI RD TM50(22)',	39800.00,	1,	3980,	10,	0,	NULL,	'JPY',	NULL,	NULL,	'orderitem'),
(1304,	120,	NULL,	NULL,	189,	1,	1,	2,	2,	'送料',	NULL,	NULL,	NULL,	NULL,	NULL,	1020.00,	0,	93,	10,	0,	NULL,	'JPY',	'Eccube\\Service\\PurchaseFlow\\Processor\\DeliveryFeePreprocessor',	NULL,	'orderitem'),
(1305,	120,	NULL,	NULL,	NULL,	1,	1,	2,	3,	'手数料',	NULL,	NULL,	NULL,	NULL,	NULL,	0.00,	1,	0,	10,	0,	NULL,	'JPY',	'Eccube\\Service\\PurchaseFlow\\Processor\\PaymentChargePreprocessor',	NULL,	'orderitem'),
(1306,	121,	26,	50,	190,	1,	1,	1,	1,	'カシオ CASIO Gショック G-SHOCK クオーツ メンズ 腕時計 GA-100CG-2A ネイビー［逆輸入品］［wimp］[カシオGshokku ]',	'ああ',	NULL,	NULL,	NULL,	NULL,	190000.00,	1,	19000,	10,	0,	NULL,	'JPY',	NULL,	NULL,	'orderitem'),
(1308,	121,	NULL,	NULL,	NULL,	1,	1,	2,	3,	'手数料',	NULL,	NULL,	NULL,	NULL,	NULL,	0.00,	1,	0,	10,	0,	NULL,	'JPY',	'Eccube\\Service\\PurchaseFlow\\Processor\\PaymentChargePreprocessor',	NULL,	'orderitem'),
(1314,	121,	NULL,	NULL,	190,	1,	1,	2,	2,	'送料',	NULL,	NULL,	NULL,	NULL,	NULL,	720.00,	1,	65,	10,	0,	NULL,	'JPY',	'Eccube\\Service\\PurchaseFlow\\Processor\\DeliveryFeePreprocessor',	NULL,	'orderitem'),
(1315,	122,	39,	106,	191,	1,	1,	1,	1,	'おまかせ野菜セット',	'V202112005',	NULL,	NULL,	NULL,	NULL,	3500.00,	1,	280,	8,	0,	NULL,	'JPY',	NULL,	NULL,	'orderitem'),
(1317,	122,	NULL,	NULL,	NULL,	1,	1,	2,	3,	'手数料',	NULL,	NULL,	NULL,	NULL,	NULL,	0.00,	1,	0,	10,	0,	NULL,	'JPY',	'Eccube\\Service\\PurchaseFlow\\Processor\\PaymentChargePreprocessor',	NULL,	'orderitem'),
(1323,	122,	NULL,	NULL,	191,	1,	1,	2,	2,	'送料',	NULL,	NULL,	NULL,	NULL,	NULL,	1330.00,	1,	121,	10,	0,	NULL,	'JPY',	'Eccube\\Service\\PurchaseFlow\\Processor\\DeliveryFeePreprocessor',	NULL,	'orderitem'),
(1324,	123,	26,	50,	192,	1,	1,	1,	1,	'カシオ CASIO Gショック G-SHOCK クオーツ メンズ 腕時計 GA-100CG-2A ネイビー［逆輸入品］［wimp］[カシオGshokku ]',	'ああ',	NULL,	NULL,	NULL,	NULL,	190000.00,	2,	19000,	10,	0,	NULL,	'JPY',	NULL,	NULL,	'orderitem'),
(1325,	123,	25,	49,	192,	1,	1,	1,	1,	'マカロン',	'ああ',	NULL,	NULL,	NULL,	NULL,	1200.00,	1,	120,	10,	0,	NULL,	'JPY',	NULL,	NULL,	'orderitem'),
(1327,	123,	NULL,	NULL,	NULL,	1,	1,	2,	3,	'手数料',	NULL,	NULL,	NULL,	NULL,	NULL,	0.00,	1,	0,	10,	0,	NULL,	'JPY',	'Eccube\\Service\\PurchaseFlow\\Processor\\PaymentChargePreprocessor',	NULL,	'orderitem'),
(1328,	123,	NULL,	NULL,	192,	1,	1,	2,	2,	'送料',	NULL,	NULL,	NULL,	NULL,	NULL,	720.00,	1,	65,	10,	0,	NULL,	'JPY',	'Eccube\\Service\\PurchaseFlow\\Processor\\DeliveryFeePreprocessor',	NULL,	'orderitem'),
(1332,	124,	NULL,	NULL,	NULL,	1,	1,	2,	3,	'手数料',	NULL,	NULL,	NULL,	NULL,	NULL,	0.00,	1,	0,	10,	0,	NULL,	'JPY',	'Eccube\\Service\\PurchaseFlow\\Processor\\PaymentChargePreprocessor',	NULL,	'orderitem'),
(1334,	124,	26,	50,	194,	1,	1,	1,	1,	'カシオ CASIO Gショック G-SHOCK クオーツ メンズ 腕時計 GA-100CG-2A ネイビー［逆輸入品］［wimp］[カシオGshokku ]',	'ああ',	NULL,	NULL,	NULL,	NULL,	190000.00,	2,	19000,	10,	0,	NULL,	'JPY',	NULL,	NULL,	'orderitem'),
(1335,	124,	25,	49,	194,	1,	1,	1,	1,	'マカロン',	'ああ',	NULL,	NULL,	NULL,	NULL,	1200.00,	1,	120,	10,	0,	NULL,	'JPY',	NULL,	NULL,	'orderitem'),
(1341,	124,	NULL,	NULL,	194,	1,	1,	2,	2,	'送料',	NULL,	NULL,	NULL,	NULL,	NULL,	720.00,	1,	65,	10,	0,	NULL,	'JPY',	'Eccube\\Service\\PurchaseFlow\\Processor\\DeliveryFeePreprocessor',	NULL,	'orderitem'),
(1342,	125,	15,	24,	195,	1,	1,	1,	1,	'タンザナイト テスト用',	'Ｔ−００１２５',	NULL,	NULL,	NULL,	NULL,	10000.00,	1,	1000,	10,	0,	NULL,	'JPY',	NULL,	NULL,	'orderitem'),
(1344,	125,	NULL,	NULL,	NULL,	1,	1,	2,	3,	'手数料',	NULL,	NULL,	NULL,	NULL,	NULL,	0.00,	1,	0,	10,	0,	NULL,	'JPY',	'Eccube\\Service\\PurchaseFlow\\Processor\\PaymentChargePreprocessor',	NULL,	'orderitem'),
(1348,	125,	NULL,	NULL,	195,	1,	1,	2,	2,	'送料',	NULL,	NULL,	NULL,	NULL,	NULL,	880.00,	0,	80,	10,	0,	NULL,	'JPY',	'Eccube\\Service\\PurchaseFlow\\Processor\\DeliveryFeePreprocessor',	NULL,	'orderitem'),
(1349,	126,	40,	107,	196,	1,	1,	1,	1,	'プラスドライバー3本セット',	NULL,	NULL,	NULL,	NULL,	NULL,	300.00,	1,	30,	10,	0,	NULL,	'JPY',	NULL,	NULL,	'orderitem'),
(1350,	126,	NULL,	NULL,	196,	1,	1,	2,	2,	'送料',	NULL,	NULL,	NULL,	NULL,	NULL,	300.00,	1,	27,	10,	0,	NULL,	'JPY',	'Eccube\\Service\\PurchaseFlow\\Processor\\DeliveryFeePreprocessor',	NULL,	'orderitem'),
(1351,	126,	NULL,	NULL,	NULL,	1,	1,	2,	3,	'手数料',	NULL,	NULL,	NULL,	NULL,	NULL,	0.00,	1,	0,	10,	0,	NULL,	'JPY',	'Eccube\\Service\\PurchaseFlow\\Processor\\PaymentChargePreprocessor',	NULL,	'orderitem');

DROP TABLE IF EXISTS `dtb_order_pdf`;
CREATE TABLE `dtb_order_pdf` (
  `member_id` int(10) unsigned NOT NULL,
  `title` varchar(255) DEFAULT NULL,
  `message1` varchar(255) DEFAULT NULL,
  `message2` varchar(255) DEFAULT NULL,
  `message3` varchar(255) DEFAULT NULL,
  `note1` varchar(255) DEFAULT NULL,
  `note2` varchar(255) DEFAULT NULL,
  `note3` varchar(255) DEFAULT NULL,
  `create_date` datetime NOT NULL COMMENT '(DC2Type:datetimetz)',
  `update_date` datetime NOT NULL COMMENT '(DC2Type:datetimetz)',
  `visible` tinyint(1) NOT NULL DEFAULT 1,
  `discriminator_type` varchar(255) NOT NULL,
  PRIMARY KEY (`member_id`)
) ENGINE=InnoDB DEFAULT CHARSET=utf8;


DROP TABLE IF EXISTS `dtb_page`;
CREATE TABLE `dtb_page` (
  `id` int(10) unsigned NOT NULL AUTO_INCREMENT,
  `master_page_id` int(10) unsigned DEFAULT NULL,
  `page_name` varchar(255) DEFAULT NULL,
  `url` varchar(255) NOT NULL,
  `file_name` varchar(255) DEFAULT NULL,
  `edit_type` smallint(5) unsigned NOT NULL DEFAULT 1,
  `author` varchar(255) DEFAULT NULL,
  `description` varchar(255) DEFAULT NULL,
  `keyword` varchar(255) DEFAULT NULL,
  `create_date` datetime NOT NULL COMMENT '(DC2Type:datetimetz)',
  `update_date` datetime NOT NULL COMMENT '(DC2Type:datetimetz)',
  `meta_robots` varchar(255) DEFAULT NULL,
  `meta_tags` varchar(4000) DEFAULT NULL,
  `discriminator_type` varchar(255) NOT NULL,
  PRIMARY KEY (`id`),
  KEY `IDX_E3951A67D0618E8C` (`master_page_id`),
  KEY `dtb_page_url_idx` (`url`),
  CONSTRAINT `FK_E3951A67D0618E8C` FOREIGN KEY (`master_page_id`) REFERENCES `dtb_page` (`id`)
) ENGINE=InnoDB DEFAULT CHARSET=utf8;

INSERT INTO `dtb_page` (`id`, `master_page_id`, `page_name`, `url`, `file_name`, `edit_type`, `author`, `description`, `keyword`, `create_date`, `update_date`, `meta_robots`, `meta_tags`, `discriminator_type`) VALUES
(1,	NULL,	'TOPページ',	'homepage',	'index',	2,	NULL,	NULL,	NULL,	'2017-03-07 10:14:52',	'2017-03-07 10:14:52',	NULL,	NULL,	'page'),
(2,	NULL,	'商品一覧ページ',	'product_list',	'Product/list',	2,	NULL,	NULL,	NULL,	'2017-03-07 10:14:52',	'2017-03-07 10:14:52',	NULL,	NULL,	'page'),
(3,	NULL,	'商品詳細ページ',	'product_detail',	'Product/detail',	2,	NULL,	NULL,	NULL,	'2017-03-07 10:14:52',	'2021-01-29 02:52:24',	NULL,	'<meta property=\"og:type\" content=\"og:product\" /><meta property=\"og:title\" content=\"{{ Product.name }}\" />\r\n<meta property=\"og:image\" content=\"{{ url(\'homepage\') }}{{ asset(Product.main_list_image|no_image_product, \'save_image\') }}\" />\r\n<meta property=\"og:description\" content=\"{{ Product.description_list|striptags }}\" />\r\n<meta property=\"og:url\" content=\"{{ url(\'product_detail\', {\'id\': Product.id}) }}\" />\r\n<meta property=\"product:price:amount\" content=\"{{ Product.getPrice02IncTaxMin }}\"/>\r\n<meta property=\"product:price:currency\" content=\"{{ eccube_config.currency }}\"/>\r\n<meta property=\"product:product_link\" content=\"{{ url(\'product_detail\', {\'id\': Product.id}) }}\"/>\r\n<meta property=\"product:retailer_title\" content=\"{{ BaseInfo.shop_name }}\"/>',	'page'),
(4,	NULL,	'MYページ',	'mypage',	'Mypage/index',	2,	NULL,	NULL,	NULL,	'2017-03-07 10:14:52',	'2017-03-07 10:14:52',	'noindex',	NULL,	'page'),
(5,	NULL,	'MYページ/会員登録内容変更(入力ページ)',	'mypage_change',	'Mypage/change',	2,	NULL,	NULL,	NULL,	'2017-03-07 10:14:52',	'2017-03-07 10:14:52',	'noindex',	NULL,	'page'),
(6,	NULL,	'MYページ/会員登録内容変更(完了ページ)',	'mypage_change_complete',	'Mypage/change_complete',	2,	NULL,	NULL,	NULL,	'2017-03-07 10:14:52',	'2017-03-07 10:14:52',	'noindex',	NULL,	'page'),
(7,	NULL,	'MYページ/お届け先一覧',	'mypage_delivery',	'Mypage/delivery',	2,	NULL,	NULL,	NULL,	'2017-03-07 10:14:52',	'2017-03-07 10:14:52',	'noindex',	NULL,	'page'),
(8,	NULL,	'MYページ/お届け先追加',	'mypage_delivery_new',	'Mypage/delivery_edit',	2,	NULL,	NULL,	NULL,	'2017-03-07 10:14:52',	'2017-03-07 10:14:52',	'noindex',	NULL,	'page'),
(9,	NULL,	'MYページ/お気に入り一覧',	'mypage_favorite',	'Mypage/favorite',	2,	NULL,	NULL,	NULL,	'2017-03-07 10:14:52',	'2017-03-07 10:14:52',	'noindex',	NULL,	'page'),
(10,	NULL,	'MYページ/購入履歴詳細',	'mypage_history',	'Mypage/history',	2,	NULL,	NULL,	NULL,	'2017-03-07 10:14:52',	'2017-03-07 10:14:52',	'noindex',	NULL,	'page'),
(11,	NULL,	'MYページ/ログイン',	'mypage_login',	'Mypage/login',	2,	NULL,	NULL,	NULL,	'2017-03-07 10:14:52',	'2017-03-07 10:14:52',	'noindex',	NULL,	'page'),
(12,	NULL,	'MYページ/退会手続き(入力ページ)',	'mypage_withdraw',	'Mypage/withdraw',	2,	NULL,	NULL,	NULL,	'2017-03-07 10:14:52',	'2017-03-07 10:14:52',	'noindex',	NULL,	'page'),
(13,	NULL,	'MYページ/退会手続き(完了ページ)',	'mypage_withdraw_complete',	'Mypage/withdraw_complete',	2,	NULL,	NULL,	NULL,	'2017-03-07 10:14:52',	'2017-03-07 10:14:52',	'noindex',	NULL,	'page'),
(14,	NULL,	'当サイトについて',	'help_about',	'Help/about',	2,	NULL,	NULL,	NULL,	'2017-03-07 10:14:52',	'2017-03-07 10:14:52',	NULL,	NULL,	'page'),
(15,	NULL,	'現在のカゴの中',	'cart',	'Cart/index',	2,	NULL,	NULL,	NULL,	'2017-03-07 10:14:52',	'2017-03-07 10:14:52',	'noindex',	NULL,	'page'),
(16,	NULL,	'お問い合わせ(入力ページ)',	'contact',	'Contact/index',	2,	NULL,	NULL,	NULL,	'2017-03-07 10:14:52',	'2017-03-07 10:14:52',	NULL,	NULL,	'page'),
(17,	NULL,	'お問い合わせ(完了ページ)',	'contact_complete',	'Contact/complete',	2,	NULL,	NULL,	NULL,	'2017-03-07 10:14:52',	'2017-03-07 10:14:52',	NULL,	NULL,	'page'),
(18,	NULL,	'会員登録(入力ページ)',	'entry',	'Entry/index',	2,	NULL,	NULL,	NULL,	'2017-03-07 10:14:52',	'2017-03-07 10:14:52',	NULL,	NULL,	'page'),
(19,	NULL,	'ご利用規約',	'help_agreement',	'Help/agreement',	2,	NULL,	NULL,	NULL,	'2017-03-07 10:14:52',	'2017-03-07 10:14:52',	NULL,	NULL,	'page'),
(20,	NULL,	'会員登録(完了ページ)',	'entry_complete',	'Entry/complete',	2,	NULL,	NULL,	NULL,	'2017-03-07 10:14:52',	'2017-03-07 10:14:52',	NULL,	NULL,	'page'),
(21,	NULL,	'特定商取引に関する法律に基づく表記',	'help_tradelaw',	'Help/tradelaw',	2,	NULL,	NULL,	NULL,	'2017-03-07 10:14:52',	'2017-03-07 10:14:52',	NULL,	NULL,	'page'),
(22,	NULL,	'本会員登録(完了ページ)',	'entry_activate',	'Entry/activate',	2,	NULL,	NULL,	NULL,	'2017-03-07 10:14:52',	'2017-03-07 10:14:52',	NULL,	NULL,	'page'),
(23,	NULL,	'商品購入',	'shopping',	'Shopping/index',	2,	NULL,	NULL,	NULL,	'2017-03-07 10:14:52',	'2017-03-07 10:14:52',	'noindex',	NULL,	'page'),
(24,	NULL,	'商品購入/お届け先の指定',	'shopping_shipping',	'Shopping/shipping',	2,	NULL,	NULL,	NULL,	'2017-03-07 10:14:52',	'2017-03-07 10:14:52',	'noindex',	NULL,	'page'),
(25,	NULL,	'商品購入/お届け先の複数指定',	'shopping_shipping_multiple',	'Shopping/shipping_multiple',	2,	NULL,	NULL,	NULL,	'2017-03-07 10:14:52',	'2017-03-07 10:14:52',	'noindex',	NULL,	'page'),
(28,	NULL,	'商品購入/ご注文完了',	'shopping_complete',	'Shopping/complete',	2,	NULL,	NULL,	NULL,	'2017-03-07 10:14:52',	'2017-03-07 10:14:52',	'noindex',	NULL,	'page'),
(29,	NULL,	'プライバシーポリシー',	'help_privacy',	'Help/privacy',	2,	NULL,	NULL,	NULL,	'2017-03-07 10:14:52',	'2017-03-07 10:14:52',	NULL,	NULL,	'page'),
(30,	NULL,	'商品購入ログイン',	'shopping_login',	'Shopping/login',	2,	NULL,	NULL,	NULL,	'2017-03-07 10:14:52',	'2017-03-07 10:14:52',	NULL,	NULL,	'page'),
(31,	NULL,	'非会員購入情報入力',	'shopping_nonmember',	'Shopping/nonmember',	2,	NULL,	NULL,	NULL,	'2017-03-07 10:14:52',	'2017-03-07 10:14:52',	NULL,	NULL,	'page'),
(32,	NULL,	'商品購入/お届け先の追加',	'shopping_shipping_edit',	'Shopping/shipping_edit',	2,	NULL,	NULL,	NULL,	'2017-03-07 01:15:02',	'2017-03-07 01:15:02',	'noindex',	NULL,	'page'),
(33,	NULL,	'商品購入/お届け先の複数指定(お届け先の追加)',	'shopping_shipping_multiple_edit',	'Shopping/shipping_multiple_edit',	2,	NULL,	NULL,	NULL,	'2017-03-07 01:15:02',	'2017-03-07 01:15:02',	'noindex',	NULL,	'page'),
(34,	NULL,	'商品購入/購入エラー',	'shopping_error',	'Shopping/shopping_error',	2,	NULL,	NULL,	NULL,	'2017-03-07 01:15:02',	'2017-03-07 01:15:02',	'noindex',	NULL,	'page'),
(35,	NULL,	'ご利用ガイド',	'help_guide',	'Help/guide',	2,	NULL,	NULL,	NULL,	'2017-03-07 01:15:02',	'2017-03-07 01:15:02',	NULL,	NULL,	'page'),
(36,	NULL,	'パスワード再発行(入力ページ)',	'forgot',	'Forgot/index',	2,	NULL,	NULL,	NULL,	'2017-03-07 01:15:02',	'2017-03-07 01:15:02',	NULL,	NULL,	'page'),
(37,	NULL,	'パスワード再発行(完了ページ)',	'forgot_complete',	'Forgot/complete',	2,	NULL,	NULL,	NULL,	'2017-03-07 01:15:02',	'2017-03-07 01:15:02',	'noindex',	NULL,	'page'),
(38,	NULL,	'パスワード再発行(再設定ページ)',	'forgot_reset',	'Forgot/reset',	2,	NULL,	NULL,	NULL,	'2017-03-07 01:15:02',	'2017-03-07 01:15:05',	'noindex',	NULL,	'page'),
(42,	NULL,	'商品購入/遷移',	'shopping_redirect_to',	'Shopping/index',	2,	NULL,	NULL,	NULL,	'2017-03-07 01:15:03',	'2017-03-07 01:15:03',	'noindex',	NULL,	'page'),
(44,	8,	'MYページ/お届け先編集',	'mypage_delivery_edit',	'Mypage/delivery_edit',	2,	NULL,	NULL,	NULL,	'2017-03-07 01:15:05',	'2017-03-07 01:15:05',	'noindex',	NULL,	'page'),
(45,	NULL,	'商品購入/ご注文確認',	'shopping_confirm',	'Shopping/confirm',	2,	NULL,	NULL,	NULL,	'2017-03-07 01:15:03',	'2017-03-07 01:15:03',	'noindex',	NULL,	'page'),
(46,	NULL,	'会社概要',	'malldevel_front_company',	'Help/company',	2,	NULL,	NULL,	NULL,	'2021-01-27 07:58:42',	'2021-01-27 07:58:42',	NULL,	NULL,	'page'),
(47,	NULL,	'小売店・製造販売業者の皆様へ',	'malldevel_front_dealer',	'Help/dealer',	2,	NULL,	NULL,	NULL,	'2021-01-27 08:16:16',	'2021-01-27 08:16:16',	NULL,	NULL,	'page'),
(48,	NULL,	'ジオールモール利用規約',	'malldevel_front_terms',	'Help/terms',	2,	NULL,	NULL,	NULL,	'2021-01-27 08:17:43',	'2021-01-27 08:17:43',	NULL,	NULL,	'page'),
(49,	NULL,	'ＴＳＰＣ　ID規約',	'malldevel_front_id_term',	'Help/id-term',	2,	NULL,	NULL,	NULL,	'2021-01-27 08:18:40',	'2021-01-27 08:18:40',	NULL,	NULL,	'page'),
(50,	NULL,	'プライバシーポリシー',	'malldevel_front_privacy',	'Help/privacy',	2,	NULL,	NULL,	NULL,	'2021-01-27 08:19:28',	'2021-01-27 08:19:28',	NULL,	NULL,	'page'),
(51,	NULL,	'特定商取引法に基づく表示について',	'malldevel_front_tokusho',	'Help/tokusho',	2,	NULL,	NULL,	NULL,	'2021-01-27 08:27:29',	'2021-01-27 08:27:29',	NULL,	NULL,	'page'),
(52,	NULL,	'THE ALLについて',	'shopdetail',	'shopdetail',	0,	NULL,	NULL,	NULL,	'2021-01-27 08:33:17',	'2021-01-27 08:33:17',	NULL,	NULL,	'page'),
(53,	NULL,	'注文の流れ',	'flow',	'flow',	0,	NULL,	NULL,	NULL,	'2021-01-28 05:50:15',	'2021-01-28 05:50:15',	NULL,	NULL,	'page'),
(54,	NULL,	'会員登録について',	'register',	'register',	0,	NULL,	NULL,	NULL,	'2021-01-28 05:55:09',	'2021-01-28 05:55:09',	NULL,	NULL,	'page'),
(55,	NULL,	'支払方法について',	'payment',	'payment',	0,	NULL,	NULL,	NULL,	'2021-01-28 05:55:49',	'2021-01-28 05:55:49',	NULL,	NULL,	'page'),
(56,	NULL,	'送料・配送について',	'shipping',	'shipping',	0,	NULL,	NULL,	NULL,	'2021-01-28 05:56:37',	'2021-01-28 05:56:37',	NULL,	NULL,	'page'),
(57,	NULL,	'注文のキャンセル、返品、交換',	'return',	'return',	0,	NULL,	NULL,	NULL,	'2021-01-28 05:57:28',	'2021-01-28 05:57:28',	NULL,	NULL,	'page'),
(59,	NULL,	'ショップ一覧',	'malldevel_front_shop_list',	'Shop/list',	2,	NULL,	NULL,	NULL,	'2021-01-28 06:25:23',	'2021-01-28 06:25:23',	NULL,	NULL,	'page'),
(60,	NULL,	'ショップ詳細',	'malldevel_front_shop_detail',	'Shop/detail',	2,	NULL,	NULL,	NULL,	'2021-01-28 06:26:31',	'2021-01-28 06:26:31',	NULL,	NULL,	'page'),
(61,	NULL,	'ショップブログ詳細',	'malldevel_front_shop_blog',	'ShopBlog/view',	2,	NULL,	NULL,	NULL,	'2021-01-28 07:09:13',	'2021-01-28 07:10:04',	NULL,	NULL,	'page'),
(62,	NULL,	'お知らせ',	'malldevel_front_blog_notice',	'Blog/list',	2,	NULL,	NULL,	NULL,	'2021-01-28 07:10:49',	'2021-02-17 18:35:36',	NULL,	NULL,	'page'),
(63,	NULL,	'ブログ詳細',	'malldevel_front_blog_view',	'Blog/view',	2,	NULL,	NULL,	NULL,	'2021-01-28 07:13:23',	'2021-01-28 07:13:23',	NULL,	NULL,	'page'),
(122,	NULL,	'プレビューデータ',	'preview',	NULL,	1,	NULL,	NULL,	NULL,	'2017-03-07 10:14:52',	'2017-03-07 10:14:52',	NULL,	NULL,	'page'),
(123,	NULL,	'shopowner',	'malldevel_shop_register',	'Shop/register',	2,	NULL,	NULL,	NULL,	'2021-02-17 08:32:15',	'2021-02-17 08:32:15',	NULL,	NULL,	'page'),
(126,	NULL,	'情報発信サイト',	'malldevel_front_blog_info_site',	'Blog/list',	2,	NULL,	NULL,	NULL,	'2021-02-18 02:47:59',	'2021-02-18 02:47:59',	NULL,	NULL,	'page'),
(127,	NULL,	'お知らせカテゴリー',	'malldevel_front_blog_category_notice',	'Blog/list',	2,	NULL,	NULL,	NULL,	'2021-02-18 02:49:07',	'2021-02-18 02:49:07',	NULL,	NULL,	'page'),
(128,	NULL,	'情報発信サイトカテゴリー',	'malldevel_front_blog_category_info_site',	'Blog/list',	2,	NULL,	NULL,	NULL,	'2021-02-18 02:49:48',	'2021-02-18 02:49:48',	NULL,	NULL,	'page'),
(129,	NULL,	'お知らせタグ',	'malldevel_front_blog_tag_notice',	'Blog/list',	2,	NULL,	NULL,	NULL,	'2021-02-18 02:50:45',	'2021-02-18 02:50:45',	NULL,	NULL,	'page'),
(130,	NULL,	'情報発信サイトタグ',	'malldevel_front_blog_tag_info_site',	'Blog/list',	2,	NULL,	NULL,	NULL,	'2021-02-18 02:51:55',	'2021-02-18 02:51:55',	NULL,	NULL,	'page'),
(131,	NULL,	'カテゴリー一覧',	'malldevel_front_category',	'Category/list',	2,	NULL,	NULL,	NULL,	'2021-02-19 05:47:26',	'2021-02-19 05:47:26',	NULL,	NULL,	'page'),
(133,	NULL,	'レビューを表示',	'product_review_display',	'ProductReview4/Resource/template/default/review',	2,	NULL,	NULL,	NULL,	'2021-02-19 06:45:47',	'2021-02-19 06:45:47',	NULL,	NULL,	'page'),
(134,	NULL,	'レビューを投稿',	'product_review_index',	'ProductReview4/Resource/template/default/index',	2,	NULL,	NULL,	NULL,	'2021-02-19 06:45:47',	'2021-02-19 06:45:47',	NULL,	NULL,	'page'),
(135,	NULL,	'レビューを投稿(確認)',	'product_review_confirm',	'ProductReview4/Resource/template/default/confirm',	2,	NULL,	NULL,	NULL,	'2021-02-19 06:45:47',	'2021-02-19 06:45:47',	NULL,	NULL,	'page'),
(136,	NULL,	'レビューを投稿(完了)',	'product_review_complete',	'ProductReview4/Resource/template/default/complete',	2,	NULL,	NULL,	NULL,	'2021-02-19 06:45:47',	'2021-02-19 06:45:47',	NULL,	NULL,	'page'),
(137,	NULL,	'Shop Tokusho',	'malldevel_shop_transaction_law',	'Shop/tokusho',	2,	NULL,	NULL,	NULL,	'2021-02-19 10:17:42',	'2021-02-19 10:17:42',	NULL,	NULL,	'page'),
(138,	NULL,	'シリーズ一覧',	'malldevel_front_series_list',	'Series/list',	2,	NULL,	NULL,	NULL,	'2021-02-19 15:45:23',	'2021-02-19 16:02:15',	NULL,	NULL,	'page'),
(139,	NULL,	'シリーズ詳細',	'malldevel_front_series_detail',	'Series/detail',	2,	NULL,	NULL,	NULL,	'2021-02-19 18:21:39',	'2021-02-19 18:21:39',	NULL,	NULL,	'page'),
(140,	NULL,	'shop register return',	'malldevel_shop_register_return',	'Shop/register_return',	2,	NULL,	NULL,	NULL,	'2021-02-19 21:38:21',	'2021-02-19 21:38:21',	NULL,	NULL,	'page'),
(141,	NULL,	'Credit Card Payment',	'shopping_credit_card',	'Shopping/credit_card',	2,	NULL,	NULL,	NULL,	'2021-03-02 18:31:57',	'2021-03-02 18:31:57',	NULL,	NULL,	'page'),
(143,	NULL,	'特集ページ',	'malldevel_front_feature_detail',	'Feature/detail',	2,	NULL,	NULL,	NULL,	'2021-03-05 06:53:52',	'2021-03-05 06:53:52',	NULL,	NULL,	'page'),
(154,	NULL,	'申し込みキャンセル',	'malldevel_shop_apply_cancel',	'Shop/register_cancel',	2,	NULL,	NULL,	NULL,	'0000-00-00 00:00:00',	'0000-00-00 00:00:00',	NULL,	NULL,	'page'),
(155,	NULL,	'商品購入/クーポン利用',	'plugin_coupon_shopping',	'Coupon4/Resource/template/default/shopping_coupon',	2,	NULL,	NULL,	NULL,	'2021-06-24 06:09:57',	'2021-06-24 06:09:57',	'noindex',	NULL,	'page');

DROP TABLE IF EXISTS `dtb_page_layout`;
CREATE TABLE `dtb_page_layout` (
  `page_id` int(10) unsigned NOT NULL,
  `layout_id` int(10) unsigned NOT NULL,
  `sort_no` smallint(5) unsigned NOT NULL,
  `discriminator_type` varchar(255) NOT NULL,
  PRIMARY KEY (`page_id`,`layout_id`),
  KEY `IDX_F2799941C4663E4` (`page_id`),
  KEY `IDX_F27999418C22AA1A` (`layout_id`),
  CONSTRAINT `FK_F27999418C22AA1A` FOREIGN KEY (`layout_id`) REFERENCES `dtb_layout` (`id`),
  CONSTRAINT `FK_F2799941C4663E4` FOREIGN KEY (`page_id`) REFERENCES `dtb_page` (`id`)
) ENGINE=InnoDB DEFAULT CHARSET=utf8;

INSERT INTO `dtb_page_layout` (`page_id`, `layout_id`, `sort_no`, `discriminator_type`) VALUES
(1,	1,	41,	'pagelayout'),
(2,	5,	41,	'pagelayout'),
(3,	2,	41,	'pagelayout'),
(4,	2,	6,	'pagelayout'),
(5,	2,	7,	'pagelayout'),
(6,	2,	8,	'pagelayout'),
(7,	2,	36,	'pagelayout'),
(8,	2,	37,	'pagelayout'),
(9,	2,	9,	'pagelayout'),
(10,	2,	10,	'pagelayout'),
(11,	2,	11,	'pagelayout'),
(12,	2,	12,	'pagelayout'),
(13,	2,	14,	'pagelayout'),
(14,	2,	13,	'pagelayout'),
(15,	2,	41,	'pagelayout'),
(16,	2,	41,	'pagelayout'),
(17,	2,	17,	'pagelayout'),
(18,	2,	18,	'pagelayout'),
(19,	2,	33,	'pagelayout'),
(20,	2,	19,	'pagelayout'),
(21,	2,	20,	'pagelayout'),
(22,	2,	21,	'pagelayout'),
(23,	2,	41,	'pagelayout'),
(24,	2,	41,	'pagelayout'),
(25,	2,	34,	'pagelayout'),
(28,	2,	23,	'pagelayout'),
(29,	2,	41,	'pagelayout'),
(30,	2,	25,	'pagelayout'),
(31,	2,	26,	'pagelayout'),
(32,	2,	27,	'pagelayout'),
(33,	2,	41,	'pagelayout'),
(34,	2,	41,	'pagelayout'),
(35,	2,	41,	'pagelayout'),
(36,	2,	31,	'pagelayout'),
(37,	2,	32,	'pagelayout'),
(38,	2,	39,	'pagelayout'),
(42,	2,	41,	'pagelayout'),
(44,	2,	40,	'pagelayout'),
(45,	2,	41,	'pagelayout'),
(46,	2,	41,	'pagelayout'),
(47,	2,	41,	'pagelayout'),
(48,	2,	41,	'pagelayout'),
(49,	2,	41,	'pagelayout'),
(50,	2,	41,	'pagelayout'),
(51,	2,	41,	'pagelayout'),
(52,	3,	41,	'pagelayout'),
(53,	6,	41,	'pagelayout'),
(54,	6,	41,	'pagelayout'),
(55,	6,	41,	'pagelayout'),
(56,	6,	41,	'pagelayout'),
(57,	6,	41,	'pagelayout'),
(59,	2,	41,	'pagelayout'),
(60,	2,	41,	'pagelayout'),
(61,	2,	41,	'pagelayout'),
(62,	7,	41,	'pagelayout'),
(63,	2,	41,	'pagelayout'),
(123,	2,	41,	'pagelayout'),
(126,	7,	41,	'pagelayout'),
(127,	7,	41,	'pagelayout'),
(128,	7,	41,	'pagelayout'),
(129,	7,	41,	'pagelayout'),
(130,	7,	41,	'pagelayout'),
(131,	2,	41,	'pagelayout'),
(133,	2,	0,	'pagelayout'),
(134,	2,	0,	'pagelayout'),
(135,	2,	0,	'pagelayout'),
(136,	2,	0,	'pagelayout'),
(137,	2,	41,	'pagelayout'),
(138,	3,	41,	'pagelayout'),
(139,	3,	41,	'pagelayout'),
(140,	2,	41,	'pagelayout'),
(141,	2,	41,	'pagelayout'),
(143,	5,	41,	'pagelayout'),
(154,	2,	41,	'pagelayout'),
(155,	2,	0,	'pagelayout');

DROP TABLE IF EXISTS `dtb_payment`;
CREATE TABLE `dtb_payment` (
  `id` int(10) unsigned NOT NULL AUTO_INCREMENT,
  `creator_id` int(10) unsigned DEFAULT NULL,
  `payment_method` varchar(255) DEFAULT NULL,
  `charge` decimal(12,2) unsigned DEFAULT 0.00,
  `rule_max` decimal(12,2) unsigned DEFAULT NULL,
  `sort_no` smallint(5) unsigned DEFAULT NULL,
  `fixed` tinyint(1) NOT NULL DEFAULT 1,
  `payment_image` varchar(255) DEFAULT NULL,
  `rule_min` decimal(12,2) unsigned DEFAULT NULL,
  `method_class` varchar(255) DEFAULT NULL,
  `visible` tinyint(1) NOT NULL DEFAULT 1,
  `create_date` datetime NOT NULL COMMENT '(DC2Type:datetimetz)',
  `update_date` datetime NOT NULL COMMENT '(DC2Type:datetimetz)',
  `discriminator_type` varchar(255) NOT NULL,
  PRIMARY KEY (`id`),
  KEY `IDX_7AFF628F61220EA6` (`creator_id`),
  CONSTRAINT `FK_7AFF628F61220EA6` FOREIGN KEY (`creator_id`) REFERENCES `dtb_member` (`id`)
) ENGINE=InnoDB DEFAULT CHARSET=utf8;

INSERT INTO `dtb_payment` (`id`, `creator_id`, `payment_method`, `charge`, `rule_max`, `sort_no`, `fixed`, `payment_image`, `rule_min`, `method_class`, `visible`, `create_date`, `update_date`, `discriminator_type`) VALUES
(3,	NULL,	'銀行振込',	0.00,	NULL,	2,	1,	NULL,	0.00,	'Eccube\\Service\\Payment\\Method\\Cash',	1,	'2017-03-07 10:14:52',	'2017-03-07 10:14:52',	'payment'),
(4,	1,	'代金引換',	0.00,	NULL,	1,	1,	NULL,	0.00,	'Eccube\\Service\\Payment\\Method\\Cash',	0,	'2017-03-07 10:14:52',	'2021-05-05 07:57:55',	'payment'),
(5,	NULL,	'クレジットカード',	0.00,	NULL,	5,	1,	NULL,	NULL,	'Customize\\Services\\Payment\\Method\\StripeCredit',	1,	'2021-03-03 15:59:53',	'2021-03-03 15:59:53',	'payment');

DROP TABLE IF EXISTS `dtb_payment_option`;
CREATE TABLE `dtb_payment_option` (
  `delivery_id` int(10) unsigned NOT NULL,
  `payment_id` int(10) unsigned NOT NULL,
  `discriminator_type` varchar(255) NOT NULL,
  PRIMARY KEY (`delivery_id`,`payment_id`),
  KEY `IDX_5631540D12136921` (`delivery_id`),
  KEY `IDX_5631540D4C3A3BB` (`payment_id`),
  CONSTRAINT `FK_5631540D12136921` FOREIGN KEY (`delivery_id`) REFERENCES `dtb_delivery` (`id`),
  CONSTRAINT `FK_5631540D4C3A3BB` FOREIGN KEY (`payment_id`) REFERENCES `dtb_payment` (`id`)
) ENGINE=InnoDB DEFAULT CHARSET=utf8;

INSERT INTO `dtb_payment_option` (`delivery_id`, `payment_id`, `discriminator_type`) VALUES
(1,	3,	'paymentoption'),
(1,	4,	'paymentoption'),
(1,	5,	'paymentoption'),
(2,	3,	'paymentoption'),
(2,	4,	'paymentoption'),
(2,	5,	'paymentoption'),
(3,	3,	'paymentoption'),
(3,	4,	'paymentoption'),
(3,	5,	'paymentoption'),
(4,	3,	'paymentoption'),
(4,	4,	'paymentoption'),
(4,	5,	'paymentoption'),
(5,	3,	'paymentoption'),
(5,	4,	'paymentoption'),
(5,	5,	'paymentoption'),
(6,	3,	'paymentoption'),
(6,	5,	'paymentoption'),
(7,	3,	'paymentoption'),
(7,	5,	'paymentoption'),
(8,	3,	'paymentoption'),
(8,	5,	'paymentoption'),
(9,	3,	'paymentoption'),
(9,	5,	'paymentoption'),
(10,	3,	'paymentoption'),
(10,	5,	'paymentoption'),
(11,	3,	'paymentoption'),
(11,	5,	'paymentoption'),
(12,	3,	'paymentoption'),
(12,	5,	'paymentoption'),
(13,	3,	'paymentoption'),
(13,	5,	'paymentoption'),
(14,	3,	'paymentoption'),
(14,	5,	'paymentoption'),
(15,	3,	'paymentoption'),
(15,	5,	'paymentoption'),
(16,	3,	'paymentoption'),
(16,	5,	'paymentoption'),
(17,	3,	'paymentoption'),
(17,	5,	'paymentoption'),
(18,	3,	'paymentoption'),
(18,	5,	'paymentoption'),
(19,	3,	'paymentoption'),
(19,	5,	'paymentoption'),
(20,	3,	'paymentoption'),
(20,	5,	'paymentoption'),
(21,	3,	'paymentoption'),
(21,	5,	'paymentoption'),
(22,	3,	'paymentoption'),
(22,	5,	'paymentoption'),
(23,	3,	'paymentoption'),
(23,	5,	'paymentoption'),
(24,	3,	'paymentoption'),
(24,	5,	'paymentoption'),
(25,	3,	'paymentoption'),
(25,	5,	'paymentoption'),
(26,	3,	'paymentoption'),
(26,	5,	'paymentoption'),
(27,	3,	'paymentoption'),
(27,	5,	'paymentoption'),
(28,	3,	'paymentoption'),
(28,	5,	'paymentoption'),
(29,	3,	'paymentoption'),
(29,	5,	'paymentoption'),
(30,	3,	'paymentoption'),
(30,	5,	'paymentoption'),
(31,	3,	'paymentoption'),
(31,	5,	'paymentoption'),
(32,	3,	'paymentoption'),
(32,	5,	'paymentoption'),
(33,	3,	'paymentoption'),
(33,	5,	'paymentoption'),
(34,	3,	'paymentoption'),
(34,	5,	'paymentoption'),
(35,	3,	'paymentoption'),
(35,	5,	'paymentoption'),
(36,	3,	'paymentoption'),
(36,	5,	'paymentoption'),
(37,	3,	'paymentoption'),
(37,	5,	'paymentoption'),
(38,	3,	'paymentoption'),
(38,	5,	'paymentoption'),
(39,	5,	'paymentoption'),
(40,	3,	'paymentoption'),
(40,	4,	'paymentoption'),
(40,	5,	'paymentoption'),
(41,	3,	'paymentoption'),
(41,	5,	'paymentoption'),
(42,	3,	'paymentoption'),
(42,	5,	'paymentoption'),
(43,	3,	'paymentoption'),
(43,	5,	'paymentoption'),
(44,	3,	'paymentoption'),
(44,	5,	'paymentoption'),
(45,	3,	'paymentoption'),
(45,	5,	'paymentoption'),
(46,	3,	'paymentoption'),
(46,	5,	'paymentoption'),
(47,	3,	'paymentoption'),
(47,	5,	'paymentoption'),
(48,	3,	'paymentoption'),
(48,	5,	'paymentoption'),
(49,	3,	'paymentoption'),
(49,	5,	'paymentoption'),
(50,	3,	'paymentoption'),
(50,	5,	'paymentoption');

DROP TABLE IF EXISTS `dtb_plugin`;
CREATE TABLE `dtb_plugin` (
  `id` int(10) unsigned NOT NULL AUTO_INCREMENT,
  `name` varchar(255) NOT NULL,
  `code` varchar(255) NOT NULL,
  `enabled` tinyint(1) NOT NULL DEFAULT 0,
  `version` varchar(255) NOT NULL,
  `source` varchar(255) NOT NULL,
  `initialized` tinyint(1) NOT NULL DEFAULT 0,
  `create_date` datetime NOT NULL COMMENT '(DC2Type:datetimetz)',
  `update_date` datetime NOT NULL COMMENT '(DC2Type:datetimetz)',
  `discriminator_type` varchar(255) NOT NULL,
  PRIMARY KEY (`id`)
) ENGINE=InnoDB DEFAULT CHARSET=utf8;

INSERT INTO `dtb_plugin` (`id`, `name`, `code`, `enabled`, `version`, `source`, `initialized`, `create_date`, `update_date`, `discriminator_type`) VALUES
(2,	'商品レビュー管理プラグイン',	'ProductReview4',	1,	'4.0.2',	'0',	1,	'2021-03-03 16:07:40',	'2021-03-03 16:07:52',	'plugin'),
(4,	'THE-ALLの不正顧客管理プラグイン',	'CustomerBan',	1,	'0.1.0',	'0',	1,	'2021-03-09 07:45:43',	'2021-03-09 07:46:12',	'plugin'),
(7,	'Coupon Plugin for EC-CUBE4',	'Coupon4',	1,	'4.0.7',	'0',	1,	'2021-06-24 06:09:26',	'2021-06-24 06:09:57',	'plugin'),
(8,	'売上集計プラグイン',	'SalesReport4',	1,	'4.0.1',	'1759',	1,	'2021-06-24 08:37:15',	'2021-07-29 10:42:50',	'plugin'),
(11,	'会員ランクプラグイン',	'CustomerRank',	1,	'1.1.3',	'1710',	1,	'2021-06-24 09:33:54',	'2021-06-24 12:14:14',	'plugin');

DROP TABLE IF EXISTS `dtb_product`;
CREATE TABLE `dtb_product` (
  `id` int(10) unsigned NOT NULL AUTO_INCREMENT,
  `creator_id` int(10) unsigned DEFAULT NULL,
  `product_status_id` smallint(5) unsigned DEFAULT NULL,
  `shop_id` int(10) unsigned DEFAULT NULL,
  `name` varchar(255) NOT NULL,
  `note` varchar(4000) DEFAULT NULL,
  `description_list` varchar(4000) DEFAULT NULL,
  `description_detail` varchar(4000) DEFAULT NULL,
  `search_word` varchar(4000) DEFAULT NULL,
  `free_area` longtext DEFAULT NULL,
  `create_date` datetime NOT NULL COMMENT '(DC2Type:datetimetz)',
  `update_date` datetime NOT NULL COMMENT '(DC2Type:datetimetz)',
  `discriminator_type` varchar(255) NOT NULL,
  PRIMARY KEY (`id`),
  KEY `IDX_C49DE22F61220EA6` (`creator_id`),
  KEY `IDX_C49DE22F557B630` (`product_status_id`),
  KEY `IDX_C49DE22F4D16C4DD` (`shop_id`),
  CONSTRAINT `FK_C49DE22F4D16C4DD` FOREIGN KEY (`shop_id`) REFERENCES `cmd_shop` (`id`),
  CONSTRAINT `FK_C49DE22F557B630` FOREIGN KEY (`product_status_id`) REFERENCES `mtb_product_status` (`id`),
  CONSTRAINT `FK_C49DE22F61220EA6` FOREIGN KEY (`creator_id`) REFERENCES `dtb_member` (`id`)
) ENGINE=InnoDB DEFAULT CHARSET=utf8;

INSERT INTO `dtb_product` (`id`, `creator_id`, `product_status_id`, `shop_id`, `name`, `note`, `description_list`, `description_detail`, `search_word`, `free_area`, `create_date`, `update_date`, `discriminator_type`) VALUES
(1,	1,	1,	19,	'彩のジェラートCUBE',	NULL,	NULL,	'冬でも食べたい立方体のジェラート。定番のチョコフレーバーは、チョコレート特有の甘い香りが特徴です。適度な甘みと日本人の口に合いやすいサイズ感で長く愛用いただけます。\r\n最高級バニラフレーバーは、贈り物としても人気です。',	NULL,	NULL,	'2018-09-28 10:14:52',	'2021-03-03 13:04:39',	'product'),
(2,	1,	1,	19,	'チェリーアイスサンド',	NULL,	'チェリーアイスサンド',	'チェリーアイスサンドは北海道産のチェリーのアイスをサクサクのクッキーでサンドしたスイーツです。\r\n立方体なので大量に持ち運ぶときも便利です。\r\nいまだけ、頑丈な箱つきです。',	NULL,	'<p>・フリーエリアフリーエリアフリーエリアフリーエリアフリーエリアフリーエリアフリーエリアフリーエリア ・フリーエリアフリーエリアフリーエリアフリーエリアフリーエリアフリーエリア ・フリーエリアフリーエリアフリーエリアフリーエリアフリーエリア ・フリーエリアフリーエリアフリーエリアフリーエリアフリーエリアフリーエリアフリーエリアフリーエリア</p>',	'2018-09-28 10:14:52',	'2021-06-23 05:15:47',	'product'),
(3,	3,	1,	19,	'test 11',	'メモ',	NULL,	NULL,	'test',	NULL,	'2021-02-13 14:54:13',	'2022-03-30 07:56:49',	'product'),
(4,	6,	1,	22,	'パン',	NULL,	NULL,	'惣菜パン',	'惣菜　パン',	'フリーエリアは何行まで行ける\r\n１２\r\n２\r\n３\r\n４\r\n５\r\n６\r\n７\r\n８\r\n９\r\nＡ\r\nＢ',	'2021-02-16 08:05:13',	'2021-02-19 00:07:57',	'product'),
(5,	7,	1,	24,	'指輪',	NULL,	'二人の絆 (一覧情報）',	'1873年から世代を超え、\r\n\r\n\r\n脈々と受け継がれてきた職人技。さらに取り扱う40種類以上の様々な貴金属合金は、すべて自社工場で開発・製造したもの。金細工職人は140年以上前と変わらぬ手法で素材に弾力と硬さを与え、フォルムを完璧なものにしていきます。継ぎ目のないマリッジリングはすべて1枚の貴金属から作られており、接合部分はありません。はじまりも終わりもないマリッジリングは、まさに完璧な永遠のシンボル。ふたりの愛の証であり続けます。',	'エンゲージリング',	'<p>他にはない「ニーシング」だけのカラーバリエーションです。 ゴールドは暖かく輝く砂浜のような白や、朝焼けのような赤。落ち着いたローズウッドの息吹、繊細なアイボリー、またフレッシュなグリーン。 さらに濃厚なイエローのピュアゴールド、そして白く輝くプラチナ。 これらの貴金属の調合は、140年以上続く「ニーシング」だけの財産です。魅惑的な13種類の選択肢からふたりの個性、互いへの想いを表現する一色が見つかるはず。</p>',	'2021-02-19 00:20:48',	'2021-03-09 05:21:48',	'product'),
(6,	7,	1,	24,	'プラチナ　ダイヤモンドリング',	NULL,	NULL,	'日常に溶け込む1粒ダイヤモンドリング\r\nNudy Diamond Ring\r\n上質なダイヤモンドとK18ゴールドの素材感を最大限に生かす、シンプルで潔いデザイン。テリの良いダイヤモンドを感じていただけるよう、なるべく小さな爪で留めることで、アームの上にダイヤモンドだけがのっているかのようなヌーディーな輝きを纏います。\r\n\r\n指に沿うよう内側を甲丸にして、指どおりなめらかな仕上がりに。重ね付け用にはもちろん、ミディリング用そしてピンキースタイル用としても◎。シンプルで飽きの来ないデザインだからこそ、シーンやスタイリングを問わず永く愛せる特別な１本に。きちんと見せたい日、オシャレを楽しみたい日、リラックスムードの日、着回し力の高いデザインですので、どんなコーディネートにも縦横無尽。\r\n\r\n使いやすさと指なじみの良さ、ダイヤモンドが付いていてもナチュラルに着けられる日常に寄り添うリングです。大切な方への贈り物としても、喜ばれること間違いなしのアイテムです！\r\n\r\nエンゲージリング用に最適。\r\nサイズは７号から',	'ダイヤ',	'<p>&nbsp;</p>\r\n\r\n<table align=\"center\" border=\"1\">\r\n	<tbody>\r\n		<tr>\r\n			<th scope=\"row\"><span style=\"color:#ff66cc\">材質</span></th>\r\n			<td>■ゴールド ■ピンクゴールド<br />\r\n			＊k10/k18が、お選びいただけます。<br />\r\n			＊画像で使われているのは全てk18製品です。K10製品とは色合いが異なりますので予めご了承ください。<br />\r\n			＊ホワイトゴールド、プラチナはお見積り対応となりますので、ご希望の方は商品名(リングの場合はサイズも)を明記の上、お問合せください。</td>\r\n		</tr>\r\n		<tr>\r\n			<th scope=\"row\">宝石</th>\r\n			<td>\r\n			<p>ダイヤモンド1石 0.07ct</p>\r\n			</td>\r\n		</tr>\r\n		<tr>\r\n			<th scope=\"row\">\r\n			<p>&nbsp;</p>\r\n\r\n			<p>大きさ&nbsp; &nbsp; &nbsp;</p>\r\n			</th>\r\n			<td>石枠約2.5mm、厚み約2mm<br />\r\n			アーム最大縦幅約1.3mm、厚み最大約1.3mm</td>\r\n		</tr>\r\n		<tr>\r\n			<th scope=\"row\">サイズ</th>\r\n			<td>\r\n			<p>&nbsp;</p>\r\n\r\n			<p>6～12号<br />\r\n			＊上記以外のサイズは別途有料にて製作可能です。K18で2号UP毎に+2,200円（税込）、K10で2号UP毎に+1,650円（税込）です。<br />\r\n			ご注文時備考欄に希望サイズをご記入ください。追加料金加算の上で、ご注文受付メールを送付致しますので、ご確認ください。ホワイトゴールドは追加料金も異なります。</p>\r\n\r\n			<p>&nbsp;</p>\r\n			</td>\r\n		</tr>\r\n		<tr>\r\n			<th scope=\"row\">備　考</th>\r\n			<td>\r\n			<p>&nbsp;</p>\r\n\r\n			<p>■他のサイズも、お気軽にご相談ください。別途有料にて承ります。<br />\r\n			■刻印（有料）については<a href=\"https://www.rakuten.ne.jp/gold/somu/guide/index.html#guide23\" target=\"_blank\">コチラ</a><br />\r\n			■販売価格として赤色で予め表示されているのはk10製品の価格となります。K18は価格が異なります。</p>\r\n\r\n			<p>&nbsp;</p>\r\n			</td>\r\n		</tr>\r\n	</tbody>\r\n</table>',	'2021-02-28 08:05:51',	'2022-01-18 00:34:50',	'product'),
(7,	1,	2,	24,	'タンザナイト',	NULL,	NULL,	'大粒の石\r\n\r\n\r\n目玉商品',	'指輪、タンザナイト、特売',	'<p>フリ１ フリ１ フリ１ フリ４</p>',	'2021-02-28 08:34:56',	'2021-07-28 07:56:37',	'product'),
(8,	1,	1,	24,	'ネックレス',	NULL,	NULL,	'エメラルド\r\n１８金',	'ペンダント、１８金',	'<p>不利エリア 不利エリア 不利エリア ＥＮＤ</p>',	'2021-02-28 08:37:06',	'2021-03-18 04:33:58',	'product'),
(9,	7,	1,	24,	'マスク',	NULL,	NULL,	'スマホも入る大容量のベルト掛けポーチ！\r\nフックでベルトループに着用又はベルトを通して二通りの装着ができます！\r\n大切な人への贈り物にも喜ばれますよ！\r\n最薄部はなんと8mm！',	'マスク',	'<table cellspacing=\"0\" style=\"border-collapse:collapse; width:69px\">\r\n	<tbody>\r\n		<tr>\r\n			<td style=\"border-bottom:none; border-left:none; border-right:none; border-top:none; height:24px; vertical-align:bottom; white-space:nowrap; width:69px\"><span style=\"font-size:15px\"><span style=\"color:black\"><span style=\"font-family:游ゴシック,monospace\">【品　番】kzhao50a</span></span></span></td>\r\n		</tr>\r\n		<tr>\r\n			<td style=\"border-bottom:none; border-left:none; border-right:none; border-top:none; height:24px; vertical-align:bottom; white-space:nowrap\"><span style=\"font-size:15px\"><span style=\"color:black\"><span style=\"font-family:游ゴシック,monospace\">【タイプ】</span></span></span></td>\r\n		</tr>\r\n		<tr>\r\n			<td style=\"border-bottom:none; border-left:none; border-right:none; border-top:none; height:24px; vertical-align:bottom; white-space:nowrap\"><span style=\"font-size:15px\"><span style=\"color:black\"><span style=\"font-family:游ゴシック,monospace\">100枚入</span></span></span></td>\r\n		</tr>\r\n		<tr>\r\n			<td style=\"border-bottom:none; border-left:none; border-right:none; border-top:none; height:24px; vertical-align:bottom; white-space:nowrap\"><span style=\"font-size:15px\"><span style=\"color:black\"><span style=\"font-family:游ゴシック,monospace\">【材 質】</span></span></span></td>\r\n		</tr>\r\n		<tr>\r\n			<td style=\"border-bottom:none; border-left:none; border-right:none; border-top:none; height:24px; vertical-align:bottom; white-space:nowrap\"><span style=\"font-size:15px\"><span style=\"color:black\"><span style=\"font-family:游ゴシック,monospace\">本体ファルダ部：ポリプロピレン不織布</span></span></span></td>\r\n		</tr>\r\n		<tr>\r\n			<td style=\"border-bottom:none; border-left:none; border-right:none; border-top:none; height:24px; vertical-align:bottom; white-space:nowrap\"><span style=\"font-size:15px\"><span style=\"color:black\"><span style=\"font-family:游ゴシック,monospace\">耳ひも部：ポリエステル、ポリウレタン</span></span></span></td>\r\n		</tr>\r\n		<tr>\r\n			<td style=\"border-bottom:none; border-left:none; border-right:none; border-top:none; height:24px; vertical-align:bottom; white-space:nowrap\"><span style=\"font-size:15px\"><span style=\"color:black\"><span style=\"font-family:游ゴシック,monospace\">ノーズフィッタ一部：ポリエチレン</span></span></span></td>\r\n		</tr>\r\n		<tr>\r\n			<td style=\"border-bottom:none; border-left:none; border-right:none; border-top:none; height:24px; vertical-align:bottom; white-space:nowrap\"><span style=\"font-size:15px\"><span style=\"color:black\"><span style=\"font-family:游ゴシック,monospace\">【使用用途】</span></span></span></td>\r\n		</tr>\r\n		<tr>\r\n			<td style=\"border-bottom:none; border-left:none; border-right:none; border-top:none; height:24px; vertical-align:bottom; white-space:nowrap\"><span style=\"font-size:15px\"><span style=\"color:black\"><span style=\"font-family:游ゴシック,monospace\">花粉症対策/粉塵/使い捨て/飛沫防止/安全/衛生/風邪/熱/体調不良/堰/高熱/鼻水/病気/流行/男 女兼用/くしゃみ/フィルター/シート/予防/ウイルス/ウィルス/防塵/不織布/ますく/細菌</span></span></span></td>\r\n		</tr>\r\n		<tr>\r\n			<td style=\"border-bottom:none; border-left:none; border-right:none; border-top:none; height:24px; vertical-align:bottom; white-space:nowrap\"><span style=\"font-size:15px\"><span style=\"color:black\"><span style=\"font-family:游ゴシック,monospace\">※マスクは感染(侵入)を完全に防ぐものではありません</span></span></span></td>\r\n		</tr>\r\n		<tr>\r\n			<td style=\"border-bottom:none; border-left:none; border-right:none; border-top:none; height:24px; vertical-align:bottom; white-space:nowrap\"><span style=\"font-size:15px\"><span style=\"color:black\"><span style=\"font-family:游ゴシック,monospace\">【注意事項】</span></span></span></td>\r\n		</tr>\r\n		<tr>\r\n			<td style=\"border-bottom:none; border-left:none; border-right:none; border-top:none; height:24px; vertical-align:bottom; white-space:nowrap\">&nbsp;</td>\r\n		</tr>\r\n		<tr>\r\n			<td style=\"border-bottom:none; border-left:none; border-right:none; border-top:none; height:24px; vertical-align:bottom; white-space:nowrap\"><span style=\"font-size:15px\"><span style=\"color:black\"><span style=\"font-family:游ゴシック,monospace\">●本製品は直接肌に触れる衛生商品のため、返品/交換/キャンセル不可の商品です</span></span></span></td>\r\n		</tr>\r\n		<tr>\r\n			<td style=\"border-bottom:none; border-left:none; border-right:none; border-top:none; height:24px; vertical-align:bottom; white-space:nowrap\"><span style=\"font-size:15px\"><span style=\"color:black\"><span style=\"font-family:游ゴシック,monospace\">●当店で購入したマスクを転売すると処罰対象となる可能性があります。ご注意ください。</span></span></span></td>\r\n		</tr>\r\n		<tr>\r\n			<td style=\"border-bottom:none; border-left:none; border-right:none; border-top:none; height:24px; vertical-align:bottom; white-space:nowrap\"><span style=\"font-size:15px\"><span style=\"color:black\"><span style=\"font-family:游ゴシック,monospace\">●マスクは感染を完全に防ぐものではありません。</span></span></span></td>\r\n		</tr>\r\n		<tr>\r\n			<td style=\"border-bottom:none; border-left:none; border-right:none; border-top:none; height:24px; vertical-align:bottom; white-space:nowrap\"><span style=\"font-size:15px\"><span style=\"color:black\"><span style=\"font-family:游ゴシック,monospace\">●本商品は簡易マスクです。有害な粉塵やガス等人体に害を及ぼす恐れのある環境では絶対に使用しないでください。</span></span></span></td>\r\n		</tr>\r\n		<tr>\r\n			<td style=\"border-bottom:none; border-left:none; border-right:none; border-top:none; height:24px; vertical-align:bottom; white-space:nowrap\"><span style=\"font-size:15px\"><span style=\"color:black\"><span style=\"font-family:游ゴシック,monospace\">●本商品を洗って繰り返し使わないでください。</span></span></span></td>\r\n		</tr>\r\n		<tr>\r\n			<td style=\"border-bottom:none; border-left:none; border-right:none; border-top:none; height:24px; vertical-align:bottom; white-space:nowrap\"><span style=\"font-size:15px\"><span style=\"color:black\"><span style=\"font-family:游ゴシック,monospace\">【備　 考】</span></span></span></td>\r\n		</tr>\r\n		<tr>\r\n			<td style=\"border-bottom:none; border-left:none; border-right:none; border-top:none; height:24px; vertical-align:bottom; white-space:nowrap\"><span style=\"font-size:15px\"><span style=\"color:black\"><span style=\"font-family:游ゴシック,monospace\">●画像はイメージです。実際の商品とは多少異なる場合があります。</span></span></span></td>\r\n		</tr>\r\n		<tr>\r\n			<td style=\"border-bottom:none; border-left:none; border-right:none; border-top:none; height:24px; vertical-align:bottom; white-space:nowrap\"><span style=\"font-size:15px\"><span style=\"color:black\"><span style=\"font-family:游ゴシック,monospace\">●商品の外観、仕様等は予告なく変更する場合があります。予めご了承ください。</span></span></span></td>\r\n		</tr>\r\n	</tbody>\r\n</table>',	'2021-03-17 05:45:45',	'2021-07-29 03:58:01',	'product'),
(10,	7,	1,	24,	'18K　ダイヤモンドリング',	NULL,	NULL,	'日常に溶け込む1粒ダイヤモンドリングNudy Diamond Ring\n上質なダイヤモンドとK18ゴールドの素材感を最大限に生かす、シンプルで潔いデザイン。テリの良いダイヤモンドを感じていただけるよう、なるべく小さな爪で留めることで、アームの上にダイヤモンドだけがのっているかのようなヌーディーな輝きを纏います。\n\n指に沿うよう内側を甲丸にして、指どおりなめらかな仕上がりに。重ね付け用にはもちろん、ミディリング用そしてピンキースタイル用としても◎。シンプルで飽きの来ないデザインだからこそ、シーンやスタイリングを問わず永く愛せる特別な１本に。きちんと見せたい日、オシャレを楽しみたい日、リラックスムードの日、着回し力の高いデザインですので、どんなコーディネートにも縦横無尽。\n\n使いやすさと指なじみの良さ、ダイヤモンドが付いていてもナチュラルに着けられる日常に寄り添うリングです。大切な方への贈り物としても、喜ばれること間違いなしのアイテムです！\n\nエンゲージリング用に最適。\nサイズは７号から',	'ダイヤ',	'<table>\n	<tbody>\n		<tr>\n			<th scope=\"row\">材　質</th>\n			<td>■ゴールド ■ピンクゴールド<br />\n			＊k10/k18が、お選びいただけます。<br />\n			＊画像で使われているのは全てk18製品です。K10製品とは色合いが異なりますので予めご了承ください。<br />\n			＊ホワイトゴールド、プラチナはお見積り対応となりますので、ご希望の方は商品名(リングの場合はサイズも)を明記の上、お問合せください。</td>\n		</tr>\n		<tr>\n			<th scope=\"row\">宝　石</th>\n			<td>ダイヤモンド1石 0.07ct</td>\n		</tr>\n		<tr>\n			<th scope=\"row\">大きさ</th>\n			<td>石枠約2.5mm、厚み約2mm<br />\n			アーム最大縦幅約1.3mm、厚み最大約1.3mm</td>\n		</tr>\n		<tr>\n			<th scope=\"row\">サイズ</th>\n			<td>6〜12号<br />\n			＊上記以外のサイズは別途有料にて製作可能です。K18で2号UP毎に+2,200円（税込）、K10で2号UP毎に+1,650円（税込）です。<br />\n			ご注文時備考欄に希望サイズをご記入ください。追加料金加算の上で、ご注文受付メールを送付致しますので、ご確認ください。ホワイトゴールドは追加料金も異なります。</td>\n		</tr>\n		<tr>\n			<th scope=\"row\">備　考</th>\n			<td>■他のサイズも、お気軽にご相談ください。別途有料にて承ります。<br />\n			■刻印（有料）については<a href=\"https://www.rakuten.ne.jp/gold/somu/guide/index.html#guide23\" target=\"_blank\">コチラ</a><br />\n			■販売価格として赤色で予め表示されているのはk10製品の価格となります。K18は価格が異なります。</td>\n		</tr>\n	</tbody>\n</table>',	'2021-03-23 04:33:03',	'2021-03-23 04:33:03',	'product'),
(11,	7,	1,	24,	'タンザナイト テスト用',	NULL,	NULL,	'大粒の石\n\n目玉商品',	'指輪、タンザナイト、特売',	'<p>フリ１ フリ１ フリ１ フリ４</p>',	'2021-03-23 04:33:03',	'2021-03-23 04:33:03',	'product'),
(12,	7,	1,	24,	'ネックレス テスト用',	NULL,	NULL,	'エメラルド１８金',	'ペンダント、１８金',	'<p>不利エリア 不利エリア 不利エリア ＥＮＤ</p>',	'2021-03-23 04:33:03',	'2021-03-23 04:33:03',	'product'),
(13,	7,	1,	24,	'マスク テスト用',	NULL,	NULL,	'スマホも入る大容量のベルト掛けポーチ！フックでベルトループに着用又はベルトを通して二通りの装着ができます！\r\n大切な人への贈り物にも喜ばれますよ！\r\n最薄部はなんと8mm！',	'マスク',	'<table cellspacing=\"0\" style=\"border-collapse:collapse; width:69px\">\r\n	<tbody>\r\n		<tr>\r\n			<td style=\"border-bottom:none; border-left:none; border-right:none; border-top:none; height:24px; vertical-align:bottom; white-space:nowrap; width:69px\"><span style=\"font-size:15px\"><span style=\"color:black\"><span style=\"font-family:游ゴシック,monospace\">【品　番】kzhao50a</span></span></span></td>\r\n		</tr>\r\n		<tr>\r\n			<td style=\"border-bottom:none; border-left:none; border-right:none; border-top:none; height:24px; vertical-align:bottom; white-space:nowrap\"><span style=\"font-size:15px\"><span style=\"color:black\"><span style=\"font-family:游ゴシック,monospace\">【タイプ】</span></span></span></td>\r\n		</tr>\r\n		<tr>\r\n			<td style=\"border-bottom:none; border-left:none; border-right:none; border-top:none; height:24px; vertical-align:bottom; white-space:nowrap\"><span style=\"font-size:15px\"><span style=\"color:black\"><span style=\"font-family:游ゴシック,monospace\">100枚入</span></span></span></td>\r\n		</tr>\r\n		<tr>\r\n			<td style=\"border-bottom:none; border-left:none; border-right:none; border-top:none; height:24px; vertical-align:bottom; white-space:nowrap\"><span style=\"font-size:15px\"><span style=\"color:black\"><span style=\"font-family:游ゴシック,monospace\">【材 質】</span></span></span></td>\r\n		</tr>\r\n		<tr>\r\n			<td style=\"border-bottom:none; border-left:none; border-right:none; border-top:none; height:24px; vertical-align:bottom; white-space:nowrap\"><span style=\"font-size:15px\"><span style=\"color:black\"><span style=\"font-family:游ゴシック,monospace\">本体ファルダ部：ポリプロピレン不織布</span></span></span></td>\r\n		</tr>\r\n		<tr>\r\n			<td style=\"border-bottom:none; border-left:none; border-right:none; border-top:none; height:24px; vertical-align:bottom; white-space:nowrap\"><span style=\"font-size:15px\"><span style=\"color:black\"><span style=\"font-family:游ゴシック,monospace\">耳ひも部：ポリエステル、ポリウレタン</span></span></span></td>\r\n		</tr>\r\n		<tr>\r\n			<td style=\"border-bottom:none; border-left:none; border-right:none; border-top:none; height:24px; vertical-align:bottom; white-space:nowrap\"><span style=\"font-size:15px\"><span style=\"color:black\"><span style=\"font-family:游ゴシック,monospace\">ノーズフィッタ一部：ポリエチレン</span></span></span></td>\r\n		</tr>\r\n		<tr>\r\n			<td style=\"border-bottom:none; border-left:none; border-right:none; border-top:none; height:24px; vertical-align:bottom; white-space:nowrap\"><span style=\"font-size:15px\"><span style=\"color:black\"><span style=\"font-family:游ゴシック,monospace\">【使用用途】</span></span></span></td>\r\n		</tr>\r\n		<tr>\r\n			<td style=\"border-bottom:none; border-left:none; border-right:none; border-top:none; height:24px; vertical-align:bottom; white-space:nowrap\"><span style=\"font-size:15px\"><span style=\"color:black\"><span style=\"font-family:游ゴシック,monospace\">花粉症対策/粉塵/使い捨て/飛沫防止/安全/衛生/風邪/熱/体調不良/堰/高熱/鼻水/病気/流行/男 女兼用/くしゃみ/フィルター/シート/予防/ウイルス/ウィルス/防塵/不織布/ますく/細菌</span></span></span></td>\r\n		</tr>\r\n		<tr>\r\n			<td style=\"border-bottom:none; border-left:none; border-right:none; border-top:none; height:24px; vertical-align:bottom; white-space:nowrap\"><span style=\"font-size:15px\"><span style=\"color:black\"><span style=\"font-family:游ゴシック,monospace\">※マスクは感染(侵入)を完全に防ぐものではありません</span></span></span></td>\r\n		</tr>\r\n		<tr>\r\n			<td style=\"border-bottom:none; border-left:none; border-right:none; border-top:none; height:24px; vertical-align:bottom; white-space:nowrap\"><span style=\"font-size:15px\"><span style=\"color:black\"><span style=\"font-family:游ゴシック,monospace\">【注意事項】</span></span></span></td>\r\n		</tr>\r\n		<tr>\r\n			<td style=\"border-bottom:none; border-left:none; border-right:none; border-top:none; height:24px; vertical-align:bottom; white-space:nowrap\">&nbsp;</td>\r\n		</tr>\r\n		<tr>\r\n			<td style=\"border-bottom:none; border-left:none; border-right:none; border-top:none; height:24px; vertical-align:bottom; white-space:nowrap\"><span style=\"font-size:15px\"><span style=\"color:black\"><span style=\"font-family:游ゴシック,monospace\">●本製品は直接肌に触れる衛生商品のため、返品/交換/キャンセル不可の商品です</span></span></span></td>\r\n		</tr>\r\n		<tr>\r\n			<td style=\"border-bottom:none; border-left:none; border-right:none; border-top:none; height:24px; vertical-align:bottom; white-space:nowrap\"><span style=\"font-size:15px\"><span style=\"color:black\"><span style=\"font-family:游ゴシック,monospace\">●当店で購入したマスクを転売すると処罰対象となる可能性があります。ご注意ください。</span></span></span></td>\r\n		</tr>\r\n		<tr>\r\n			<td style=\"border-bottom:none; border-left:none; border-right:none; border-top:none; height:24px; vertical-align:bottom; white-space:nowrap\"><span style=\"font-size:15px\"><span style=\"color:black\"><span style=\"font-family:游ゴシック,monospace\">●マスクは感染を完全に防ぐものではありません。</span></span></span></td>\r\n		</tr>\r\n		<tr>\r\n			<td style=\"border-bottom:none; border-left:none; border-right:none; border-top:none; height:24px; vertical-align:bottom; white-space:nowrap\"><span style=\"font-size:15px\"><span style=\"color:black\"><span style=\"font-family:游ゴシック,monospace\">●本商品は簡易マスクです。有害な粉塵やガス等人体に害を及ぼす恐れのある環境では絶対に使用しないでください。</span></span></span></td>\r\n		</tr>\r\n		<tr>\r\n			<td style=\"border-bottom:none; border-left:none; border-right:none; border-top:none; height:24px; vertical-align:bottom; white-space:nowrap\"><span style=\"font-size:15px\"><span style=\"color:black\"><span style=\"font-family:游ゴシック,monospace\">●本商品を洗って繰り返し使わないでください。</span></span></span></td>\r\n		</tr>\r\n		<tr>\r\n			<td style=\"border-bottom:none; border-left:none; border-right:none; border-top:none; height:24px; vertical-align:bottom; white-space:nowrap\"><span style=\"font-size:15px\"><span style=\"color:black\"><span style=\"font-family:游ゴシック,monospace\">【備　 考】</span></span></span></td>\r\n		</tr>\r\n		<tr>\r\n			<td style=\"border-bottom:none; border-left:none; border-right:none; border-top:none; height:24px; vertical-align:bottom; white-space:nowrap\"><span style=\"font-size:15px\"><span style=\"color:black\"><span style=\"font-family:游ゴシック,monospace\">●画像はイメージです。実際の商品とは多少異なる場合があります。</span></span></span></td>\r\n		</tr>\r\n		<tr>\r\n			<td style=\"border-bottom:none; border-left:none; border-right:none; border-top:none; height:24px; vertical-align:bottom; white-space:nowrap\"><span style=\"font-size:15px\"><span style=\"color:black\"><span style=\"font-family:游ゴシック,monospace\">●商品の外観、仕様等は予告なく変更する場合があります。予めご了承ください。</span></span></span></td>\r\n		</tr>\r\n	</tbody>\r\n</table>',	'2021-03-23 04:33:03',	'2021-03-23 07:00:10',	'product'),
(14,	7,	1,	24,	'指輪　 テスト用',	NULL,	'二人の絆 (一覧情報）',	'1873年から世代を超え、\n\n脈々と受け継がれてきた職人技。さらに取り扱う40種類以上の様々な貴金属合金は、すべて自社工場で開発・製造したもの。金細工職人は140年以上前と変わらぬ手法で素材に弾力と硬さを与え、フォルムを完璧なものにしていきます。継ぎ目のないマリッジリングはすべて1枚の貴金属から作られており、接合部分はありません。はじまりも終わりもないマリッジリングは、まさに完璧な永遠のシンボル。ふたりの愛の証であり続けます。',	'エンゲージリング',	'<p>他にはない「ニーシング」だけのカラーバリエーションです。 ゴールドは暖かく輝く砂浜のような白や、朝焼けのような赤。落ち着いたローズウッドの息吹、繊細なアイボリー、またフレッシュなグリーン。 さらに濃厚なイエローのピュアゴールド、そして白く輝くプラチナ。 これらの貴金属の調合は、140年以上続く「ニーシング」だけの財産です。魅惑的な13種類の選択肢からふたりの個性、互いへの想いを表現する一色が見つかるはず。</p>',	'2021-03-23 04:33:03',	'2021-03-23 04:33:03',	'product'),
(15,	7,	1,	24,	'タンザナイト テスト用',	NULL,	NULL,	'大粒の石\r\n\r\n目玉商品',	'指輪、タンザナイト、特売',	'<p>フリ１ フリ１ フリ１ フリ４</p>',	'2021-03-23 06:56:35',	'2022-01-18 00:28:12',	'product'),
(16,	7,	2,	24,	'ネックレス テスト用',	NULL,	NULL,	'エメラルド１８金',	'ペンダント、１８金',	'<p>不利エリア 不利エリア 不利エリア ＥＮＤ</p>',	'2021-03-23 06:57:57',	'2021-03-23 06:57:57',	'product'),
(17,	13,	1,	24,	'シチズン　CC9054-52A　EXCEED　エクシード　エコドライブ　ダイレクトフライト　パーフェックス　GPS衛星電波時計',	NULL,	NULL,	'2016年10月7日発売\r\nお取り寄せ商品　発売日以降・入荷次第のお届けとなります\r\n！！　他の商品との一括会計は承れません。\r\n※ご注意願いますこちらの商品は他の商品と発送方法が異なる為､\r\n他の商品との一括会計を承ることができません。\r\n誠に申し訳ございませんが他の商品の会計時に送料が発生する場合がございますので\r\n予めご了承いただきますようお願い申し上げます。\r\nシチズン\r\nCC9054-52A　EXCEED【エクシード】エコドライブ ダイレクトフライト パーフェックス GPS衛星電波時計\r\n\r\n商品仕様\r\nキャリバーNo：F900\r\n精度：±5秒／月（非受信時）\r\n重量：97g\r\n厚み：15.1mm(設計値）\r\nケースサイズ：43.3mm(設計値）\r\nケース：スーパーチタニウム\r\n表面処理：白色めっき＋ピンクゴールドめっき\r\nガラス：デュアル球面サファイアガラス(99%クラリティ・コーティング)\r\nバンド：三ツ折れプッシュタイプ中留\r\n\r\nその他特徴\r\n●パーフェックス搭載\r\n●デイ＆デイト表示\r\n●1/20秒クロノグラフ(24時間計)\r\n●アラーム\r\n●衛星電波受信機能\r\n●位置情報取得機能\r\n●ワールドタイム機能(27都市を含む40時差)\r\n●サマータイム機能\r\n●デュアルタイム機能\r\n●ホーム／ローカルタイム切替機能\r\n●衝撃検知機能\r\n●針自動補正機能\r\n●ライトレベル インディケーター\r\n●充電量表示機能\r\n●充電警告機能\r\n●過充電防止機能\r\n●過放電検出機能\r\n●充電禁止温度検出機能',	'シチズン　GPS',	'<p style=\"text-align:center\">バイヤーズのこだわり</p>\r\n\r\n<p style=\"text-align:center\">&nbsp;</p>\r\n\r\n<p><img src=\"/html/upload/save_image/000000024/ga-100rs-4a_4-60f132c794976_2021_07_16_16_18_31.jpg\" style=\"height:300px; width:300px\" />　　　　　横からのイメージ</p>\r\n\r\n<p>&nbsp;</p>\r\n\r\n<p><img src=\"/html/upload/save_image/000000024/ga-100rs-4a_5 (1)-60f133086874c_2021_07_16_16_19_36.jpg\" style=\"height:396px; width:300px\" />　　　　裏から見たいイメージ</p>',	'2021-03-23 07:38:52',	'2021-07-16 07:21:57',	'product'),
(18,	1,	3,	21,	'test_owner1',	NULL,	NULL,	NULL,	NULL,	NULL,	'2021-03-31 16:51:31',	'2021-07-20 02:09:23',	'product'),
(19,	5,	2,	21,	'test_owner1',	NULL,	NULL,	NULL,	NULL,	NULL,	'2021-03-31 16:53:50',	'2021-03-31 16:56:21',	'product'),
(20,	3,	2,	19,	'test 11',	NULL,	NULL,	NULL,	NULL,	NULL,	'2021-04-06 03:41:21',	'2021-04-06 03:41:21',	'product'),
(21,	6,	1,	22,	'木苺のタルト',	NULL,	NULL,	'惣菜パン',	'けーき　スイーツ',	'<p>フリーエリアは何行まで行ける １２ ２ ３ ４ ５ ６ ７ ８ ９ Ａ Ｂ</p>',	'2021-04-07 05:34:10',	'2021-04-07 05:39:44',	'product'),
(22,	6,	1,	22,	'いちごのケーキ',	NULL,	NULL,	'惣菜パン',	'ケーキ　スイーツ',	'<p>フリーエリアは何行まで行ける １２ ２ ３ ４ ５ ６ ７ ８ ９ Ａ Ｂ</p>',	'2021-04-07 05:37:05',	'2021-04-07 05:37:49',	'product'),
(23,	6,	1,	22,	'おはぎ',	NULL,	NULL,	'惣菜パン',	'けーき　スイーツ',	'<p>フリーエリアは何行まで行ける １２ ２ ３ ４ ５ ６ ７ ８ ９ Ａ Ｂ</p>',	'2021-04-07 05:46:22',	'2021-04-07 05:50:13',	'product'),
(24,	6,	1,	22,	'カップケーキ',	NULL,	NULL,	'惣菜パン',	'けーき　スイーツ',	'<p>フリーエリアは何行まで行ける １２ ２ ３ ４ ５ ６ ７ ８ ９ Ａ Ｂ</p>',	'2021-04-07 05:47:49',	'2021-04-07 05:50:04',	'product'),
(25,	6,	1,	22,	'マカロン',	NULL,	NULL,	'惣菜パン',	'ケーキ　スイーツ',	'<p>フリーエリアは何行まで行ける １２ ２ ３ ４ ５ ６ ７ ８ ９ Ａ Ｂ</p>',	'2021-04-07 05:48:49',	'2021-04-07 05:49:55',	'product'),
(26,	1,	1,	22,	'カシオ CASIO Gショック G-SHOCK クオーツ メンズ 腕時計 GA-100CG-2A ネイビー［逆輸入品］［wimp］[カシオGshokku ]',	NULL,	NULL,	'・（約）H47×W47×D14mm(ラグ、リューズは除く)、　重さ(約)70ｇ、腕周り最大(約)21cm、最小(約)14cm\r\n・ステンレス(ケース)、樹脂(ベルト)\r\n・クオーツ、20気圧防水、クロノグラフ、ワールドタイム、アラーム、\r\n　アナデジ、タイマー、モジュールナンバー：5081、\r\n　カラー：ブラックネイビー(文字盤)、ブラックネイビー（ベルト）\r\n・専用BOX、保証書、取扱説明書\r\n・カシオ CASIO Gショック G-SHOCK クオーツ メンズ ウォッチ 時計\r\n　ブラックネイビー　　\r\n　商品仕様：（約）H47×W47×D14mm(ラグ、リューズは除く)、\r\n　重さ(約)70ｇ、　腕周り最大(約)21cm、最小(約)14cm　\r\n　ステンレス(ケース)、樹脂(ベルト)　専用BOX、保証書、取扱説明書',	'時計　G-shock',	'<p>タフネスを追求し進化を続けるG-SHOCKから、アナログとデジタル表示が融合したコンビネーションモデルが登場。 新開発のモジュールは、1/1000秒ストップウオッチや速度計測機能の搭載を実現。JIS１種の耐磁性能を有し、高い実用性を誇ります。フェイスデザインは4つの大型液晶表示と、軽量で耐衝撃性に優れたアルミ製の大型時分針により構成。アナログとデジタル表示がシンメトリーにレイアウトされ、ダイナミックなフェイスデザインに仕上がりました。よりタフに、より実用的に進化したNew G-SHOCKの登場です。<br />\r\n<br />\r\n・1/1000秒計測ストップウオッチ<br />\r\n・速度計測機能<br />\r\n・JIS1種耐磁性能<br />\r\n・樹脂バンド</p>',	'2021-04-07 08:30:16',	'2021-05-31 00:40:09',	'product'),
(28,	1,	3,	22,	'カシオ CASIO Gショック G-SHOCK クオーツ メンズ 腕時計 GA-100CG-2A ネイビー［逆輸入品］［wimp］',	NULL,	NULL,	'・（約）H47×W47×D14mm(ラグ、リューズは除く)、　重さ(約)70ｇ、腕周り最大(約)21cm、最小(約)14cm\r\n・ステンレス(ケース)、樹脂(ベルト)\r\n・クオーツ、20気圧防水、クロノグラフ、ワールドタイム、アラーム、\r\n　アナデジ、タイマー、モジュールナンバー：5081、\r\n　カラー：ブラックネイビー(文字盤)、ブラックネイビー（ベルト）\r\n・専用BOX、保証書、取扱説明書\r\n・カシオ CASIO Gショック G-SHOCK クオーツ メンズ ウォッチ 時計\r\n　ブラックネイビー　　\r\n　商品仕様：（約）H47×W47×D14mm(ラグ、リューズは除く)、\r\n　重さ(約)70ｇ、　腕周り最大(約)21cm、最小(約)14cm　\r\n　ステンレス(ケース)、樹脂(ベルト)　専用BOX、保証書、取扱説明書',	'時計　G-shock',	'<p>タフネスを追求し進化を続けるG-SHOCKから、アナログとデジタル表示が融合したコンビネーションモデルが登場。 新開発のモジュールは、1/1000秒ストップウオッチや速度計測機能の搭載を実現。JIS１種の耐磁性能を有し、高い実用性を誇ります。フェイスデザインは4つの大型液晶表示と、軽量で耐衝撃性に優れたアルミ製の大型時分針により構成。アナログとデジタル表示がシンメトリーにレイアウトされ、ダイナミックなフェイスデザインに仕上がりました。よりタフに、より実用的に進化したNew G-SHOCKの登場です。<br />\r\n<br />\r\n・1/1000秒計測ストップウオッチ<br />\r\n・速度計測機能<br />\r\n・JIS1種耐磁性能<br />\r\n・樹脂バンド</p>',	'2021-04-08 01:16:35',	'2021-07-20 02:08:33',	'product'),
(29,	1,	1,	21,	'カシオ CASIO Gショック G-SHOCK クオーツ メンズ 腕時計 GA-100CG-2A ネイビー［逆輸入品］［wimp］',	NULL,	NULL,	'・（約）H47×W47×D14mm(ラグ、リューズは除く)、　重さ(約)70ｇ、腕周り最大(約)21cm、最小(約)14cm\r\n・ステンレス(ケース)、樹脂(ベルト)\r\n・クオーツ、20気圧防水、クロノグラフ、ワールドタイム、アラーム、\r\n　アナデジ、タイマー、モジュールナンバー：5081、\r\n　カラー：ブラックネイビー(文字盤)、ブラックネイビー（ベルト）\r\n・専用BOX、保証書、取扱説明書\r\n・カシオ CASIO Gショック G-SHOCK クオーツ メンズ ウォッチ 時計\r\n　ブラックネイビー　　\r\n　商品仕様：（約）H47×W47×D14mm(ラグ、リューズは除く)、\r\n　重さ(約)70ｇ、　腕周り最大(約)21cm、最小(約)14cm　\r\n　ステンレス(ケース)、樹脂(ベルト)　専用BOX、保証書、取扱説明書',	'時計　G-shock',	'<p>タフネスを追求し進化を続けるG-SHOCKから、アナログとデジタル表示が融合したコンビネーションモデルが登場。 新開発のモジュールは、1/1000秒ストップウオッチや速度計測機能の搭載を実現。JIS１種の耐磁性能を有し、高い実用性を誇ります。フェイスデザインは4つの大型液晶表示と、軽量で耐衝撃性に優れたアルミ製の大型時分針により構成。アナログとデジタル表示がシンメトリーにレイアウトされ、ダイナミックなフェイスデザインに仕上がりました。よりタフに、より実用的に進化したNew G-SHOCKの登場です。<br />\r\n<br />\r\n・1/1000秒計測ストップウオッチ<br />\r\n・速度計測機能<br />\r\n・JIS1種耐磁性能<br />\r\n・樹脂バンド</p>',	'2021-04-08 01:22:17',	'2021-06-23 05:10:19',	'product'),
(30,	1,	2,	21,	'カシオ CASIO Gショック G-SHOCK クオーツ メンズ 腕時計 GA-100CG-2A ネイビー［逆輸入品］［wimp］',	NULL,	NULL,	'・（約）H47×W47×D14mm(ラグ、リューズは除く)、　重さ(約)70ｇ、腕周り最大(約)21cm、最小(約)14cm\r\n・ステンレス(ケース)、樹脂(ベルト)\r\n・クオーツ、20気圧防水、クロノグラフ、ワールドタイム、アラーム、\r\n　アナデジ、タイマー、モジュールナンバー：5081、\r\n　カラー：ブラックネイビー(文字盤)、ブラックネイビー（ベルト）\r\n・専用BOX、保証書、取扱説明書\r\n・カシオ CASIO Gショック G-SHOCK クオーツ メンズ ウォッチ 時計\r\n　ブラックネイビー　　\r\n　商品仕様：（約）H47×W47×D14mm(ラグ、リューズは除く)、\r\n　重さ(約)70ｇ、　腕周り最大(約)21cm、最小(約)14cm　\r\n　ステンレス(ケース)、樹脂(ベルト)　専用BOX、保証書、取扱説明書',	'時計　G-shock',	'<p>タフネスを追求し進化を続けるG-SHOCKから、アナログとデジタル表示が融合したコンビネーションモデルが登場。 新開発のモジュールは、1/1000秒ストップウオッチや速度計測機能の搭載を実現。JIS１種の耐磁性能を有し、高い実用性を誇ります。フェイスデザインは4つの大型液晶表示と、軽量で耐衝撃性に優れたアルミ製の大型時分針により構成。アナログとデジタル表示がシンメトリーにレイアウトされ、ダイナミックなフェイスデザインに仕上がりました。よりタフに、より実用的に進化したNew G-SHOCKの登場です。<br />\r\n<br />\r\n・1/1000秒計測ストップウオッチ<br />\r\n・速度計測機能<br />\r\n・JIS1種耐磁性能<br />\r\n・樹脂バンド</p>',	'2021-04-08 01:42:54',	'2021-04-09 05:42:22',	'product'),
(37,	1,	2,	22,	'カシオ CASIO Gショック G-SHOCK クオーツ メンズ 腕時計 GA-100CG-2A ネイビー［逆輸入品］［wimp］[カシオGshokku ]',	NULL,	NULL,	'・（約）H47×W47×D14mm(ラグ、リューズは除く)、　重さ(約)70ｇ、腕周り最大(約)21cm、最小(約)14cm\r\n・ステンレス(ケース)、樹脂(ベルト)\r\n・クオーツ、20気圧防水、クロノグラフ、ワールドタイム、アラーム、\r\n　アナデジ、タイマー、モジュールナンバー：5081、\r\n　カラー：ブラックネイビー(文字盤)、ブラックネイビー（ベルト）\r\n・専用BOX、保証書、取扱説明書\r\n・カシオ CASIO Gショック G-SHOCK クオーツ メンズ ウォッチ 時計\r\n　ブラックネイビー　　\r\n　商品仕様：（約）H47×W47×D14mm(ラグ、リューズは除く)、\r\n　重さ(約)70ｇ、　腕周り最大(約)21cm、最小(約)14cm　\r\n　ステンレス(ケース)、樹脂(ベルト)　専用BOX、保証書、取扱説明書',	'時計　G-shock',	'<p>タフネスを追求し進化を続けるG-SHOCKから、アナログとデジタル表示が融合したコンビネーションモデルが登場。 新開発のモジュールは、1/1000秒ストップウオッチや速度計測機能の搭載を実現。JIS１種の耐磁性能を有し、高い実用性を誇ります。フェイスデザインは4つの大型液晶表示と、軽量で耐衝撃性に優れたアルミ製の大型時分針により構成。アナログとデジタル表示がシンメトリーにレイアウトされ、ダイナミックなフェイスデザインに仕上がりました。よりタフに、より実用的に進化したNew G-SHOCKの登場です。<br />\r\n<br />\r\n・1/1000秒計測ストップウオッチ<br />\r\n・速度計測機能<br />\r\n・JIS1種耐磁性能<br />\r\n・樹脂バンド</p>',	'2021-05-31 00:44:37',	'2021-05-31 00:44:37',	'product'),
(38,	1,	2,	19,	'オリンピック　Ｔシャツ',	NULL,	NULL,	'2020オリンピック　Ｔシャツ子ども用です。\r\nサイズは100cm～150cm\r\n色は2色で白とオレンジ',	'オリンピック　Ｔシャツ　2020',	NULL,	'2021-07-28 07:34:39',	'2021-07-28 08:06:53',	'product'),
(39,	20,	1,	40,	'おまかせ野菜セット',	NULL,	NULL,	'採れたての旬野菜を厳選して発送',	'採れたて　新鮮　季節',	'<p>１月　白ネギ、キャベツ、オレンジクイン、ほうれんそう、水菜</p>\r\n\r\n<p>２月　白ネギ、キャベツ、オレンジクイン、ほうれんそう、水菜</p>\r\n\r\n<p>３月　白ネギ、キャベツ、オレンジクイン、ほうれんそう、水菜</p>\r\n\r\n<p>４月　白ネギ、キャベツ、オレンジクイン、ほうれんそう、水菜</p>\r\n\r\n<p>５月　白ネギ、キャベツ、オレンジクイン、ほうれんそう、水菜</p>\r\n\r\n<p>６月　白ネギ、キャベツ、オレンジクイン、ほうれんそう、水菜</p>\r\n\r\n<p>７月　白ネギ、キャベツ、オレンジクイン、ほうれんそう、水菜</p>\r\n\r\n<p>８月　白ネギ、キャベツ、オレンジクイン、ほうれんそう、水菜</p>\r\n\r\n<p>９月　白ネギ、キャベツ、オレンジクイン、ほうれんそう、水菜</p>\r\n\r\n<p>10月　白ネギ、キャベツ、オレンジクイン、ほうれんそう、水菜</p>\r\n\r\n<p>11月　白ネギ、キャベツ、オレンジクイン、ほうれんそう、水菜</p>\r\n\r\n<p>12月　白ネギ、キャベツ、オレンジクイン、ほうれんそう、水菜</p>\r\n\r\n<p>　以上はサンプルです。</p>',	'2021-12-13 08:32:46',	'2021-12-14 06:02:15',	'product'),
(40,	22,	1,	41,	'プラスドライバー3本セット',	NULL,	NULL,	'ごくシンプルなプラスドライバーです',	NULL,	NULL,	'2022-03-07 05:52:55',	'2022-03-07 05:54:59',	'product'),
(41,	1,	1,	43,	'テスト商品',	NULL,	NULL,	'テスト',	NULL,	NULL,	'2022-03-30 06:20:09',	'2022-04-07 01:05:19',	'product'),
(42,	1,	3,	43,	'test',	NULL,	NULL,	NULL,	NULL,	NULL,	'2022-04-01 08:16:04',	'2022-04-01 08:17:10',	'product'),
(43,	1,	1,	45,	'いい商品',	NULL,	NULL,	'いい商品です。',	NULL,	NULL,	'2022-04-04 05:24:34',	'2022-04-04 05:24:34',	'product'),
(44,	1,	3,	42,	'テスト商品',	NULL,	NULL,	'いい商品です。',	NULL,	NULL,	'2022-04-05 05:59:06',	'2022-04-05 06:04:23',	'product'),
(45,	23,	1,	42,	'テーラーメイド ゴルフ ステルス ドライバー/TENSEI RD TM50(22)',	NULL,	NULL,	'60層のカーボンフェース\r\n新たに開発された「60層のカーボンフェース」はチタンの43gから24gとなり、チタンフェースと比べて40% ?の軽量化に成功。その一方で、SIMドライバーよりもフェース面積を20% 拡大させ、寛容性を強化した。\r\n複雑な構造からなる60層のカーボンを精巧に重ね合わせることで、高い強度と大きなたわみを両立し、新次元のエネルギー伝達をもたらす。その結果、フェースのより広い範囲でボール初速が高まり、これまでよりも優れた飛距離性能と寛容性を実現する。 同サイズのチタンニウムフェース比較(当社調べ)\r\n\r\nナノテクスチャーPUカバー\r\nフェース全面にナノレベルの精巧なポリマーコーティング(PU)を施すことで、どうような状況下においても最適なスピン量を可能にし、飛距離を生み出す。 高慣性モーメント化\r\n新たに開発された「60層のカーボンフェース」によりヘッドの軽量化に成功。その余剰重量をヘッド後方のバックウェイト周辺を重くすることで低・深重心化を実現し、高慣性モーメント化による寛容性向上を実現する。\r\n\r\nイナーシャ ジェネレーター\r\nヘッド後方に重いウェイトを設置した「イナーシャ ジェネレーター」が寛容性アップに貢献。さらに、フェース面の拡大により、寛容性を高めながらも空気抵抗を減少させ、ダウンスイングのスピードアップを実現する。\r\n\r\n貫通型スピードポケット\r\nテーラーメイド独自の貫通型スピードポケットにより、フェース下部で打ってしまったミスヒットにおいても無駄なスピンを抑えてボール初速維持に貢献。',	'ゴルフ、テーラーメイド、ドライバー',	'<table border=\"1\" style=\"background-color:#ffffff; font-family:メイリオ,Meiryo,&quot;ヒラギノ角ゴ Pro W3&quot;; font-size:13.6px; text-align:center; text-decoration-color:initial; text-decoration-style:initial; text-decoration-thickness:initial; width:863.984px\">\r\n	<tbody>\r\n		<tr>\r\n			<th colspan=\"2\" style=\"background-color:#cc3333; border-color:#000000\"><span style=\"color:#ffffff\">HEAD</span></th>\r\n			<th style=\"background-color:#cc3333; border-color:#000000\"><span style=\"color:#ffffff\">STEALTH DRIVER / ステルス ドライバー</span></th>\r\n		</tr>\r\n		<tr>\r\n			<td colspan=\"2\" style=\"background-color:#ffffff\">ヘッド素材 / フェース素材</td>\r\n			<td style=\"background-color:#ffffff\">チタン [9-1-1 ti] + カーボンクラウン / 60層カーボンツイストフェース</td>\r\n		</tr>\r\n		<tr>\r\n			<td colspan=\"2\" style=\"background-color:#ffffff\">ヘッド体積(cm3&lt;cc&gt;)</td>\r\n			<td style=\"background-color:#ffffff\">460</td>\r\n		</tr>\r\n		<tr>\r\n			<td colspan=\"2\" style=\"background-color:#ffffff\">ライ角(&deg;)</td>\r\n			<td style=\"background-color:#ffffff\">56</td>\r\n		</tr>\r\n		<tr>\r\n			<td rowspan=\"4\" style=\"background-color:#ffffff\">長さ<br />\r\n			(インチ)</td>\r\n			<td style=\"background-color:#ffffff\">TENSEI RED TM50 (&#39;22)</td>\r\n			<td style=\"background-color:#ffffff\">45.75</td>\r\n		</tr>\r\n		<tr>\r\n			<td style=\"background-color:#ffffff\">Tour AD UB-6</td>\r\n			<td rowspan=\"3\" style=\"background-color:#ffffff\">45.25</td>\r\n		</tr>\r\n		<tr>\r\n			<td style=\"background-color:#ffffff\">SPEEDER NX 60</td>\r\n		</tr>\r\n		<tr>\r\n			<td style=\"background-color:#ffffff\">Diamana PD 60</td>\r\n		</tr>\r\n	</tbody>\r\n</table>\r\n\r\n<p>&nbsp;</p>\r\n\r\n<table border=\"1\" style=\"font-family:メイリオ,Meiryo,&quot;ヒラギノ角ゴ Pro W3&quot;; font-size:13.6px; text-align:center; width:863.984px\">\r\n	<tbody>\r\n		<tr>\r\n			<td rowspan=\"2\" style=\"background-color:#33cc33; border-color:#000000\"><span style=\"color:#ffffff\">SHAFT</span></td>\r\n			<td rowspan=\"2\" style=\"background-color:#33cc33; border-color:#000000\"><span style=\"color:#ffffff\">FLEX</span></td>\r\n			<td colspan=\"5\" style=\"background-color:#33cc33; border-color:#000000\"><span style=\"color:#ffffff\">ロフト角(&deg;)</span></td>\r\n		</tr>\r\n		<tr>\r\n			<td style=\"background-color:#33cc33; border-color:#000000\"><span style=\"color:#ffffff\">9</span></td>\r\n			<td style=\"background-color:#33cc33; border-color:#000000\"><span style=\"color:#ffffff\">10.5</span></td>\r\n			<td style=\"background-color:#33cc33; border-color:#000000\"><span style=\"color:#ffffff\">12</span></td>\r\n			<td style=\"background-color:#33cc33; border-color:#000000\"><span style=\"color:#ffffff\">LH 9</span></td>\r\n			<td style=\"background-color:#33cc33; border-color:#000000\"><span style=\"color:#ffffff\">LH 10.5</span></td>\r\n		</tr>\r\n		<tr>\r\n			<td rowspan=\"3\">TENSEI RED TM50 (&#39;22)</td>\r\n			<td>S</td>\r\n			<td>●</td>\r\n			<td>●</td>\r\n			<td>△</td>\r\n			<td>●</td>\r\n			<td>●</td>\r\n		</tr>\r\n		<tr>\r\n			<td>SR</td>\r\n			<td>△</td>\r\n			<td>●</td>\r\n			<td>△</td>\r\n			<td>△</td>\r\n			<td>●</td>\r\n		</tr>\r\n		<tr>\r\n			<td>R</td>\r\n			<td>△</td>\r\n			<td>●</td>\r\n			<td>△</td>\r\n			<td>△</td>\r\n			<td>●</td>\r\n		</tr>\r\n		<tr>\r\n			<td>Tour AD UB-6</td>\r\n			<td>S</td>\r\n			<td>●</td>\r\n			<td>●</td>\r\n			<td>△</td>\r\n			<td>△</td>\r\n			<td>△</td>\r\n		</tr>\r\n		<tr>\r\n			<td>SPEEDER NX 60</td>\r\n			<td>S</td>\r\n			<td>●</td>\r\n			<td>●</td>\r\n			<td>△</td>\r\n			<td>△</td>\r\n			<td>△</td>\r\n		</tr>\r\n		<tr>\r\n			<td>Diamana PD 60</td>\r\n			<td>S</td>\r\n			<td>●</td>\r\n			<td>●</td>\r\n			<td>△</td>\r\n			<td>△</td>\r\n			<td>△</td>\r\n		</tr>\r\n	</tbody>\r\n</table>\r\n\r\n<p>&nbsp;</p>\r\n\r\n<table border=\"1\" style=\"background-color:#ffffff; font-family:メイリオ,Meiryo,&quot;ヒラギノ角ゴ Pro W3&quot;; font-size:13.6px; text-align:center; text-decoration-color:initial; text-decoration-style:initial; text-decoration-thickness:initial; width:863.984px\">\r\n	<tbody>\r\n		<tr>\r\n			<td colspan=\"2\" style=\"background-color:#3366cc; border-color:#000000\"><span style=\"color:#ffffff\">SHAFT</span></td>\r\n			<td colspan=\"3\" style=\"background-color:#3366cc; border-color:#000000\"><span style=\"color:#ffffff\">TENSEI RED TM50 (&#39;22)</span></td>\r\n			<td style=\"background-color:#3366cc; border-color:#000000\"><span style=\"color:#ffffff\">Tour AD UB-6</span></td>\r\n			<td style=\"background-color:#3366cc; border-color:#000000\"><span style=\"color:#ffffff\">SPEEDER NX 60</span></td>\r\n			<td style=\"background-color:#3366cc; border-color:#000000\"><span style=\"color:#ffffff\">Diamana PD 60</span></td>\r\n		</tr>\r\n		<tr>\r\n			<td colspan=\"2\" style=\"background-color:#ffffff\">フレックス</td>\r\n			<td style=\"background-color:#ffffff\">S</td>\r\n			<td style=\"background-color:#ffffff\">SR</td>\r\n			<td style=\"background-color:#ffffff\">R</td>\r\n			<td style=\"background-color:#ffffff\">S</td>\r\n			<td style=\"background-color:#ffffff\">S</td>\r\n			<td style=\"background-color:#ffffff\">S</td>\r\n		</tr>\r\n		<tr>\r\n			<td colspan=\"2\" style=\"background-color:#ffffff\">クラブ重量(g)</td>\r\n			<td style=\"background-color:#ffffff\">約302</td>\r\n			<td style=\"background-color:#ffffff\">約300</td>\r\n			<td style=\"background-color:#ffffff\">約297</td>\r\n			<td style=\"background-color:#ffffff\">約314</td>\r\n			<td style=\"background-color:#ffffff\">約312</td>\r\n			<td style=\"background-color:#ffffff\">約314</td>\r\n		</tr>\r\n		<tr>\r\n			<td colspan=\"2\" style=\"background-color:#ffffff\">シャフト重量(g)</td>\r\n			<td style=\"background-color:#ffffff\">約57</td>\r\n			<td style=\"background-color:#ffffff\">約55</td>\r\n			<td style=\"background-color:#ffffff\">約52</td>\r\n			<td style=\"background-color:#ffffff\">65</td>\r\n			<td style=\"background-color:#ffffff\">64</td>\r\n			<td style=\"background-color:#ffffff\">65</td>\r\n		</tr>\r\n		<tr>\r\n			<td colspan=\"2\" style=\"background-color:#ffffff\">トルク</td>\r\n			<td style=\"background-color:#ffffff\">4.3</td>\r\n			<td style=\"background-color:#ffffff\">4.7</td>\r\n			<td style=\"background-color:#ffffff\">5.0</td>\r\n			<td style=\"background-color:#ffffff\">3.2</td>\r\n			<td style=\"background-color:#ffffff\">3.7</td>\r\n			<td style=\"background-color:#ffffff\">3.3</td>\r\n		</tr>\r\n		<tr>\r\n			<td colspan=\"2\" style=\"background-color:#ffffff\">バランス</td>\r\n			<td style=\"background-color:#ffffff\">D3.0</td>\r\n			<td style=\"background-color:#ffffff\">D3.0</td>\r\n			<td style=\"background-color:#ffffff\">D2.5</td>\r\n			<td style=\"background-color:#ffffff\">D3.0</td>\r\n			<td style=\"background-color:#ffffff\">D2.5</td>\r\n			<td style=\"background-color:#ffffff\">D3</td>\r\n		</tr>\r\n		<tr>\r\n			<td colspan=\"2\" style=\"background-color:#ffffff\">キックポイント</td>\r\n			<td colspan=\"3\" style=\"background-color:#ffffff\">中</td>\r\n			<td style=\"background-color:#ffffff\">中</td>\r\n			<td style=\"background-color:#ffffff\">中</td>\r\n			<td style=\"background-color:#ffffff\">中元</td>\r\n		</tr>\r\n		<tr>\r\n			<td colspan=\"2\" style=\"background-color:#ffffff\">グリップ</td>\r\n			<td colspan=\"3\" style=\"background-color:#ffffff\">Lamkin Crossline 360 Black/Red CP (径60/42g)</td>\r\n			<td colspan=\"3\" style=\"background-color:#ffffff\">Lamkin Crossline 360 Black/Red CP (径60/47.5g)</td>\r\n		</tr>\r\n	</tbody>\r\n</table>\r\n\r\n<p>&nbsp;</p>\r\n\r\n<p><span style=\"font-size:medium\"><span style=\"color:#000000\"><span style=\"font-family:メイリオ,Meiryo,&quot;ヒラギノ角ゴ Pro W3&quot;\"><span style=\"background-color:#ffffff\">※このスペックは計算値・暫定値です。<br />\r\n※ロフト角、ライ角はスタンダードポジションでの数値です。<br />\r\n※シャフト重量はカット前重量です。<br />\r\n※Tour AD UB-6シャフトの重量、トルク、キックポイントは(株)グラファイトデザインの公表値です。<br />\r\n※SPEEDER NX 60シャフトの重量、トルク、キックポイントは藤倉コンポジット(株)の公表値です。<br />\r\n※Diamana PD 60シャフトの重量、トルク、キックポイントは三菱ケミカル(株)の公表値です。<br />\r\n※<span style=\"color:669966\">■</span>はレフトハンドの展開もあります。<br />\r\n※△はカスタムメイドクラブ対応となります。<br />\r\n※専用ヘッドカバー付き<br />\r\n※本体は中国製/台湾製、専用ヘッドカバーは中国製/ベトナム製、トルクレンチは台湾製<br />\r\n(!)バックウェイトは着脱不可となっております。</span></span></span></span><br />\r\n&nbsp;</p>',	'2023-05-16 06:53:54',	'2023-05-16 08:40:59',	'product'),
(46,	6,	2,	22,	'木苺のタルト',	NULL,	NULL,	'惣菜パン',	'けーき　スイーツ',	'<p>フリーエリアは何行まで行ける １２ ２ ３ ４ ５ ６ ７ ８ ９ Ａ Ｂ</p>',	'2023-05-17 05:50:55',	'2023-05-17 05:51:20',	'product'),
(48,	6,	2,	22,	'おはぎ',	'CSV登録',	NULL,	NULL,	NULL,	NULL,	'2023-05-17 06:16:46',	'2023-05-17 06:25:37',	'product'),
(49,	6,	2,	22,	'おはぎ',	'CSV登録',	NULL,	NULL,	NULL,	NULL,	'2023-05-17 06:26:47',	'2023-05-17 06:26:47',	'product'),
(50,	1,	2,	42,	'テスト商品　規格名整合',	NULL,	NULL,	NULL,	NULL,	NULL,	'2023-05-18 05:26:55',	'2023-05-18 05:26:55',	'product');

DROP TABLE IF EXISTS `dtb_product_category`;
CREATE TABLE `dtb_product_category` (
  `product_id` int(10) unsigned NOT NULL,
  `category_id` int(10) unsigned NOT NULL,
  `discriminator_type` varchar(255) NOT NULL,
  PRIMARY KEY (`product_id`,`category_id`),
  KEY `IDX_B05778914584665A` (`product_id`),
  KEY `IDX_B057789112469DE2` (`category_id`),
  CONSTRAINT `FK_B057789112469DE2` FOREIGN KEY (`category_id`) REFERENCES `dtb_category` (`id`),
  CONSTRAINT `FK_B05778914584665A` FOREIGN KEY (`product_id`) REFERENCES `dtb_product` (`id`)
) ENGINE=InnoDB DEFAULT CHARSET=utf8;

INSERT INTO `dtb_product_category` (`product_id`, `category_id`, `discriminator_type`) VALUES
(1,	22,	'productcategory'),
(1,	41,	'productcategory'),
(2,	22,	'productcategory'),
(2,	37,	'productcategory'),
(2,	38,	'productcategory'),
(3,	28,	'productcategory'),
(3,	57,	'productcategory'),
(4,	22,	'productcategory'),
(4,	42,	'productcategory'),
(5,	22,	'productcategory'),
(5,	42,	'productcategory'),
(6,	22,	'productcategory'),
(6,	42,	'productcategory'),
(7,	22,	'productcategory'),
(7,	42,	'productcategory'),
(8,	22,	'productcategory'),
(8,	42,	'productcategory'),
(9,	15,	'productcategory'),
(9,	22,	'productcategory'),
(9,	42,	'productcategory'),
(9,	64,	'productcategory'),
(10,	22,	'productcategory'),
(10,	42,	'productcategory'),
(11,	22,	'productcategory'),
(11,	42,	'productcategory'),
(12,	22,	'productcategory'),
(12,	42,	'productcategory'),
(13,	15,	'productcategory'),
(13,	22,	'productcategory'),
(13,	42,	'productcategory'),
(13,	64,	'productcategory'),
(14,	22,	'productcategory'),
(14,	42,	'productcategory'),
(15,	22,	'productcategory'),
(15,	34,	'productcategory'),
(15,	42,	'productcategory'),
(15,	73,	'productcategory'),
(16,	22,	'productcategory'),
(16,	42,	'productcategory'),
(17,	22,	'productcategory'),
(17,	41,	'productcategory'),
(20,	28,	'productcategory'),
(20,	57,	'productcategory'),
(21,	22,	'productcategory'),
(21,	42,	'productcategory'),
(22,	22,	'productcategory'),
(22,	42,	'productcategory'),
(23,	22,	'productcategory'),
(23,	42,	'productcategory'),
(24,	22,	'productcategory'),
(24,	42,	'productcategory'),
(25,	22,	'productcategory'),
(25,	42,	'productcategory'),
(26,	22,	'productcategory'),
(26,	42,	'productcategory'),
(28,	22,	'productcategory'),
(28,	42,	'productcategory'),
(29,	22,	'productcategory'),
(29,	42,	'productcategory'),
(30,	22,	'productcategory'),
(30,	42,	'productcategory'),
(37,	22,	'productcategory'),
(37,	42,	'productcategory'),
(38,	22,	'productcategory'),
(38,	37,	'productcategory'),
(39,	28,	'productcategory'),
(39,	55,	'productcategory'),
(40,	36,	'productcategory'),
(40,	81,	'productcategory'),
(41,	22,	'productcategory'),
(41,	42,	'productcategory'),
(45,	34,	'productcategory'),
(45,	73,	'productcategory'),
(46,	22,	'productcategory'),
(46,	28,	'productcategory'),
(46,	42,	'productcategory'),
(46,	57,	'productcategory');

DROP TABLE IF EXISTS `dtb_product_class`;
CREATE TABLE `dtb_product_class` (
  `id` int(10) unsigned NOT NULL AUTO_INCREMENT,
  `product_id` int(10) unsigned DEFAULT NULL,
  `sale_type_id` smallint(5) unsigned DEFAULT NULL,
  `class_category_id1` int(10) unsigned DEFAULT NULL,
  `class_category_id2` int(10) unsigned DEFAULT NULL,
  `delivery_duration_id` int(10) unsigned DEFAULT NULL,
  `creator_id` int(10) unsigned DEFAULT NULL,
  `product_code` varchar(255) DEFAULT NULL,
  `stock` decimal(10,0) DEFAULT NULL,
  `stock_unlimited` tinyint(1) NOT NULL DEFAULT 0,
  `sale_limit` decimal(10,0) unsigned DEFAULT NULL,
  `price01` decimal(12,2) DEFAULT NULL,
  `price02` decimal(12,2) NOT NULL,
  `delivery_fee` decimal(12,2) unsigned DEFAULT NULL,
  `visible` tinyint(1) NOT NULL DEFAULT 1,
  `create_date` datetime NOT NULL COMMENT '(DC2Type:datetimetz)',
  `update_date` datetime NOT NULL COMMENT '(DC2Type:datetimetz)',
  `currency_code` varchar(255) DEFAULT NULL,
  `point_rate` decimal(10,0) unsigned DEFAULT NULL,
  `discriminator_type` varchar(255) NOT NULL,
  PRIMARY KEY (`id`),
  KEY `IDX_1A11D1BA4584665A` (`product_id`),
  KEY `IDX_1A11D1BAB0524E01` (`sale_type_id`),
  KEY `IDX_1A11D1BA248D128` (`class_category_id1`),
  KEY `IDX_1A11D1BA9B418092` (`class_category_id2`),
  KEY `IDX_1A11D1BABA4269E` (`delivery_duration_id`),
  KEY `IDX_1A11D1BA61220EA6` (`creator_id`),
  KEY `dtb_product_class_price02_idx` (`price02`),
  KEY `dtb_product_class_stock_stock_unlimited_idx` (`stock`,`stock_unlimited`),
  CONSTRAINT `FK_1A11D1BA248D128` FOREIGN KEY (`class_category_id1`) REFERENCES `dtb_class_category` (`id`),
  CONSTRAINT `FK_1A11D1BA4584665A` FOREIGN KEY (`product_id`) REFERENCES `dtb_product` (`id`),
  CONSTRAINT `FK_1A11D1BA61220EA6` FOREIGN KEY (`creator_id`) REFERENCES `dtb_member` (`id`),
  CONSTRAINT `FK_1A11D1BA9B418092` FOREIGN KEY (`class_category_id2`) REFERENCES `dtb_class_category` (`id`),
  CONSTRAINT `FK_1A11D1BAB0524E01` FOREIGN KEY (`sale_type_id`) REFERENCES `mtb_sale_type` (`id`),
  CONSTRAINT `FK_1A11D1BABA4269E` FOREIGN KEY (`delivery_duration_id`) REFERENCES `dtb_delivery_duration` (`id`)
) ENGINE=InnoDB DEFAULT CHARSET=utf8;

INSERT INTO `dtb_product_class` (`id`, `product_id`, `sale_type_id`, `class_category_id1`, `class_category_id2`, `delivery_duration_id`, `creator_id`, `product_code`, `stock`, `stock_unlimited`, `sale_limit`, `price01`, `price02`, `delivery_fee`, `visible`, `create_date`, `update_date`, `currency_code`, `point_rate`, `discriminator_type`) VALUES
(1,	1,	1,	NULL,	NULL,	NULL,	NULL,	'cube-01',	NULL,	1,	NULL,	115000.00,	110000.00,	NULL,	0,	'2017-03-07 10:14:52',	'2017-03-07 10:14:52',	'JPY',	NULL,	'productclass'),
(2,	1,	1,	3,	6,	NULL,	NULL,	'cube-01',	NULL,	1,	NULL,	115000.00,	110000.00,	NULL,	1,	'2017-03-07 10:14:52',	'2017-03-07 10:14:52',	'JPY',	NULL,	'productclass'),
(3,	1,	1,	3,	5,	NULL,	NULL,	'cube-02',	NULL,	1,	NULL,	95000.00,	93000.00,	NULL,	1,	'2017-03-07 10:14:52',	'2017-03-07 10:14:52',	'JPY',	NULL,	'productclass'),
(4,	1,	1,	3,	4,	NULL,	NULL,	'cube-03',	NULL,	1,	NULL,	75000.00,	74000.00,	NULL,	1,	'2017-03-07 10:14:52',	'2017-03-07 10:14:52',	'JPY',	NULL,	'productclass'),
(5,	1,	1,	2,	6,	NULL,	NULL,	'cube-04',	NULL,	1,	NULL,	95000.00,	93000.00,	NULL,	1,	'2017-03-07 10:14:52',	'2017-03-07 10:14:52',	'JPY',	NULL,	'productclass'),
(6,	1,	1,	2,	5,	NULL,	NULL,	'cube-05',	NULL,	1,	NULL,	50000.00,	49000.00,	NULL,	1,	'2017-03-07 10:14:52',	'2017-03-07 10:14:52',	'JPY',	NULL,	'productclass'),
(7,	1,	1,	2,	4,	NULL,	NULL,	'cube-06',	NULL,	1,	NULL,	35000.00,	34500.00,	NULL,	1,	'2017-03-07 10:14:52',	'2017-03-07 10:14:52',	'JPY',	NULL,	'productclass'),
(8,	1,	1,	1,	6,	NULL,	NULL,	'cube-07',	NULL,	1,	NULL,	NULL,	18000.00,	NULL,	1,	'2017-03-07 10:14:52',	'2017-03-07 10:14:52',	'JPY',	NULL,	'productclass'),
(9,	1,	1,	1,	5,	NULL,	NULL,	'cube-08',	NULL,	1,	NULL,	NULL,	13000.00,	NULL,	1,	'2017-03-07 10:14:52',	'2017-03-07 10:14:52',	'JPY',	NULL,	'productclass'),
(10,	1,	1,	1,	4,	NULL,	NULL,	'cube-09',	NULL,	1,	NULL,	NULL,	5000.00,	NULL,	1,	'2017-03-07 10:14:52',	'2017-03-07 10:14:52',	'JPY',	NULL,	'productclass'),
(11,	2,	1,	NULL,	NULL,	NULL,	1,	'sand-01',	100,	0,	5,	3000.00,	2800.00,	NULL,	1,	'2017-03-07 10:14:52',	'2021-06-23 05:15:47',	'JPY',	NULL,	'productclass'),
(12,	3,	1,	NULL,	NULL,	NULL,	3,	'test',	NULL,	1,	2,	60000.00,	50000.00,	300.00,	1,	'2021-02-13 14:54:13',	'2022-03-30 07:56:49',	'JPY',	NULL,	'productclass'),
(13,	4,	1,	NULL,	NULL,	4,	6,	'ああ',	NULL,	1,	10,	200.00,	200.00,	NULL,	1,	'2021-02-16 08:05:13',	'2021-02-19 00:07:57',	'JPY',	NULL,	'productclass'),
(14,	5,	1,	NULL,	NULL,	3,	7,	'020-00350',	NULL,	1,	10,	298000.00,	298000.00,	NULL,	1,	'2021-02-19 00:20:48',	'2021-03-09 01:28:23',	'JPY',	NULL,	'productclass'),
(15,	6,	1,	NULL,	NULL,	NULL,	7,	'd-121-0020',	0,	0,	5,	200000.00,	200000.00,	880.00,	1,	'2021-02-28 08:05:51',	'2022-01-18 00:34:50',	'JPY',	NULL,	'productclass'),
(16,	7,	1,	NULL,	NULL,	NULL,	1,	'Ｔ－００１２５',	NULL,	1,	NULL,	13000.00,	10000.00,	0.00,	1,	'2021-02-28 08:34:56',	'2021-07-28 07:56:37',	'JPY',	NULL,	'productclass'),
(17,	8,	1,	NULL,	NULL,	NULL,	1,	'R-200220',	NULL,	1,	NULL,	43000.00,	39000.00,	0.00,	1,	'2021-02-28 08:37:06',	'2021-03-18 04:33:58',	'JPY',	NULL,	'productclass'),
(18,	9,	1,	NULL,	NULL,	NULL,	7,	'kzhao50a',	NULL,	1,	100,	200.00,	200.00,	NULL,	0,	'2021-03-17 05:45:45',	'2021-04-06 07:31:33',	'JPY',	NULL,	'productclass'),
(19,	10,	1,	NULL,	NULL,	NULL,	7,	'd-121-0020',	NULL,	1,	5,	200000.00,	200000.00,	NULL,	1,	'2021-03-23 04:33:03',	'2021-03-23 04:33:03',	'JPY',	NULL,	'productclass'),
(20,	11,	1,	NULL,	NULL,	NULL,	7,	'Ｔ−００１２５',	NULL,	1,	NULL,	13000.00,	10000.00,	NULL,	1,	'2021-03-23 04:33:03',	'2021-03-23 04:33:03',	'JPY',	NULL,	'productclass'),
(21,	12,	1,	NULL,	NULL,	NULL,	7,	'R-200220',	NULL,	1,	NULL,	43000.00,	39000.00,	NULL,	1,	'2021-03-23 04:33:03',	'2021-03-23 04:33:03',	'JPY',	NULL,	'productclass'),
(22,	13,	1,	NULL,	NULL,	NULL,	7,	'kzhao50a',	NULL,	1,	100,	200.00,	200.00,	NULL,	1,	'2021-03-23 04:33:03',	'2021-03-23 07:00:10',	'JPY',	NULL,	'productclass'),
(23,	14,	1,	NULL,	NULL,	3,	7,	'020-00350',	NULL,	1,	10,	298000.00,	298000.00,	NULL,	1,	'2021-03-23 04:33:03',	'2021-03-23 04:33:03',	'JPY',	NULL,	'productclass'),
(24,	15,	1,	NULL,	NULL,	NULL,	7,	'Ｔ−００１２５',	NULL,	1,	NULL,	13000.00,	10000.00,	NULL,	1,	'2021-03-23 06:56:35',	'2022-01-18 00:28:12',	'JPY',	NULL,	'productclass'),
(25,	16,	1,	NULL,	NULL,	NULL,	7,	'R-200220',	NULL,	1,	NULL,	43000.00,	39000.00,	NULL,	1,	'2021-03-23 06:57:57',	'2021-03-23 06:57:57',	'JPY',	NULL,	'productclass'),
(26,	17,	1,	NULL,	NULL,	NULL,	13,	'CC9054-52A',	4,	0,	NULL,	250000.00,	200000.00,	0.00,	1,	'2021-03-23 07:38:52',	'2021-07-16 07:21:57',	'JPY',	NULL,	'productclass'),
(27,	18,	1,	NULL,	NULL,	NULL,	1,	NULL,	NULL,	1,	NULL,	5000.00,	10000.00,	NULL,	1,	'2021-03-31 16:51:31',	'2021-07-20 02:09:23',	'JPY',	NULL,	'productclass'),
(28,	19,	1,	NULL,	NULL,	4,	5,	NULL,	NULL,	1,	NULL,	5000.00,	10000.00,	NULL,	1,	'2021-03-31 16:53:50',	'2021-03-31 16:56:21',	'JPY',	NULL,	'productclass'),
(29,	20,	1,	NULL,	NULL,	NULL,	3,	NULL,	NULL,	1,	NULL,	NULL,	50000.00,	NULL,	1,	'2021-04-06 03:41:21',	'2021-04-06 03:41:21',	'JPY',	NULL,	'productclass'),
(30,	9,	1,	9,	NULL,	NULL,	7,	'L',	NULL,	1,	NULL,	1000.00,	900.00,	660.00,	0,	'2021-04-06 06:10:28',	'2021-04-06 06:13:58',	'JPY',	NULL,	'productclass'),
(31,	9,	1,	8,	NULL,	NULL,	7,	'M',	NULL,	1,	NULL,	1000.00,	900.00,	660.00,	0,	'2021-04-06 06:10:28',	'2021-04-06 06:13:58',	'JPY',	NULL,	'productclass'),
(32,	9,	1,	7,	NULL,	NULL,	7,	'S',	NULL,	1,	NULL,	1000.00,	880.00,	660.00,	0,	'2021-04-06 06:10:28',	'2021-04-06 06:13:58',	'JPY',	NULL,	'productclass'),
(33,	9,	1,	9,	13,	NULL,	7,	'L-A',	NULL,	1,	NULL,	200.00,	200.00,	NULL,	1,	'2021-04-06 07:31:33',	'2021-07-29 03:58:29',	'JPY',	NULL,	'productclass'),
(34,	9,	1,	9,	12,	NULL,	7,	'L-P',	NULL,	1,	NULL,	200.00,	200.00,	NULL,	1,	'2021-04-06 07:31:33',	'2021-07-29 03:58:29',	'JPY',	NULL,	'productclass'),
(35,	9,	1,	9,	11,	NULL,	7,	'L-B',	NULL,	1,	NULL,	200.00,	200.00,	NULL,	1,	'2021-04-06 07:31:33',	'2021-07-29 03:58:29',	'JPY',	NULL,	'productclass'),
(36,	9,	1,	9,	10,	NULL,	7,	'L-W',	NULL,	1,	NULL,	200.00,	200.00,	NULL,	1,	'2021-04-06 07:31:33',	'2021-07-29 03:58:29',	'JPY',	NULL,	'productclass'),
(37,	9,	1,	8,	13,	NULL,	7,	'M-A',	50,	0,	NULL,	200.00,	200.00,	NULL,	1,	'2021-04-06 07:31:33',	'2021-07-29 03:58:29',	'JPY',	NULL,	'productclass'),
(38,	9,	1,	8,	12,	NULL,	7,	'M-P',	50,	0,	NULL,	200.00,	200.00,	NULL,	1,	'2021-04-06 07:31:33',	'2021-07-29 03:58:29',	'JPY',	NULL,	'productclass'),
(39,	9,	1,	8,	11,	NULL,	7,	'M-B',	50,	0,	NULL,	200.00,	200.00,	NULL,	1,	'2021-04-06 07:31:33',	'2021-07-29 03:58:29',	'JPY',	NULL,	'productclass'),
(40,	9,	1,	8,	10,	NULL,	7,	'M-W',	50,	0,	NULL,	200.00,	200.00,	NULL,	1,	'2021-04-06 07:31:33',	'2021-07-29 03:58:29',	'JPY',	NULL,	'productclass'),
(41,	9,	1,	7,	13,	NULL,	7,	'S-A',	0,	0,	NULL,	180.00,	180.00,	NULL,	1,	'2021-04-06 07:31:33',	'2021-07-29 03:58:29',	'JPY',	NULL,	'productclass'),
(42,	9,	1,	7,	12,	NULL,	7,	'S-P',	10,	0,	NULL,	180.00,	180.00,	NULL,	1,	'2021-04-06 07:31:33',	'2021-07-29 03:58:29',	'JPY',	NULL,	'productclass'),
(43,	9,	1,	7,	11,	NULL,	7,	'S-B',	10,	0,	NULL,	180.00,	180.00,	NULL,	1,	'2021-04-06 07:31:33',	'2021-07-29 03:58:29',	'JPY',	NULL,	'productclass'),
(44,	9,	1,	7,	10,	NULL,	7,	'S-W',	10,	0,	NULL,	180.00,	180.00,	NULL,	1,	'2021-04-06 07:31:33',	'2021-07-29 03:58:29',	'JPY',	NULL,	'productclass'),
(45,	21,	1,	NULL,	NULL,	4,	6,	'ああ',	NULL,	1,	10,	1200.00,	1200.00,	NULL,	1,	'2021-04-07 05:34:10',	'2021-04-07 05:39:44',	'JPY',	NULL,	'productclass'),
(46,	22,	1,	NULL,	NULL,	4,	6,	'ああ',	NULL,	1,	10,	1200.00,	1200.00,	NULL,	1,	'2021-04-07 05:37:05',	'2021-04-07 05:37:49',	'JPY',	NULL,	'productclass'),
(47,	23,	1,	NULL,	NULL,	4,	6,	'ああ',	NULL,	1,	10,	1200.00,	1200.00,	NULL,	1,	'2021-04-07 05:46:22',	'2021-04-07 05:50:13',	'JPY',	NULL,	'productclass'),
(48,	24,	1,	NULL,	NULL,	4,	6,	'ああ',	NULL,	1,	10,	1200.00,	1200.00,	NULL,	1,	'2021-04-07 05:47:49',	'2021-04-07 05:50:04',	'JPY',	NULL,	'productclass'),
(49,	25,	1,	NULL,	NULL,	4,	6,	'ああ',	NULL,	1,	10,	1200.00,	1200.00,	NULL,	1,	'2021-04-07 05:48:49',	'2021-04-07 05:49:55',	'JPY',	NULL,	'productclass'),
(50,	26,	1,	NULL,	NULL,	4,	1,	'ああ',	NULL,	1,	10,	190000.00,	190000.00,	NULL,	1,	'2021-04-07 08:30:16',	'2021-05-31 00:40:09',	'JPY',	NULL,	'productclass'),
(51,	28,	1,	NULL,	NULL,	4,	1,	'ああ',	NULL,	1,	10,	180000.00,	180000.00,	NULL,	1,	'2021-04-08 01:16:35',	'2021-07-20 02:08:33',	'JPY',	NULL,	'productclass'),
(52,	29,	1,	NULL,	NULL,	4,	1,	'ああ',	NULL,	1,	10,	190000.00,	190000.00,	NULL,	1,	'2021-04-08 01:22:17',	'2021-06-23 05:10:19',	'JPY',	NULL,	'productclass'),
(53,	30,	1,	NULL,	NULL,	4,	1,	'ああ',	NULL,	1,	10,	190000.00,	190000.00,	NULL,	1,	'2021-04-08 01:42:54',	'2021-04-09 05:42:22',	'JPY',	NULL,	'productclass'),
(80,	37,	1,	NULL,	NULL,	4,	1,	'ああ',	NULL,	1,	10,	190000.00,	190000.00,	NULL,	1,	'2021-05-31 00:44:37',	'2021-05-31 00:44:37',	'JPY',	NULL,	'productclass'),
(81,	38,	2,	NULL,	NULL,	NULL,	1,	'haru2020-1',	100,	0,	5,	1000.00,	1000.00,	NULL,	0,	'2021-07-28 07:34:39',	'2021-07-28 07:49:56',	'JPY',	NULL,	'productclass'),
(82,	NULL,	1,	15,	21,	NULL,	1,	'O150',	5,	0,	5,	1000.00,	1000.00,	NULL,	1,	'2021-07-28 07:49:56',	'2021-07-28 07:49:56',	'JPY',	NULL,	'productclass'),
(83,	NULL,	1,	15,	20,	NULL,	1,	'O140',	5,	0,	5,	1000.00,	1000.00,	NULL,	1,	'2021-07-28 07:49:56',	'2021-07-28 07:49:56',	'JPY',	NULL,	'productclass'),
(84,	NULL,	1,	15,	19,	NULL,	1,	'O130',	5,	0,	5,	1000.00,	1000.00,	NULL,	1,	'2021-07-28 07:49:56',	'2021-07-28 07:49:56',	'JPY',	NULL,	'productclass'),
(85,	NULL,	1,	15,	18,	NULL,	1,	'O120',	5,	0,	5,	1000.00,	1000.00,	NULL,	1,	'2021-07-28 07:49:56',	'2021-07-28 07:49:56',	'JPY',	NULL,	'productclass'),
(86,	NULL,	1,	15,	17,	NULL,	1,	'O110',	5,	0,	5,	1000.00,	1000.00,	NULL,	1,	'2021-07-28 07:49:56',	'2021-07-28 07:49:56',	'JPY',	NULL,	'productclass'),
(87,	NULL,	1,	15,	16,	NULL,	1,	'O100',	5,	0,	5,	1000.00,	1000.00,	NULL,	1,	'2021-07-28 07:49:56',	'2021-07-28 07:49:56',	'JPY',	NULL,	'productclass'),
(88,	NULL,	1,	14,	21,	NULL,	1,	'W150',	5,	0,	5,	1000.00,	1000.00,	NULL,	1,	'2021-07-28 07:49:56',	'2021-07-28 07:49:56',	'JPY',	NULL,	'productclass'),
(89,	NULL,	1,	14,	20,	NULL,	1,	'W140',	5,	0,	5,	1000.00,	1000.00,	NULL,	1,	'2021-07-28 07:49:56',	'2021-07-28 07:49:56',	'JPY',	NULL,	'productclass'),
(90,	NULL,	1,	14,	19,	NULL,	1,	'W130',	5,	0,	5,	1000.00,	1000.00,	NULL,	1,	'2021-07-28 07:49:56',	'2021-07-28 07:49:56',	'JPY',	NULL,	'productclass'),
(91,	NULL,	1,	14,	18,	NULL,	1,	'W120',	5,	0,	5,	1000.00,	1000.00,	NULL,	1,	'2021-07-28 07:49:56',	'2021-07-28 07:49:56',	'JPY',	NULL,	'productclass'),
(92,	NULL,	1,	14,	17,	NULL,	1,	'W110',	5,	0,	5,	1000.00,	1000.00,	NULL,	1,	'2021-07-28 07:49:56',	'2021-07-28 07:49:56',	'JPY',	NULL,	'productclass'),
(93,	NULL,	1,	14,	16,	NULL,	1,	'W100',	5,	0,	5,	1000.00,	1000.00,	NULL,	1,	'2021-07-28 07:49:56',	'2021-07-28 07:49:56',	'JPY',	NULL,	'productclass'),
(94,	38,	1,	15,	21,	NULL,	1,	'O150',	5,	0,	5,	1000.00,	1000.00,	NULL,	1,	'2021-07-28 07:49:56',	'2021-07-28 07:49:56',	'JPY',	NULL,	'productclass'),
(95,	38,	1,	15,	20,	NULL,	1,	'O140',	5,	0,	5,	1000.00,	1000.00,	NULL,	1,	'2021-07-28 07:49:56',	'2021-07-28 07:49:56',	'JPY',	NULL,	'productclass'),
(96,	38,	1,	15,	19,	NULL,	1,	'O130',	5,	0,	5,	1000.00,	1000.00,	NULL,	1,	'2021-07-28 07:49:56',	'2021-07-28 07:49:56',	'JPY',	NULL,	'productclass'),
(97,	38,	1,	15,	18,	NULL,	1,	'O120',	5,	0,	5,	1000.00,	1000.00,	NULL,	1,	'2021-07-28 07:49:56',	'2021-07-28 07:49:56',	'JPY',	NULL,	'productclass'),
(98,	38,	1,	15,	17,	NULL,	1,	'O110',	5,	0,	5,	1000.00,	1000.00,	NULL,	1,	'2021-07-28 07:49:56',	'2021-07-28 07:49:56',	'JPY',	NULL,	'productclass'),
(99,	38,	1,	15,	16,	NULL,	1,	'O100',	5,	0,	5,	1000.00,	1000.00,	NULL,	1,	'2021-07-28 07:49:56',	'2021-07-28 07:49:56',	'JPY',	NULL,	'productclass'),
(100,	38,	1,	14,	21,	NULL,	1,	'W150',	5,	0,	5,	1000.00,	1000.00,	NULL,	1,	'2021-07-28 07:49:56',	'2021-07-28 07:49:56',	'JPY',	NULL,	'productclass'),
(101,	38,	1,	14,	20,	NULL,	1,	'W140',	5,	0,	5,	1000.00,	1000.00,	NULL,	1,	'2021-07-28 07:49:56',	'2021-07-28 07:49:56',	'JPY',	NULL,	'productclass'),
(102,	38,	1,	14,	19,	NULL,	1,	'W130',	5,	0,	5,	1000.00,	1000.00,	NULL,	1,	'2021-07-28 07:49:56',	'2021-07-28 07:49:56',	'JPY',	NULL,	'productclass'),
(103,	38,	1,	14,	18,	NULL,	1,	'W120',	5,	0,	5,	1000.00,	1000.00,	NULL,	1,	'2021-07-28 07:49:56',	'2021-07-28 07:49:56',	'JPY',	NULL,	'productclass'),
(104,	38,	1,	14,	17,	NULL,	1,	'W110',	5,	0,	5,	1000.00,	1000.00,	NULL,	1,	'2021-07-28 07:49:56',	'2021-07-28 07:49:56',	'JPY',	NULL,	'productclass'),
(105,	38,	1,	14,	16,	NULL,	1,	'W100',	5,	0,	5,	1000.00,	1000.00,	NULL,	1,	'2021-07-28 07:49:56',	'2021-07-28 07:49:56',	'JPY',	NULL,	'productclass'),
(106,	39,	1,	NULL,	NULL,	3,	1,	'V202112005',	98,	0,	NULL,	3500.00,	3500.00,	NULL,	1,	'2021-12-13 08:32:46',	'2023-07-04 02:35:19',	'JPY',	NULL,	'productclass'),
(107,	40,	1,	NULL,	NULL,	NULL,	22,	NULL,	NULL,	1,	NULL,	300.00,	300.00,	300.00,	1,	'2022-03-07 05:52:55',	'2022-03-07 05:54:59',	'JPY',	NULL,	'productclass'),
(108,	41,	1,	NULL,	NULL,	NULL,	1,	NULL,	10,	0,	NULL,	NULL,	100.00,	NULL,	1,	'2022-03-30 06:20:09',	'2022-04-07 01:05:19',	'JPY',	NULL,	'productclass'),
(109,	42,	1,	NULL,	NULL,	NULL,	1,	NULL,	NULL,	1,	NULL,	NULL,	100.00,	NULL,	1,	'2022-04-01 08:16:04',	'2022-04-01 08:16:04',	'JPY',	NULL,	'productclass'),
(110,	43,	1,	NULL,	NULL,	NULL,	1,	NULL,	NULL,	1,	NULL,	NULL,	1000000.00,	NULL,	1,	'2022-04-04 05:24:34',	'2022-04-04 05:24:34',	'JPY',	NULL,	'productclass'),
(111,	44,	1,	NULL,	NULL,	NULL,	1,	NULL,	NULL,	1,	NULL,	NULL,	100.00,	NULL,	1,	'2022-04-05 05:59:06',	'2022-04-05 06:04:23',	'JPY',	NULL,	'productclass'),
(112,	45,	1,	NULL,	NULL,	3,	23,	'TENSEI RD TM50',	NULL,	1,	10,	39800.00,	39800.00,	NULL,	0,	'2023-05-16 06:53:54',	'2023-05-16 07:55:21',	'JPY',	NULL,	'productclass'),
(113,	NULL,	1,	26,	NULL,	NULL,	23,	NULL,	1,	0,	1,	39800.00,	39800.00,	NULL,	1,	'2023-05-16 07:44:35',	'2023-05-16 07:44:35',	'JPY',	NULL,	'productclass'),
(114,	NULL,	1,	25,	NULL,	NULL,	23,	NULL,	1,	0,	1,	39800.00,	39800.00,	NULL,	1,	'2023-05-16 07:44:35',	'2023-05-16 07:44:35',	'JPY',	NULL,	'productclass'),
(115,	NULL,	1,	24,	NULL,	NULL,	23,	NULL,	0,	0,	1,	39800.00,	39800.00,	NULL,	1,	'2023-05-16 07:44:35',	'2023-05-16 07:44:35',	'JPY',	NULL,	'productclass'),
(116,	45,	1,	26,	NULL,	NULL,	23,	NULL,	1,	0,	1,	39800.00,	39800.00,	NULL,	0,	'2023-05-16 07:44:35',	'2023-05-16 07:54:35',	'JPY',	NULL,	'productclass'),
(117,	45,	1,	25,	NULL,	NULL,	23,	NULL,	1,	0,	1,	39800.00,	39800.00,	NULL,	0,	'2023-05-16 07:44:35',	'2023-05-16 07:54:35',	'JPY',	NULL,	'productclass'),
(118,	45,	1,	24,	NULL,	NULL,	23,	NULL,	0,	0,	1,	39800.00,	39800.00,	NULL,	0,	'2023-05-16 07:44:35',	'2023-05-16 07:54:35',	'JPY',	NULL,	'productclass'),
(119,	NULL,	1,	26,	27,	NULL,	23,	NULL,	2,	0,	NULL,	39800.00,	39800.00,	NULL,	1,	'2023-05-16 07:55:21',	'2023-05-16 07:55:21',	'JPY',	NULL,	'productclass'),
(120,	NULL,	1,	24,	27,	NULL,	23,	NULL,	1,	0,	NULL,	39800.00,	39800.00,	NULL,	1,	'2023-05-16 07:55:21',	'2023-05-16 07:55:21',	'JPY',	NULL,	'productclass'),
(121,	NULL,	1,	25,	27,	NULL,	23,	NULL,	0,	0,	NULL,	39800.00,	39800.00,	NULL,	1,	'2023-05-16 07:55:21',	'2023-05-16 07:55:21',	'JPY',	NULL,	'productclass'),
(122,	45,	1,	26,	27,	NULL,	23,	NULL,	2,	0,	NULL,	39800.00,	39800.00,	NULL,	1,	'2023-05-16 07:55:21',	'2023-05-17 05:04:45',	'JPY',	NULL,	'productclass'),
(123,	45,	1,	24,	27,	NULL,	23,	NULL,	1,	0,	NULL,	39800.00,	39800.00,	NULL,	1,	'2023-05-16 07:55:21',	'2023-05-17 05:04:45',	'JPY',	NULL,	'productclass'),
(124,	45,	1,	25,	27,	NULL,	23,	NULL,	0,	0,	NULL,	39800.00,	39800.00,	NULL,	1,	'2023-05-16 07:55:21',	'2023-05-17 05:04:45',	'JPY',	NULL,	'productclass'),
(125,	45,	1,	26,	28,	NULL,	23,	NULL,	1,	0,	NULL,	NULL,	39800.00,	NULL,	1,	'2023-05-17 05:04:45',	'2023-05-17 05:04:45',	'JPY',	NULL,	'productclass'),
(126,	45,	1,	24,	28,	NULL,	23,	NULL,	1,	0,	NULL,	NULL,	39800.00,	NULL,	1,	'2023-05-17 05:04:45',	'2023-05-17 05:04:45',	'JPY',	NULL,	'productclass'),
(127,	45,	1,	25,	28,	NULL,	23,	NULL,	1,	0,	NULL,	NULL,	39800.00,	NULL,	1,	'2023-05-17 05:04:45',	'2023-05-17 05:04:45',	'JPY',	NULL,	'productclass'),
(128,	46,	2,	NULL,	NULL,	4,	6,	'ああ',	NULL,	1,	10,	1200.00,	1200.00,	NULL,	1,	'2023-05-17 05:50:55',	'2023-05-17 05:51:20',	'JPY',	NULL,	'productclass'),
(129,	48,	1,	NULL,	NULL,	NULL,	1,	NULL,	1,	0,	NULL,	3500.00,	5000.00,	NULL,	1,	'2023-05-17 06:16:46',	'2023-05-18 07:25:22',	'JPY',	NULL,	'productclass'),
(130,	49,	1,	NULL,	NULL,	NULL,	6,	NULL,	1,	0,	NULL,	NULL,	3000.00,	NULL,	1,	'2023-05-17 06:26:47',	'2023-05-17 06:26:47',	'JPY',	NULL,	'productclass'),
(131,	50,	2,	NULL,	NULL,	NULL,	1,	NULL,	NULL,	1,	NULL,	2000.00,	2000.00,	NULL,	1,	'2023-05-18 05:26:55',	'2023-05-18 05:26:55',	'JPY',	NULL,	'productclass');

DROP TABLE IF EXISTS `dtb_product_image`;
CREATE TABLE `dtb_product_image` (
  `id` int(10) unsigned NOT NULL AUTO_INCREMENT,
  `product_id` int(10) unsigned DEFAULT NULL,
  `creator_id` int(10) unsigned DEFAULT NULL,
  `file_name` varchar(255) NOT NULL,
  `sort_no` smallint(5) unsigned NOT NULL,
  `create_date` datetime NOT NULL COMMENT '(DC2Type:datetimetz)',
  `discriminator_type` varchar(255) NOT NULL,
  PRIMARY KEY (`id`),
  KEY `IDX_3267CC7A4584665A` (`product_id`),
  KEY `IDX_3267CC7A61220EA6` (`creator_id`),
  CONSTRAINT `FK_3267CC7A4584665A` FOREIGN KEY (`product_id`) REFERENCES `dtb_product` (`id`),
  CONSTRAINT `FK_3267CC7A61220EA6` FOREIGN KEY (`creator_id`) REFERENCES `dtb_member` (`id`)
) ENGINE=InnoDB DEFAULT CHARSET=utf8;

INSERT INTO `dtb_product_image` (`id`, `product_id`, `creator_id`, `file_name`, `sort_no`, `create_date`, `discriminator_type`) VALUES
(1,	1,	1,	'000000019/cube-1.png',	1,	'2017-03-07 10:14:52',	'productimage'),
(2,	1,	1,	'000000019/cube-2.png',	2,	'2017-03-07 10:14:52',	'productimage'),
(3,	1,	1,	'000000019/cube-3.png',	3,	'2017-03-07 10:14:52',	'productimage'),
(4,	2,	1,	'000000019/sand-1.png',	1,	'2017-03-07 10:14:52',	'productimage'),
(5,	2,	1,	'000000019/sand-2.png',	2,	'2017-03-07 10:14:52',	'productimage'),
(6,	2,	1,	'000000019/sand-3.png',	3,	'2017-03-07 10:14:52',	'productimage'),
(7,	4,	6,	'0216170330_602b7c52d38af.jpg',	1,	'2021-02-16 08:05:13',	'productimage'),
(8,	3,	3,	'000000019/0218091743_602db22792335.jpg',	1,	'2021-02-18 00:17:54',	'productimage'),
(11,	5,	7,	'000000024/0228170041_603b4da9b22c6.jpg',	1,	'2021-02-28 08:00:49',	'productimage'),
(12,	5,	7,	'000000024/0228170046_603b4daebc022.jpg',	2,	'2021-02-28 08:00:49',	'productimage'),
(13,	6,	7,	'000000024/0228170359_603b4e6f24477.jpg',	1,	'2021-02-28 08:05:51',	'productimage'),
(14,	7,	1,	'000000024/0228173208_603b550842843.jpg',	1,	'2021-02-28 08:34:56',	'productimage'),
(15,	8,	1,	'000000024/0228173525_603b55cd530dc.jpg',	1,	'2021-02-28 08:37:06',	'productimage'),
(16,	8,	1,	'000000024/0228173528_603b55d089675.jpg',	2,	'2021-02-28 08:37:06',	'productimage'),
(17,	9,	7,	'000000024/0317144422_60519736b7579.jpg',	1,	'2021-03-17 05:45:45',	'productimage'),
(18,	10,	7,	'000000024/0228170359_603b4e6f24477.jpg',	1,	'2021-03-23 04:33:03',	'productimage'),
(19,	11,	7,	'000000024/0228173208_603b550842843.jpg',	1,	'2021-03-23 04:33:03',	'productimage'),
(20,	12,	7,	'000000024/0228173525_603b55cd530dc.jpg',	1,	'2021-03-23 04:33:03',	'productimage'),
(21,	12,	7,	'000000024/0228173528_603b55d089675.jpg',	2,	'2021-03-23 04:33:03',	'productimage'),
(22,	13,	7,	'000000024/0317144422_60519736b7579.jpg',	1,	'2021-03-23 04:33:03',	'productimage'),
(23,	14,	7,	'000000024/0228170041_603b4da9b22c6.jpg',	1,	'2021-03-23 04:33:03',	'productimage'),
(24,	14,	7,	'000000024/0228170046_603b4daebc022.jpg',	2,	'2021-03-23 04:33:03',	'productimage'),
(25,	15,	7,	'000000024/0323155635_605991237f81f.jpg',	1,	'2021-03-23 06:56:35',	'productimage'),
(26,	16,	7,	'0323155757_6059917512439.jpg',	1,	'2021-03-23 06:57:57',	'productimage'),
(27,	16,	7,	'0323155757_6059917512bf6.jpg',	2,	'2021-03-23 06:57:57',	'productimage'),
(28,	17,	13,	'000000024/0323163628_60599a7ca8c6e.jpg',	1,	'2021-03-23 07:38:52',	'productimage'),
(29,	19,	5,	'000000021/0401015611_6064a9ab1a7f8.png',	1,	'2021-03-31 16:56:21',	'productimage'),
(30,	19,	5,	'000000021/0401015611_6064a9abe8e2f.jpg',	2,	'2021-03-31 16:56:21',	'productimage'),
(31,	20,	3,	'0406124121_606bd861a317a.jpg',	1,	'2021-04-06 03:41:21',	'productimage'),
(33,	21,	6,	'000000022/0407143546_606d44b2ea768.jpg',	1,	'2021-04-07 05:36:30',	'productimage'),
(35,	22,	6,	'000000022/0407143716_606d450cdf77f.jpg',	1,	'2021-04-07 05:37:42',	'productimage'),
(37,	23,	6,	'000000022/0407144719_606d4767239c3.jpg',	1,	'2021-04-07 05:47:31',	'productimage'),
(39,	24,	6,	'000000022/0407144813_606d479dcbc25.jpg',	1,	'2021-04-07 05:48:33',	'productimage'),
(41,	25,	6,	'000000022/0407144904_606d47d0e9d79.jpg',	1,	'2021-04-07 05:49:32',	'productimage'),
(88,	28,	1,	'000000022/0408110034_606e63c2309f2.jpg',	1,	'2021-04-08 02:00:36',	'productimage'),
(91,	30,	1,	'000000021/0409144215_606fe93778059.jpg',	1,	'2021-04-09 05:42:22',	'productimage'),
(92,	29,	1,	'000000021/0409144234_606fe94a62edd.jpg',	1,	'2021-04-09 05:42:36',	'productimage'),
(93,	26,	1,	'000000022/0409144255_606fe95f760fa.jpg',	2,	'2021-04-09 05:43:03',	'productimage'),
(94,	26,	1,	'000000022/0409144301_606fe9656bc8b.jpg',	1,	'2021-04-09 05:43:03',	'productimage'),
(106,	37,	1,	'000000022/0531094437_60b431752c9e4.jpg',	1,	'2021-05-31 00:44:37',	'productimage'),
(107,	37,	1,	'000000022/0531094437_60b431752e095.jpg',	2,	'2021-05-31 00:44:37',	'productimage'),
(109,	38,	1,	'000000019/0728170650_6101101a8d9be.png',	1,	'2021-07-28 08:06:53',	'productimage'),
(110,	39,	20,	'000000040/1213173059_61b704c3d4a25.jpg',	1,	'2021-12-13 08:32:46',	'productimage'),
(111,	40,	22,	'000000041/0307145138_62259d6a6cd10.jpg',	1,	'2022-03-07 05:52:55',	'productimage'),
(112,	41,	1,	'000000043/0330151934_6243f676418a2.jpg',	1,	'2022-03-30 06:20:09',	'productimage'),
(113,	42,	1,	'000000043/0401171446_6246b4769ae27.jpg',	1,	'2022-04-01 08:16:04',	'productimage'),
(114,	45,	23,	'000000042/0516155208_646328189d839.jpg',	1,	'2023-05-16 06:53:54',	'productimage'),
(115,	45,	23,	'000000042/0516155215_6463281f61d73.jpg',	2,	'2023-05-16 06:53:54',	'productimage'),
(116,	45,	23,	'000000042/0516155223_64632827ddd9a.jpg',	3,	'2023-05-16 06:53:54',	'productimage'),
(117,	45,	23,	'000000042/0516155228_6463282c73cee.jpg',	4,	'2023-05-16 06:53:54',	'productimage'),
(118,	45,	23,	'000000042/0516155302_6463284e5b530.jpg',	5,	'2023-05-16 06:53:54',	'productimage'),
(119,	46,	6,	'000000022/0517145055_64646b3f7a955.jpg',	1,	'2023-05-17 05:50:55',	'productimage');

DROP TABLE IF EXISTS `dtb_product_stock`;
CREATE TABLE `dtb_product_stock` (
  `id` int(10) unsigned NOT NULL AUTO_INCREMENT,
  `product_class_id` int(10) unsigned DEFAULT NULL,
  `creator_id` int(10) unsigned DEFAULT NULL,
  `stock` decimal(10,0) DEFAULT NULL,
  `create_date` datetime NOT NULL COMMENT '(DC2Type:datetimetz)',
  `update_date` datetime NOT NULL COMMENT '(DC2Type:datetimetz)',
  `discriminator_type` varchar(255) NOT NULL,
  PRIMARY KEY (`id`),
  KEY `IDX_BC6C9E4521B06187` (`product_class_id`),
  KEY `IDX_BC6C9E4561220EA6` (`creator_id`),
  CONSTRAINT `FK_BC6C9E4521B06187` FOREIGN KEY (`product_class_id`) REFERENCES `dtb_product_class` (`id`),
  CONSTRAINT `FK_BC6C9E4561220EA6` FOREIGN KEY (`creator_id`) REFERENCES `dtb_member` (`id`)
) ENGINE=InnoDB DEFAULT CHARSET=utf8;

INSERT INTO `dtb_product_stock` (`id`, `product_class_id`, `creator_id`, `stock`, `create_date`, `update_date`, `discriminator_type`) VALUES
(1,	1,	NULL,	NULL,	'2017-03-07 10:14:52',	'2017-03-07 10:14:52',	'productstock'),
(2,	2,	NULL,	NULL,	'2017-03-07 10:14:52',	'2017-03-07 10:14:52',	'productstock'),
(3,	3,	NULL,	NULL,	'2017-03-07 10:14:52',	'2017-03-07 10:14:52',	'productstock'),
(4,	4,	NULL,	NULL,	'2017-03-07 10:14:52',	'2017-03-07 10:14:52',	'productstock'),
(5,	5,	NULL,	NULL,	'2017-03-07 10:14:52',	'2017-03-07 10:14:52',	'productstock'),
(6,	6,	NULL,	NULL,	'2017-03-07 10:14:52',	'2017-03-07 10:14:52',	'productstock'),
(7,	7,	NULL,	NULL,	'2017-03-07 10:14:52',	'2017-03-07 10:14:52',	'productstock'),
(8,	8,	NULL,	NULL,	'2017-03-07 10:14:52',	'2017-03-07 10:14:52',	'productstock'),
(9,	9,	NULL,	NULL,	'2017-03-07 10:14:52',	'2017-03-07 10:14:52',	'productstock'),
(10,	10,	NULL,	NULL,	'2017-03-07 10:14:52',	'2017-03-07 10:14:52',	'productstock'),
(11,	11,	1,	100,	'2017-03-07 10:14:52',	'2021-06-23 05:15:47',	'productstock'),
(12,	12,	3,	NULL,	'2021-02-13 14:54:13',	'2021-02-13 14:54:13',	'productstock'),
(13,	13,	6,	NULL,	'2021-02-16 08:05:13',	'2021-02-16 08:05:13',	'productstock'),
(14,	14,	7,	NULL,	'2021-02-19 00:20:48',	'2021-02-19 00:20:48',	'productstock'),
(15,	15,	7,	0,	'2021-02-28 08:05:51',	'2022-01-18 00:34:50',	'productstock'),
(16,	16,	7,	NULL,	'2021-02-28 08:34:56',	'2021-02-28 08:34:56',	'productstock'),
(17,	17,	7,	NULL,	'2021-02-28 08:37:06',	'2021-02-28 08:37:06',	'productstock'),
(18,	18,	1,	NULL,	'2021-03-17 05:45:45',	'2021-03-17 05:45:45',	'productstock'),
(19,	19,	7,	NULL,	'2021-03-23 04:33:03',	'2021-03-23 04:33:03',	'productstock'),
(20,	20,	7,	NULL,	'2021-03-23 04:33:03',	'2021-03-23 04:33:03',	'productstock'),
(21,	21,	7,	NULL,	'2021-03-23 04:33:03',	'2021-03-23 04:33:03',	'productstock'),
(22,	22,	7,	NULL,	'2021-03-23 04:33:03',	'2021-03-23 04:33:03',	'productstock'),
(23,	23,	7,	NULL,	'2021-03-23 04:33:03',	'2021-03-23 04:33:03',	'productstock'),
(24,	24,	7,	NULL,	'2021-03-23 06:56:35',	'2021-03-23 06:56:35',	'productstock'),
(25,	25,	7,	NULL,	'2021-03-23 06:57:57',	'2021-03-23 06:57:57',	'productstock'),
(26,	26,	13,	4,	'2021-03-23 07:38:52',	'2021-07-16 07:21:57',	'productstock'),
(27,	27,	5,	NULL,	'2021-03-31 16:51:31',	'2021-03-31 16:51:31',	'productstock'),
(28,	28,	5,	NULL,	'2021-03-31 16:53:50',	'2021-03-31 16:53:50',	'productstock'),
(29,	29,	3,	NULL,	'2021-04-06 03:41:21',	'2021-04-06 03:41:21',	'productstock'),
(30,	30,	7,	NULL,	'2021-04-06 06:10:28',	'2021-04-06 06:10:28',	'productstock'),
(31,	31,	7,	NULL,	'2021-04-06 06:10:28',	'2021-04-06 06:10:28',	'productstock'),
(32,	32,	7,	NULL,	'2021-04-06 06:10:28',	'2021-04-06 06:10:28',	'productstock'),
(33,	33,	7,	NULL,	'2021-04-06 07:31:33',	'2021-04-06 07:31:33',	'productstock'),
(34,	34,	7,	NULL,	'2021-04-06 07:31:33',	'2021-04-06 07:31:33',	'productstock'),
(35,	35,	7,	NULL,	'2021-04-06 07:31:33',	'2021-04-06 07:31:33',	'productstock'),
(36,	36,	7,	NULL,	'2021-04-06 07:31:33',	'2021-04-06 07:31:33',	'productstock'),
(37,	37,	7,	50,	'2021-04-06 07:31:33',	'2021-07-29 03:58:29',	'productstock'),
(38,	38,	7,	50,	'2021-04-06 07:31:33',	'2021-07-29 03:58:29',	'productstock'),
(39,	39,	7,	50,	'2021-04-06 07:31:33',	'2021-07-29 03:58:29',	'productstock'),
(40,	40,	7,	50,	'2021-04-06 07:31:33',	'2021-07-29 03:58:29',	'productstock'),
(41,	41,	7,	0,	'2021-04-06 07:31:33',	'2021-07-29 03:58:29',	'productstock'),
(42,	42,	7,	10,	'2021-04-06 07:31:33',	'2021-07-29 03:58:29',	'productstock'),
(43,	43,	7,	10,	'2021-04-06 07:31:33',	'2021-07-29 03:58:29',	'productstock'),
(44,	44,	7,	10,	'2021-04-06 07:31:33',	'2021-07-29 03:58:29',	'productstock'),
(45,	45,	6,	NULL,	'2021-04-07 05:34:10',	'2021-04-07 05:34:10',	'productstock'),
(46,	46,	6,	NULL,	'2021-04-07 05:37:05',	'2021-04-07 05:37:05',	'productstock'),
(47,	47,	6,	NULL,	'2021-04-07 05:46:22',	'2021-04-07 05:46:22',	'productstock'),
(48,	48,	6,	NULL,	'2021-04-07 05:47:49',	'2021-04-07 05:47:49',	'productstock'),
(49,	49,	6,	NULL,	'2021-04-07 05:48:49',	'2021-04-07 05:48:49',	'productstock'),
(50,	50,	6,	NULL,	'2021-04-07 08:30:16',	'2021-04-07 08:30:16',	'productstock'),
(51,	51,	6,	NULL,	'2021-04-08 01:16:35',	'2021-04-08 01:16:35',	'productstock'),
(52,	52,	1,	NULL,	'2021-04-08 01:22:17',	'2021-04-08 01:22:17',	'productstock'),
(53,	53,	1,	NULL,	'2021-04-08 01:42:54',	'2021-04-08 01:42:54',	'productstock'),
(80,	80,	1,	NULL,	'2021-05-31 00:44:37',	'2021-05-31 00:44:37',	'productstock'),
(81,	81,	1,	100,	'2021-07-28 07:34:39',	'2021-07-28 07:47:45',	'productstock'),
(82,	94,	1,	5,	'2021-07-28 07:49:56',	'2021-07-28 07:49:56',	'productstock'),
(83,	95,	1,	5,	'2021-07-28 07:49:56',	'2021-07-28 07:49:56',	'productstock'),
(84,	96,	1,	5,	'2021-07-28 07:49:56',	'2021-07-28 07:49:56',	'productstock'),
(85,	97,	1,	5,	'2021-07-28 07:49:56',	'2021-07-28 07:49:56',	'productstock'),
(86,	98,	1,	5,	'2021-07-28 07:49:56',	'2021-07-28 07:49:56',	'productstock'),
(87,	99,	1,	5,	'2021-07-28 07:49:56',	'2021-07-28 07:49:56',	'productstock'),
(88,	100,	1,	5,	'2021-07-28 07:49:56',	'2021-07-28 07:49:56',	'productstock'),
(89,	101,	1,	5,	'2021-07-28 07:49:56',	'2021-07-28 07:49:56',	'productstock'),
(90,	102,	1,	5,	'2021-07-28 07:49:56',	'2021-07-28 07:49:56',	'productstock'),
(91,	103,	1,	5,	'2021-07-28 07:49:56',	'2021-07-28 07:49:56',	'productstock'),
(92,	104,	1,	5,	'2021-07-28 07:49:56',	'2021-07-28 07:49:56',	'productstock'),
(93,	105,	1,	5,	'2021-07-28 07:49:56',	'2021-07-28 07:49:56',	'productstock'),
(94,	106,	1,	98,	'2021-12-13 08:32:46',	'2023-07-04 02:35:19',	'productstock'),
(95,	107,	22,	NULL,	'2022-03-07 05:52:55',	'2022-03-07 05:52:55',	'productstock'),
(96,	108,	1,	10,	'2022-03-30 06:20:09',	'2022-04-07 01:05:19',	'productstock'),
(97,	109,	1,	NULL,	'2022-04-01 08:16:04',	'2022-04-01 08:16:04',	'productstock'),
(98,	110,	1,	NULL,	'2022-04-04 05:24:34',	'2022-04-04 05:24:34',	'productstock'),
(99,	111,	1,	NULL,	'2022-04-05 05:59:06',	'2022-04-05 05:59:06',	'productstock'),
(100,	112,	23,	NULL,	'2023-05-16 06:53:54',	'2023-05-16 06:53:54',	'productstock'),
(101,	116,	23,	1,	'2023-05-16 07:44:35',	'2023-05-16 07:45:21',	'productstock'),
(102,	117,	23,	1,	'2023-05-16 07:44:35',	'2023-05-16 07:45:21',	'productstock'),
(103,	118,	23,	0,	'2023-05-16 07:44:35',	'2023-05-16 07:45:21',	'productstock'),
(104,	122,	23,	2,	'2023-05-16 07:55:21',	'2023-05-17 05:04:45',	'productstock'),
(105,	123,	23,	1,	'2023-05-16 07:55:21',	'2023-05-17 05:04:45',	'productstock'),
(106,	124,	23,	0,	'2023-05-16 07:55:21',	'2023-05-17 05:04:45',	'productstock'),
(107,	125,	23,	1,	'2023-05-17 05:04:45',	'2023-05-17 05:04:45',	'productstock'),
(108,	126,	23,	1,	'2023-05-17 05:04:45',	'2023-05-17 05:04:45',	'productstock'),
(109,	127,	23,	1,	'2023-05-17 05:04:45',	'2023-05-17 05:04:45',	'productstock'),
(110,	128,	6,	NULL,	'2023-05-17 05:50:55',	'2023-05-17 05:50:55',	'productstock'),
(111,	129,	1,	1,	'2023-05-17 06:16:46',	'2023-05-18 07:25:22',	'productstock'),
(112,	130,	6,	1,	'2023-05-17 06:26:47',	'2023-05-17 06:26:47',	'productstock'),
(113,	131,	1,	NULL,	'2023-05-18 05:26:55',	'2023-05-18 05:26:55',	'productstock');

DROP TABLE IF EXISTS `dtb_product_tag`;
CREATE TABLE `dtb_product_tag` (
  `id` int(10) unsigned NOT NULL AUTO_INCREMENT,
  `product_id` int(10) unsigned DEFAULT NULL,
  `tag_id` int(10) unsigned DEFAULT NULL,
  `creator_id` int(10) unsigned DEFAULT NULL,
  `create_date` datetime NOT NULL COMMENT '(DC2Type:datetimetz)',
  `discriminator_type` varchar(255) NOT NULL,
  PRIMARY KEY (`id`),
  KEY `IDX_4433E7214584665A` (`product_id`),
  KEY `IDX_4433E721BAD26311` (`tag_id`),
  KEY `IDX_4433E72161220EA6` (`creator_id`),
  CONSTRAINT `FK_4433E7214584665A` FOREIGN KEY (`product_id`) REFERENCES `dtb_product` (`id`),
  CONSTRAINT `FK_4433E72161220EA6` FOREIGN KEY (`creator_id`) REFERENCES `dtb_member` (`id`),
  CONSTRAINT `FK_4433E721BAD26311` FOREIGN KEY (`tag_id`) REFERENCES `dtb_tag` (`id`)
) ENGINE=InnoDB DEFAULT CHARSET=utf8;

INSERT INTO `dtb_product_tag` (`id`, `product_id`, `tag_id`, `creator_id`, `create_date`, `discriminator_type`) VALUES
(10,	5,	3,	7,	'2021-03-09 01:28:23',	'producttag'),
(30,	10,	2,	7,	'2021-03-23 04:33:03',	'producttag'),
(31,	11,	2,	7,	'2021-03-23 04:33:03',	'producttag'),
(34,	14,	3,	7,	'2021-03-23 04:33:03',	'producttag'),
(36,	13,	2,	7,	'2021-03-23 07:00:10',	'producttag'),
(37,	13,	1,	7,	'2021-03-23 07:00:10',	'producttag'),
(49,	7,	2,	1,	'2021-07-28 07:56:37',	'producttag'),
(55,	38,	3,	1,	'2021-07-28 08:06:53',	'producttag');

DROP TABLE IF EXISTS `dtb_shipping`;
CREATE TABLE `dtb_shipping` (
  `id` int(10) unsigned NOT NULL AUTO_INCREMENT,
  `order_id` int(10) unsigned DEFAULT NULL,
  `country_id` smallint(5) unsigned DEFAULT NULL,
  `pref_id` smallint(5) unsigned DEFAULT NULL,
  `delivery_id` int(10) unsigned DEFAULT NULL,
  `creator_id` int(10) unsigned DEFAULT NULL,
  `name01` varchar(255) NOT NULL,
  `name02` varchar(255) NOT NULL,
  `kana01` varchar(255) DEFAULT NULL,
  `kana02` varchar(255) DEFAULT NULL,
  `company_name` varchar(255) DEFAULT NULL,
  `phone_number` varchar(14) DEFAULT NULL,
  `postal_code` varchar(8) DEFAULT NULL,
  `addr01` varchar(255) DEFAULT NULL,
  `addr02` varchar(255) DEFAULT NULL,
  `delivery_name` varchar(255) DEFAULT NULL,
  `time_id` int(10) unsigned DEFAULT NULL,
  `delivery_time` varchar(255) DEFAULT NULL,
  `delivery_date` datetime DEFAULT NULL COMMENT '(DC2Type:datetimetz)',
  `shipping_date` datetime DEFAULT NULL COMMENT '(DC2Type:datetimetz)',
  `tracking_number` varchar(255) DEFAULT NULL,
  `note` varchar(4000) DEFAULT NULL,
  `sort_no` smallint(5) unsigned DEFAULT NULL,
  `create_date` datetime NOT NULL COMMENT '(DC2Type:datetimetz)',
  `update_date` datetime NOT NULL COMMENT '(DC2Type:datetimetz)',
  `mail_send_date` datetime DEFAULT NULL COMMENT '(DC2Type:datetimetz)',
  `discriminator_type` varchar(255) NOT NULL,
  PRIMARY KEY (`id`),
  KEY `IDX_2EBD22CE8D9F6D38` (`order_id`),
  KEY `IDX_2EBD22CEF92F3E70` (`country_id`),
  KEY `IDX_2EBD22CEE171EF5F` (`pref_id`),
  KEY `IDX_2EBD22CE12136921` (`delivery_id`),
  KEY `IDX_2EBD22CE61220EA6` (`creator_id`),
  CONSTRAINT `FK_2EBD22CE12136921` FOREIGN KEY (`delivery_id`) REFERENCES `dtb_delivery` (`id`),
  CONSTRAINT `FK_2EBD22CE61220EA6` FOREIGN KEY (`creator_id`) REFERENCES `dtb_member` (`id`),
  CONSTRAINT `FK_2EBD22CE8D9F6D38` FOREIGN KEY (`order_id`) REFERENCES `dtb_order` (`id`),
  CONSTRAINT `FK_2EBD22CEE171EF5F` FOREIGN KEY (`pref_id`) REFERENCES `mtb_pref` (`id`),
  CONSTRAINT `FK_2EBD22CEF92F3E70` FOREIGN KEY (`country_id`) REFERENCES `mtb_country` (`id`)
) ENGINE=InnoDB DEFAULT CHARSET=utf8;

INSERT INTO `dtb_shipping` (`id`, `order_id`, `country_id`, `pref_id`, `delivery_id`, `creator_id`, `name01`, `name02`, `kana01`, `kana02`, `company_name`, `phone_number`, `postal_code`, `addr01`, `addr02`, `delivery_name`, `time_id`, `delivery_time`, `delivery_date`, `shipping_date`, `tracking_number`, `note`, `sort_no`, `create_date`, `update_date`, `mail_send_date`, `discriminator_type`) VALUES
(1,	1,	NULL,	28,	4,	NULL,	'テスト',	'太郎',	'テスト',	'タロウ',	'TSPC株式会社',	'1111',	'6680011',	'豊岡市',	'7',	'クロネコヤマト',	NULL,	NULL,	'2021-03-19 15:00:00',	NULL,	NULL,	NULL,	NULL,	'2021-03-01 05:33:35',	'2021-03-01 05:35:49',	NULL,	'shipping'),
(2,	2,	NULL,	26,	5,	NULL,	'チャーチル',	'ライリー',	'チャーチル',	'ライリー',	NULL,	'12312341234',	'6293101',	'京丹後市網野町網野',	'123',	'通常配送',	NULL,	NULL,	NULL,	NULL,	NULL,	NULL,	NULL,	'2021-03-04 08:44:56',	'2021-03-04 08:44:56',	NULL,	'shipping'),
(3,	3,	NULL,	26,	5,	NULL,	'チャーチル',	'ライリー',	'チャーチル',	'ライリー',	NULL,	'12312341234',	'6293101',	'京丹後市網野町網野',	'123',	'通常配送',	NULL,	NULL,	NULL,	NULL,	NULL,	NULL,	NULL,	'2021-03-04 08:46:19',	'2021-03-04 08:46:19',	NULL,	'shipping'),
(4,	4,	NULL,	26,	5,	NULL,	'チャーチル',	'ライリー',	'チャーチル',	'ライリー',	NULL,	'12312341234',	'6293101',	'京丹後市網野町網野',	'123',	'通常配送',	NULL,	NULL,	NULL,	NULL,	NULL,	NULL,	NULL,	'2021-03-09 01:23:19',	'2021-03-09 01:23:19',	NULL,	'shipping'),
(5,	5,	NULL,	26,	4,	NULL,	'チャーチル',	'ライリー',	'チャーチル',	'ライリー',	NULL,	'12312341234',	'6293101',	'京丹後市網野町網野',	'123',	'クロネコヤマト',	NULL,	NULL,	NULL,	NULL,	NULL,	NULL,	NULL,	'2021-03-09 01:28:30',	'2021-03-09 01:28:30',	NULL,	'shipping'),
(6,	6,	NULL,	26,	4,	7,	'チャーチル',	'ライリー',	'チャーチル',	'ライリー',	NULL,	'12312341234',	'6293101',	'京丹後市網野町網野',	'123',	'クロネコヤマト',	NULL,	NULL,	'2021-03-05 15:00:00',	'2021-07-27 00:40:39',	NULL,	NULL,	NULL,	'2021-03-09 01:31:36',	'2021-07-27 00:40:39',	NULL,	'shipping'),
(7,	7,	NULL,	26,	5,	NULL,	'チャーチル',	'ライリー',	'チャーチル',	'ライリー',	NULL,	'12312341234',	'6293101',	'京丹後市網野町網野',	'123',	'通常配送',	NULL,	NULL,	NULL,	NULL,	NULL,	NULL,	NULL,	'2021-03-09 01:36:39',	'2021-03-09 01:36:39',	NULL,	'shipping'),
(8,	8,	NULL,	28,	5,	NULL,	'山本',	'太郎',	'ヤマモト',	'タロウ',	'TSPC株式会社',	'0976224477',	'6680044',	'豊岡市山王町',	'7-7',	'通常配送',	NULL,	NULL,	NULL,	NULL,	NULL,	NULL,	NULL,	'2021-03-09 05:41:17',	'2021-03-09 05:41:17',	NULL,	'shipping'),
(9,	9,	NULL,	28,	4,	7,	'テスト',	'五郎',	'テスト',	'ゴロウ',	'TSPC株式会社',	'0799',	'6680211',	'豊岡市',	'４',	'クロネコヤマト',	NULL,	NULL,	'2021-06-09 15:00:00',	'2021-11-24 04:51:51',	'768206492491',	'出荷テスト6/2',	NULL,	'2021-03-09 07:18:03',	'2021-11-24 04:51:51',	NULL,	'shipping'),
(10,	10,	NULL,	28,	5,	NULL,	'テスト',	'ゴロウ',	'テスト',	'ゴロウ',	'TSPC株式会社',	'079652',	'6680211',	'豊岡市',	'7',	'通常配送',	NULL,	NULL,	NULL,	NULL,	NULL,	NULL,	NULL,	'2021-03-09 07:20:10',	'2021-03-09 07:20:10',	NULL,	'shipping'),
(11,	11,	NULL,	28,	3,	NULL,	'大',	'下',	'テスト',	'イイイ',	'TSPC株式会社',	'0976224477',	'668',	'豊岡市',	'６６',	'ヤマト運輸',	NULL,	NULL,	NULL,	NULL,	NULL,	NULL,	NULL,	'2021-03-11 04:04:33',	'2021-03-11 04:04:33',	NULL,	'shipping'),
(12,	12,	NULL,	28,	5,	NULL,	'大',	'下',	'テスト',	'イイイ',	'TSPC株式会社',	'0976224477',	'668',	'豊岡市',	'６６',	'通常配送',	NULL,	NULL,	NULL,	NULL,	NULL,	NULL,	NULL,	'2021-03-11 04:23:03',	'2021-03-11 04:23:03',	NULL,	'shipping'),
(13,	13,	NULL,	28,	4,	NULL,	'大',	'下',	'テスト',	'イイイ',	'TSPC株式会社',	'0976224477',	'668',	'豊岡市',	'６６',	'クロネコヤマト',	NULL,	NULL,	NULL,	NULL,	NULL,	NULL,	NULL,	'2021-03-11 04:24:19',	'2021-03-11 04:24:19',	NULL,	'shipping'),
(14,	14,	NULL,	28,	5,	NULL,	'大',	'下',	'テスト',	'イイイ',	'TSPC株式会社',	'0976224477',	'668',	'豊岡市',	'６６',	'通常配送',	NULL,	NULL,	NULL,	NULL,	NULL,	NULL,	NULL,	'2021-03-11 04:42:14',	'2021-03-11 04:42:14',	NULL,	'shipping'),
(15,	15,	NULL,	28,	4,	NULL,	'大',	'下',	'テスト',	'イイイ',	'TSPC株式会社',	'0976224477',	'668',	'豊岡市',	'６６',	'クロネコヤマト',	NULL,	NULL,	NULL,	NULL,	NULL,	NULL,	NULL,	'2021-03-11 04:42:26',	'2021-03-11 04:42:26',	NULL,	'shipping'),
(16,	16,	NULL,	28,	5,	NULL,	'大',	'下克己',	'テスト',	'イイイ',	'TSPC株式会社',	'111',	'668',	'豊岡市',	'88',	'通常配送',	NULL,	NULL,	NULL,	NULL,	NULL,	NULL,	NULL,	'2021-03-11 08:42:27',	'2021-03-11 08:42:27',	NULL,	'shipping'),
(17,	17,	NULL,	28,	4,	NULL,	'大',	'下克己',	'テスト',	'イイイ',	'TSPC株式会社',	'111',	'668',	'豊岡市',	'88',	'クロネコヤマト',	NULL,	NULL,	NULL,	NULL,	NULL,	NULL,	NULL,	'2021-03-11 08:43:02',	'2021-03-11 08:43:02',	NULL,	'shipping'),
(18,	18,	NULL,	28,	3,	NULL,	'豊岡',	'太郎',	'トヨオカ',	'タロウ',	'TEE ALL',	'0796239113',	'6680000',	'豊岡市元町',	'１２－７',	'ヤマト運輸',	NULL,	NULL,	NULL,	NULL,	NULL,	NULL,	NULL,	'2021-03-17 02:17:44',	'2021-03-17 02:17:44',	NULL,	'shipping'),
(19,	19,	NULL,	28,	4,	NULL,	'豊岡',	'太郎',	'トヨオカ',	'タロウ',	'TEE ALL',	'0796239113',	'6680000',	'豊岡市元町',	'１２－７',	'クロネコヤマト',	NULL,	NULL,	NULL,	NULL,	NULL,	NULL,	NULL,	'2021-03-17 02:18:02',	'2021-03-17 02:18:02',	NULL,	'shipping'),
(20,	20,	NULL,	28,	4,	NULL,	'豊岡',	'太郎',	'トヨオカ',	'タロウ',	'TEE ALL',	'0796239113',	'6680000',	'豊岡市元町',	'１２－７',	'クロネコヤマト',	NULL,	NULL,	NULL,	NULL,	NULL,	NULL,	NULL,	'2021-03-18 04:26:14',	'2021-03-18 04:26:14',	NULL,	'shipping'),
(21,	21,	NULL,	28,	3,	NULL,	'豊岡',	'太郎',	'トヨオカ',	'タロウ',	'TEE ALL',	'0796239113',	'6680000',	'豊岡市元町',	'１２－７',	'ヤマト運輸',	NULL,	NULL,	NULL,	NULL,	NULL,	NULL,	NULL,	'2021-03-18 05:15:28',	'2021-03-18 05:15:28',	NULL,	'shipping'),
(22,	22,	NULL,	28,	4,	NULL,	'豊岡',	'次郎',	'トヨオカ',	'ジロウ',	NULL,	'0333551111',	'6680055',	'豊岡市昭和町',	'555',	'クロネコヤマト',	NULL,	NULL,	NULL,	NULL,	NULL,	NULL,	NULL,	'2021-03-18 08:39:34',	'2021-03-18 08:46:46',	NULL,	'shipping'),
(23,	23,	NULL,	28,	3,	NULL,	'豊岡',	'太郎',	'トヨオカ',	'タロウ',	'TEE ALL',	'0796239113',	'6680000',	'豊岡市元町',	'１２－７',	'ヤマト運輸',	NULL,	NULL,	NULL,	NULL,	NULL,	NULL,	NULL,	'2021-03-18 09:03:28',	'2021-03-18 09:03:28',	NULL,	'shipping'),
(24,	24,	NULL,	28,	3,	NULL,	'豊岡',	'太郎',	'トヨオカ',	'タロウ',	'TEE ALL',	'0796239113',	'6680000',	'豊岡市元町',	'１２－７',	'ヤマト運輸',	NULL,	NULL,	NULL,	NULL,	NULL,	NULL,	NULL,	'2021-03-19 08:14:22',	'2021-03-19 08:14:22',	NULL,	'shipping'),
(25,	25,	NULL,	28,	4,	NULL,	'豊岡',	'太郎',	'トヨオカ',	'タロウ',	'TEE ALL',	'0796239113',	'6680000',	'豊岡市元町',	'１２－７',	'クロネコヤマト',	NULL,	NULL,	NULL,	NULL,	NULL,	NULL,	NULL,	'2021-03-19 08:14:33',	'2021-03-19 08:14:33',	NULL,	'shipping'),
(26,	26,	NULL,	28,	5,	NULL,	'豊岡',	'太郎',	'トヨオカ',	'タロウ',	'TEE ALL',	'0796239113',	'6680000',	'豊岡市元町',	'１２－７',	'通常配送',	NULL,	NULL,	NULL,	NULL,	NULL,	NULL,	NULL,	'2021-03-19 08:14:57',	'2021-03-19 08:14:57',	NULL,	'shipping'),
(27,	27,	NULL,	26,	5,	NULL,	'チャーチル',	'ライリー',	'チャーチル',	'ライリー',	NULL,	'12312341234',	'6293101',	'京丹後市網野町網野',	'123',	'通常配送',	NULL,	NULL,	NULL,	NULL,	NULL,	NULL,	NULL,	'2021-03-22 13:16:55',	'2021-03-22 13:16:55',	NULL,	'shipping'),
(28,	28,	NULL,	28,	3,	6,	'豊岡',	'太郎',	'トヨオカ',	'タロウ',	'TEE ALL',	'0796239113',	'6680000',	'豊岡市元町',	'１２－７',	'ヤマト運輸',	NULL,	NULL,	NULL,	'2021-04-08 05:26:04',	'123-4568-111-5555',	NULL,	NULL,	'2021-04-08 04:31:39',	'2023-05-17 09:01:03',	'2021-04-08 05:26:04',	'shipping'),
(30,	29,	NULL,	28,	4,	NULL,	'豊岡',	'太郎',	'トヨオカ',	'タロウ',	'TEE ALL',	'0796239113',	'6680000',	'豊岡市元町',	'１２－７',	'クロネコヤマト',	NULL,	NULL,	NULL,	NULL,	NULL,	NULL,	NULL,	'2021-04-08 05:45:03',	'2021-04-08 05:45:24',	NULL,	'shipping'),
(31,	29,	NULL,	28,	4,	NULL,	'豊岡',	'太郎',	'トヨオカ',	'タロウ',	'TEE ALL',	'0796239113',	'6680000',	'豊岡市元町',	'１２－７',	'クロネコヤマト',	NULL,	NULL,	NULL,	NULL,	NULL,	NULL,	NULL,	'2021-04-08 05:45:03',	'2021-04-08 05:45:30',	NULL,	'shipping'),
(50,	31,	NULL,	28,	5,	NULL,	'豊岡',	'太郎',	'トヨオカ',	'タロウ',	'TEE ALL',	'0796239113',	'6680000',	'豊岡市元町',	'１２－７',	'通常配送',	NULL,	NULL,	NULL,	NULL,	NULL,	NULL,	NULL,	'2021-04-08 06:00:22',	'2021-04-08 06:00:22',	NULL,	'shipping'),
(51,	32,	NULL,	28,	3,	NULL,	'豊岡',	'太郎',	'トヨオカ',	'タロウ',	'TEE ALL',	'0796239113',	'6680000',	'豊岡市元町',	'１２－７',	'ヤマト運輸',	NULL,	NULL,	NULL,	NULL,	NULL,	NULL,	NULL,	'2021-04-08 07:04:04',	'2021-04-08 07:04:04',	NULL,	'shipping'),
(53,	33,	NULL,	28,	3,	NULL,	'豊岡',	'太郎',	'トヨオカ',	'タロウ',	'TEE ALL',	'0796239113',	'6680000',	'豊岡市元町',	'１２－７',	'ヤマト運輸',	NULL,	NULL,	NULL,	NULL,	NULL,	NULL,	NULL,	'2021-04-08 07:17:57',	'2021-04-08 07:18:55',	NULL,	'shipping'),
(54,	33,	NULL,	28,	3,	NULL,	'豊岡',	'次郎',	'トヨオカ',	'ジロウ',	NULL,	'0333551111',	'6680055',	'豊岡市昭和町',	'555',	'ヤマト運輸',	NULL,	NULL,	NULL,	NULL,	NULL,	NULL,	NULL,	'2021-04-08 07:17:57',	'2021-04-08 07:18:55',	NULL,	'shipping'),
(55,	33,	NULL,	13,	3,	6,	'東京',	'太郎',	'トウキョウ',	'タロウ',	NULL,	'1111',	'1900155',	'あきる野市網代',	'１２３',	'ヤマト運輸',	NULL,	NULL,	NULL,	NULL,	'1133-1111-44444',	NULL,	NULL,	'2021-04-08 07:17:57',	'2023-05-17 09:06:37',	NULL,	'shipping'),
(56,	34,	NULL,	28,	5,	NULL,	'豊岡',	'太郎',	'トヨオカ',	'タロウ',	'TEE ALL',	'0796239113',	'6680000',	'豊岡市元町',	'１２－７',	'通常配送',	NULL,	NULL,	NULL,	NULL,	NULL,	NULL,	NULL,	'2021-04-08 07:17:57',	'2021-04-08 07:17:57',	NULL,	'shipping'),
(57,	35,	NULL,	26,	4,	NULL,	'test',	'test',	'テスト',	'テスト',	NULL,	'12312341234',	'6293101',	'京丹後市網野町網野',	'123',	'クロネコヤマト',	NULL,	NULL,	NULL,	NULL,	NULL,	NULL,	NULL,	'2021-04-14 03:36:51',	'2021-04-14 03:36:51',	NULL,	'shipping'),
(58,	36,	NULL,	26,	3,	NULL,	'test',	'test',	'テスト',	'テスト',	NULL,	'12312341234',	'6293101',	'京丹後市網野町網野',	'123',	'ヤマト運輸',	NULL,	NULL,	NULL,	NULL,	NULL,	NULL,	NULL,	'2021-04-14 03:56:39',	'2021-04-14 03:56:39',	NULL,	'shipping'),
(59,	37,	NULL,	26,	3,	NULL,	'test',	'test',	'テスト',	'テスト',	NULL,	'12312341234',	'6293101',	'京丹後市網野町網野',	'123',	'ヤマト運輸',	NULL,	NULL,	NULL,	NULL,	NULL,	NULL,	NULL,	'2021-04-14 03:56:55',	'2021-04-14 03:56:55',	NULL,	'shipping'),
(60,	38,	NULL,	28,	3,	NULL,	'豊岡',	'太郎',	'トヨオカ',	'タロウ',	'TEE ALL',	'0796239113',	'6680000',	'豊岡市元町',	'１２－７',	'ヤマト運輸',	NULL,	NULL,	NULL,	NULL,	NULL,	NULL,	NULL,	'2021-04-14 09:48:51',	'2021-04-14 09:48:51',	NULL,	'shipping'),
(61,	39,	NULL,	28,	1,	NULL,	'豊岡',	'太郎',	'トヨオカ',	'タロウ',	'TEE ALL',	'0796239113',	'6680000',	'豊岡市元町',	'１２－７',	'サンプル業者',	NULL,	NULL,	NULL,	NULL,	NULL,	NULL,	NULL,	'2021-04-14 09:49:35',	'2021-04-14 09:50:00',	NULL,	'shipping'),
(69,	47,	NULL,	27,	2,	NULL,	'名',	'前',	'セイ',	'メイ',	'アーキテクトラボ',	'+81123456789',	'5300001',	'大阪市北区梅田',	'西梅田1丁目6-8',	'サンプル宅配',	NULL,	NULL,	NULL,	NULL,	NULL,	NULL,	NULL,	'2021-05-05 07:14:45',	'2021-05-05 07:14:45',	NULL,	'shipping'),
(71,	49,	NULL,	28,	5,	NULL,	'豊岡',	'太郎',	'トヨオカ',	'タロウ',	'TEE ALL',	'0796239113',	'6680000',	'豊岡市元町',	'１２－７',	'通常配送',	NULL,	NULL,	NULL,	NULL,	NULL,	NULL,	NULL,	'2021-05-06 01:49:46',	'2021-05-06 01:50:33',	NULL,	'shipping'),
(78,	56,	NULL,	28,	6,	NULL,	'豊岡',	'太郎',	'トヨオカ',	'タロウ',	'TEE ALL',	'0796239113',	'6680000',	'豊岡市元町',	'１２－７',	'佐川便',	NULL,	NULL,	NULL,	NULL,	NULL,	NULL,	NULL,	'2021-05-06 04:28:24',	'2021-05-06 04:28:24',	NULL,	'shipping'),
(84,	62,	NULL,	28,	2,	NULL,	'山本',	'太郎',	'ヤマモト',	'タロウ',	NULL,	'0796238856',	'6680044',	'豊岡市山王町',	'299',	'サンプル宅配',	NULL,	NULL,	NULL,	NULL,	NULL,	NULL,	NULL,	'2021-05-06 05:20:04',	'2021-05-06 05:20:04',	NULL,	'shipping'),
(85,	63,	NULL,	28,	6,	NULL,	'山本',	'太郎',	'ヤマモト',	'タロウ',	NULL,	'0796238856',	'6680044',	'豊岡市山王町',	'299',	'佐川便',	NULL,	NULL,	NULL,	NULL,	NULL,	NULL,	NULL,	'2021-05-06 05:20:12',	'2021-05-06 05:20:12',	NULL,	'shipping'),
(86,	64,	NULL,	28,	14,	NULL,	'山本',	'太郎',	'ヤマモト',	'タロウ',	NULL,	'0796238856',	'6680044',	'豊岡市山王町',	'299',	'通常配送',	NULL,	NULL,	NULL,	NULL,	NULL,	NULL,	NULL,	'2021-05-06 05:23:28',	'2021-05-06 05:23:28',	NULL,	'shipping'),
(87,	65,	NULL,	28,	2,	NULL,	'山本',	'太郎',	'ヤマモト',	'タロウ',	NULL,	'0796238856',	'6680044',	'豊岡市山王町',	'299',	'サンプル宅配',	NULL,	NULL,	NULL,	NULL,	NULL,	NULL,	NULL,	'2021-05-06 09:54:36',	'2021-05-06 09:54:59',	NULL,	'shipping'),
(88,	66,	NULL,	28,	14,	NULL,	'山本',	'太郎',	'ヤマモト',	'タロウ',	NULL,	'0796238856',	'6680044',	'豊岡市山王町',	'299',	'通常配送',	NULL,	NULL,	NULL,	NULL,	NULL,	NULL,	NULL,	'2021-05-06 09:55:54',	'2021-05-06 09:55:54',	NULL,	'shipping'),
(89,	67,	NULL,	28,	30,	NULL,	'大',	'下克己',	'テスト',	'イイイ',	'TSPC株式会社',	'11228527841',	'668',	'豊岡市',	'5',	'日本通運',	NULL,	NULL,	NULL,	NULL,	NULL,	NULL,	NULL,	'2021-06-01 06:21:43',	'2021-06-01 06:22:43',	NULL,	'shipping'),
(90,	68,	NULL,	28,	14,	NULL,	'大',	'下克己',	'テスト',	'イイイ',	'TSPC株式会社',	'11228527841',	'668',	'豊岡市',	'5',	'通常配送',	NULL,	NULL,	NULL,	NULL,	NULL,	NULL,	NULL,	'2021-06-01 06:24:00',	'2021-06-01 06:24:00',	NULL,	'shipping'),
(91,	69,	NULL,	28,	2,	NULL,	'大',	'下克己',	'テスト',	'イイイ',	'TSPC株式会社',	'11228527841',	'668',	'豊岡市',	'5',	'サンプル宅配',	NULL,	NULL,	NULL,	NULL,	NULL,	NULL,	NULL,	'2021-06-01 06:25:18',	'2021-06-01 06:26:20',	NULL,	'shipping'),
(92,	70,	NULL,	28,	30,	NULL,	'大',	'下克己',	'テスト',	'イイイ',	'TSPC株式会社',	'11228527841',	'668',	'豊岡市',	'5',	'日本通運',	NULL,	NULL,	NULL,	NULL,	NULL,	NULL,	NULL,	'2021-06-01 06:27:17',	'2021-06-01 06:27:17',	NULL,	'shipping'),
(109,	71,	NULL,	1,	4,	NULL,	'北海道',	'太郎',	'ホッカイド',	'タロウ',	NULL,	'0102223333',	'1010022',	'札幌市',	'321',	'クロネコヤマト',	NULL,	NULL,	NULL,	NULL,	NULL,	NULL,	NULL,	'2021-06-01 09:09:48',	'2021-06-01 09:10:12',	NULL,	'shipping'),
(110,	71,	NULL,	1,	4,	NULL,	'北海道',	'太郎',	'ホッカイド',	'タロウ',	NULL,	'0102223333',	'1010022',	'札幌市',	'321',	'クロネコヤマト',	NULL,	NULL,	NULL,	NULL,	NULL,	NULL,	NULL,	'2021-06-01 09:09:48',	'2021-06-01 09:10:17',	NULL,	'shipping'),
(112,	72,	NULL,	1,	30,	NULL,	'北海道',	'太郎',	'ホッカイド',	'タロウ',	NULL,	'0102223333',	'1010022',	'札幌市',	'321',	'日本通運',	NULL,	NULL,	NULL,	NULL,	NULL,	NULL,	NULL,	'2021-06-02 03:00:09',	'2021-06-02 03:00:50',	NULL,	'shipping'),
(113,	72,	NULL,	28,	30,	NULL,	'山本',	'太郎',	'ヤマモト',	'タロウ',	NULL,	'0796238856',	'6680044',	'豊岡市山王町',	'299',	'日本通運',	NULL,	NULL,	NULL,	NULL,	NULL,	NULL,	NULL,	'2021-06-02 03:00:09',	'2021-06-02 03:00:50',	NULL,	'shipping'),
(114,	73,	NULL,	28,	4,	NULL,	'山本',	'太郎',	'ヤマモト',	'タロウ',	NULL,	'0796238856',	'6680044',	'豊岡市山王町',	'299',	'クロネコヤマト',	NULL,	NULL,	NULL,	NULL,	NULL,	NULL,	NULL,	'2021-06-02 03:01:18',	'2021-06-02 03:01:51',	NULL,	'shipping'),
(115,	74,	NULL,	28,	4,	NULL,	'山本',	'太郎',	'ヤマモト',	'タロウ',	NULL,	'0796238856',	'6680044',	'豊岡市山王町',	'299',	'クロネコヤマト',	NULL,	NULL,	NULL,	NULL,	NULL,	NULL,	NULL,	'2021-06-02 03:02:53',	'2021-06-02 03:03:03',	NULL,	'shipping'),
(116,	75,	NULL,	27,	14,	NULL,	'名',	'前',	'セイ',	'メイ',	'アーキテクトラボ',	'+81123456789',	'5300001',	'大阪市北区梅田',	'西梅田1丁目6-8',	'通常配送',	NULL,	NULL,	NULL,	NULL,	NULL,	NULL,	NULL,	'2021-06-25 13:12:42',	'2021-06-25 13:12:42',	NULL,	'shipping'),
(117,	76,	NULL,	27,	14,	NULL,	'名',	'前',	'セイ',	'メイ',	'アーキテクトラボ',	'+81123456789',	'5300001',	'大阪市北区梅田',	'西梅田1丁目6-8',	'通常配送',	NULL,	NULL,	NULL,	NULL,	NULL,	NULL,	NULL,	'2021-06-25 13:15:47',	'2021-06-25 13:15:47',	NULL,	'shipping'),
(118,	77,	NULL,	27,	14,	1,	'名',	'前',	'セイ',	'メイ',	'アーキテクトラボ',	'+81123456789',	'5300001',	'大阪市北区梅田',	'西梅田1丁目6-8',	'通常配送',	NULL,	NULL,	'2021-07-09 15:00:00',	'2021-07-27 00:34:30',	NULL,	NULL,	NULL,	'2021-06-25 13:19:58',	'2021-07-27 00:34:30',	NULL,	'shipping'),
(119,	78,	NULL,	27,	14,	1,	'名',	'前',	'セイ',	'メイ',	'アーキテクトラボ',	'+81123456789',	'5300001',	'大阪市北区梅田',	'西梅田1丁目6-8',	'通常配送',	NULL,	NULL,	NULL,	'2022-03-02 07:32:28',	NULL,	NULL,	NULL,	'2021-06-25 13:23:12',	'2022-03-02 07:32:29',	NULL,	'shipping'),
(120,	79,	NULL,	28,	30,	NULL,	'山本',	'太郎',	'ヤマモト',	'タロウ',	NULL,	'0796238856',	'6680044',	'豊岡市山王町',	'299',	'日本通運',	NULL,	NULL,	NULL,	NULL,	NULL,	NULL,	NULL,	'2021-07-20 05:32:43',	'2021-07-20 05:32:43',	NULL,	'shipping'),
(121,	80,	NULL,	28,	30,	NULL,	'山本',	'太郎',	'ヤマモト',	'タロウ',	NULL,	'0796238856',	'6680044',	'豊岡市山王町',	'299',	'日本通運',	NULL,	NULL,	NULL,	NULL,	NULL,	NULL,	NULL,	'2021-07-20 05:34:54',	'2021-07-20 05:34:54',	NULL,	'shipping'),
(122,	81,	NULL,	28,	6,	7,	'てすと',	'担当者',	'テスト',	'タントウ',	'ＴＳＰＣ株式会社',	'0796346033',	'6680044',	'豊岡市山王町',	'47-8',	'佐川便',	NULL,	NULL,	'2021-07-31 15:00:00',	NULL,	NULL,	NULL,	NULL,	'2021-07-27 07:05:42',	'2021-07-27 07:05:42',	NULL,	'shipping'),
(123,	82,	NULL,	27,	16,	1,	'会員',	'太郎',	'カイイン',	'タロウ',	'大平鐵工',	'0728732673',	'5740051',	'大東市新田境町',	'4-8',	'通常配送',	NULL,	NULL,	'2021-08-09 15:00:00',	NULL,	'768206492491',	'冷蔵便',	NULL,	'2021-07-27 07:45:30',	'2021-07-27 07:45:30',	NULL,	'shipping'),
(124,	83,	NULL,	28,	30,	NULL,	'山本',	'太郎',	'ヤマモト',	'タロウ',	NULL,	'0796238856',	'6680044',	'豊岡市山王町',	'299',	'日本通運',	NULL,	NULL,	NULL,	NULL,	NULL,	NULL,	NULL,	'2021-07-28 06:37:43',	'2021-07-28 06:37:43',	NULL,	'shipping'),
(125,	84,	NULL,	28,	6,	NULL,	'豊岡',	'太郎',	'トヨオカ',	'タロウ',	'TEE ALL',	'0796239113',	'6680000',	'豊岡市元町',	'１２－７',	'佐川便',	NULL,	NULL,	NULL,	NULL,	NULL,	NULL,	NULL,	'2021-11-25 13:23:41',	'2021-11-25 13:23:52',	NULL,	'shipping'),
(126,	85,	NULL,	34,	31,	NULL,	'一元',	'購入',	'アアア',	'イイイ',	NULL,	'1232563333',	'7371377',	'呉市倉橋町',	'１１',	'通常配送',	NULL,	NULL,	'2021-12-28 15:00:00',	NULL,	NULL,	NULL,	NULL,	'2021-12-14 05:56:40',	'2021-12-14 05:57:33',	NULL,	'shipping'),
(127,	86,	NULL,	34,	32,	NULL,	'一元',	'購入',	'アアア',	'イイイ',	NULL,	'1232563333',	'7371377',	'呉市倉橋町',	'１１',	'通常配送',	NULL,	NULL,	NULL,	NULL,	NULL,	NULL,	NULL,	'2021-12-14 05:59:11',	'2021-12-14 06:01:01',	NULL,	'shipping'),
(128,	87,	NULL,	34,	32,	NULL,	'一元',	'購入',	'アアア',	'イイイ',	NULL,	'1232563333',	'7371377',	'呉市倉橋町',	'１１',	'通常配送',	NULL,	NULL,	NULL,	NULL,	NULL,	NULL,	NULL,	'2021-12-14 06:02:33',	'2021-12-14 06:02:33',	NULL,	'shipping'),
(129,	88,	NULL,	34,	32,	NULL,	'一元',	'購入',	'アアア',	'イイイ',	NULL,	'1232563333',	'7371377',	'呉市倉橋町',	'１１',	'通常配送',	NULL,	NULL,	NULL,	NULL,	NULL,	NULL,	NULL,	'2021-12-14 06:05:34',	'2021-12-14 06:05:34',	NULL,	'shipping'),
(130,	89,	NULL,	26,	32,	NULL,	'テスト',	'テスト',	'テスト',	'テスト',	NULL,	'12312341234',	'6293101',	'京丹後市網野町網野',	'123',	'通常配送',	NULL,	NULL,	NULL,	NULL,	NULL,	NULL,	NULL,	'2022-02-08 05:31:36',	'2022-02-08 05:31:36',	NULL,	'shipping'),
(131,	90,	NULL,	28,	4,	1,	'豊岡',	'三郎',	'トヨオカ',	'サブロウ',	NULL,	'0796227744',	'6680015',	'豊岡市一日市',	'528',	'クロネコヤマト',	NULL,	NULL,	NULL,	NULL,	NULL,	NULL,	NULL,	'2022-03-02 05:45:02',	'2022-03-02 05:45:02',	NULL,	'shipping'),
(132,	91,	NULL,	26,	32,	NULL,	'テスト',	'テスト',	'テスト',	'テスト',	NULL,	'12312341234',	'6293101',	'京丹後市網野町網野',	'123',	'通常配送',	NULL,	NULL,	NULL,	NULL,	NULL,	NULL,	NULL,	'2022-03-02 06:35:07',	'2022-03-02 06:35:07',	NULL,	'shipping'),
(133,	92,	NULL,	26,	30,	1,	'test',	'test',	'テスト',	'テスト',	'テスト会社',	'07040254483',	'6293573',	'京丹後市久美浜町出角',	'22',	'日本通運',	NULL,	NULL,	NULL,	'2022-03-30 04:47:22',	'',	NULL,	NULL,	'2022-03-30 04:35:52',	'2022-03-30 04:47:22',	'2022-03-30 04:47:22',	'shipping'),
(134,	93,	NULL,	26,	2,	NULL,	'test',	'test',	'テスト',	'テスト',	'テスト会社',	'11111',	'6293574',	'京丹後市久美浜町',	'111',	'サンプル宅配',	NULL,	NULL,	NULL,	NULL,	NULL,	NULL,	NULL,	'2022-03-30 07:31:26',	'2022-03-30 07:31:26',	NULL,	'shipping'),
(135,	94,	NULL,	26,	39,	NULL,	'test',	'test',	'テスト',	'テスト',	'テスト会社',	'11111',	'6293574',	'京丹後市久美浜町',	'111',	'テスト',	NULL,	NULL,	NULL,	NULL,	NULL,	NULL,	NULL,	'2022-03-30 07:47:39',	'2022-03-30 07:47:39',	NULL,	'shipping'),
(136,	95,	NULL,	26,	14,	NULL,	'test',	'test',	'テスト',	'テスト',	'テスト会社',	'11111',	'6293574',	'京丹後市久美浜町',	'111',	'通常配送',	NULL,	NULL,	NULL,	NULL,	NULL,	NULL,	NULL,	'2022-03-31 02:39:00',	'2022-03-31 02:39:00',	NULL,	'shipping'),
(137,	96,	NULL,	26,	2,	NULL,	'test',	'test',	'テスト',	'テスト',	'テスト会社',	'11111',	'6293574',	'京丹後市久美浜町',	'111',	'サンプル宅配',	NULL,	NULL,	NULL,	NULL,	NULL,	NULL,	NULL,	'2022-03-31 02:41:17',	'2022-03-31 02:41:17',	NULL,	'shipping'),
(140,	97,	NULL,	26,	40,	NULL,	'test',	'test',	'テスト',	'テスト',	'テスト会社',	'11111',	'6293574',	'京丹後市久美浜町',	'111',	'テスト',	NULL,	NULL,	NULL,	NULL,	NULL,	NULL,	NULL,	'2022-03-31 06:06:36',	'2022-03-31 06:12:36',	NULL,	'shipping'),
(141,	98,	NULL,	26,	40,	NULL,	'test',	'test',	'テスト',	'テスト',	'テスト会社',	'11111',	'6293574',	'京丹後市久美浜町',	'111',	'テスト',	NULL,	NULL,	NULL,	NULL,	NULL,	NULL,	NULL,	'2022-03-31 06:25:24',	'2022-03-31 06:25:24',	NULL,	'shipping'),
(143,	99,	NULL,	26,	30,	NULL,	'test',	'test',	'テスト',	'テスト',	'テスト会社',	'11111',	'6293574',	'京丹後市久美浜町',	'111',	'日本通運',	NULL,	NULL,	NULL,	NULL,	NULL,	NULL,	NULL,	'2022-03-31 07:38:17',	'2022-03-31 07:38:36',	NULL,	'shipping'),
(144,	99,	NULL,	26,	6,	NULL,	'test',	'test',	'アア',	'イイ',	'tes',	'07040254483',	'6293574',	'京丹後市久美浜町市場',	'１',	'佐川便',	NULL,	NULL,	NULL,	NULL,	NULL,	NULL,	NULL,	'2022-03-31 07:38:17',	'2022-03-31 07:38:36',	NULL,	'shipping'),
(145,	100,	NULL,	26,	14,	NULL,	'test',	'test',	'テスト',	'テスト',	'テスト会社',	'11111',	'6293574',	'京丹後市久美浜町',	'111',	'通常配送',	NULL,	NULL,	NULL,	NULL,	NULL,	NULL,	NULL,	'2022-04-01 02:03:21',	'2022-04-01 02:03:21',	NULL,	'shipping'),
(146,	101,	NULL,	26,	30,	NULL,	'test',	'test',	'テスト',	'テスト',	'テスト会社',	'11111',	'6293574',	'京丹後市久美浜町',	'111',	'日本通運',	NULL,	NULL,	NULL,	NULL,	NULL,	NULL,	NULL,	'2022-04-01 02:25:44',	'2022-04-01 02:25:44',	NULL,	'shipping'),
(148,	102,	NULL,	26,	3,	NULL,	'test',	'test',	'アア',	'イイ',	'tes',	'07040254483',	'6293574',	'京丹後市久美浜町市場',	'１',	NULL,	NULL,	NULL,	NULL,	NULL,	NULL,	NULL,	NULL,	'2022-04-01 02:28:25',	'2022-04-01 02:28:25',	NULL,	'shipping'),
(149,	102,	NULL,	26,	3,	NULL,	'test',	'test',	'テスト',	'テスト',	'テスト会社',	'11111',	'6293574',	'京丹後市久美浜町',	'111',	NULL,	NULL,	NULL,	NULL,	NULL,	NULL,	NULL,	NULL,	'2022-04-01 02:28:25',	'2022-04-01 02:28:25',	NULL,	'shipping'),
(155,	103,	NULL,	26,	6,	1,	'test',	'test',	'テスト',	'テスト',	'テスト会社',	'11111',	'6293574',	'京丹後市久美浜町',	'111',	'佐川便',	NULL,	NULL,	NULL,	NULL,	NULL,	NULL,	NULL,	'2022-04-01 02:30:31',	'2022-04-01 05:17:16',	NULL,	'shipping'),
(156,	103,	NULL,	26,	30,	NULL,	'test',	'test',	'テスト',	'テスト',	'テスト会社',	'11111',	'6293574',	'京丹後市久美浜町',	'111',	'日本通運',	NULL,	NULL,	NULL,	NULL,	NULL,	NULL,	NULL,	'2022-04-01 02:30:31',	'2022-04-01 02:30:58',	NULL,	'shipping'),
(157,	104,	NULL,	27,	40,	NULL,	'名',	'前',	'セイ',	'メイ',	'アーキテクトラボ',	'+81123456789',	'5300001',	'大阪市北区梅田',	'西梅田1丁目6-8',	'テスト',	NULL,	NULL,	NULL,	NULL,	NULL,	NULL,	NULL,	'2022-04-01 03:58:47',	'2022-04-01 03:58:47',	NULL,	'shipping'),
(162,	105,	NULL,	26,	40,	NULL,	'test',	'test',	'テスト',	'テスト',	'テスト会社',	'11111',	'6293574',	'京丹後市久美浜町',	'111',	'テスト',	NULL,	NULL,	NULL,	NULL,	NULL,	NULL,	NULL,	'2022-04-01 06:02:15',	'2022-04-01 06:02:31',	NULL,	'shipping'),
(163,	105,	NULL,	26,	40,	NULL,	'test',	'test',	'テスト',	'テスト',	'テスト会社',	'11111',	'6293574',	'京丹後市久美浜町',	'111',	'テスト',	NULL,	NULL,	NULL,	NULL,	NULL,	NULL,	NULL,	'2022-04-01 06:02:15',	'2022-04-01 06:07:02',	NULL,	'shipping'),
(174,	106,	NULL,	26,	40,	NULL,	'test',	'test',	'テスト',	'テスト',	'テスト会社',	'11111',	'6293574',	'京丹後市久美浜町',	'111',	'テスト',	NULL,	NULL,	NULL,	NULL,	NULL,	NULL,	NULL,	'2022-04-04 05:16:10',	'2022-04-04 05:16:19',	NULL,	'shipping'),
(175,	106,	NULL,	26,	40,	NULL,	'test',	'test',	'テスト',	'テスト',	'テスト会社',	'11111',	'6293574',	'京丹後市久美浜町',	'111',	'テスト',	NULL,	NULL,	NULL,	NULL,	NULL,	NULL,	NULL,	'2022-04-04 05:16:10',	'2022-04-04 05:16:24',	NULL,	'shipping'),
(176,	107,	NULL,	26,	41,	NULL,	'test',	'test',	'テスト',	'テスト',	'テスト会社',	'11111',	'6293574',	'京丹後市久美浜町',	'111',	'通常配送',	NULL,	NULL,	NULL,	NULL,	NULL,	NULL,	NULL,	'2022-04-04 05:24:53',	'2022-04-04 05:24:53',	NULL,	'shipping'),
(177,	108,	NULL,	26,	30,	NULL,	'test',	'test',	'テスト',	'テスト',	'テスト会社',	'11111',	'6293574',	'京丹後市久美浜町',	'111',	'日本通運',	NULL,	NULL,	NULL,	NULL,	NULL,	NULL,	NULL,	'2022-04-04 05:51:59',	'2022-04-04 05:51:59',	NULL,	'shipping'),
(178,	109,	NULL,	26,	41,	NULL,	'test',	'test',	'テスト',	'テスト',	NULL,	'07040254483',	'6293574',	'京丹後市久美浜町',	'31',	'通常配送',	NULL,	NULL,	NULL,	NULL,	NULL,	NULL,	NULL,	'2022-04-05 04:09:11',	'2022-04-05 04:09:11',	NULL,	'shipping'),
(179,	110,	NULL,	26,	2,	NULL,	'test',	'test',	'テスト',	'テスト',	'テスト会社',	'11111',	'6293574',	'京丹後市久美浜町',	'111',	'サンプル宅配',	NULL,	NULL,	NULL,	NULL,	NULL,	NULL,	NULL,	'2022-04-05 05:44:36',	'2022-04-05 05:44:36',	NULL,	'shipping'),
(180,	111,	NULL,	26,	2,	NULL,	'test',	'test',	'テスト',	'テスト',	'テスト会社',	'11111',	'6293574',	'京丹後市久美浜町',	'111',	'サンプル宅配',	NULL,	NULL,	NULL,	NULL,	NULL,	NULL,	NULL,	'2022-04-05 05:45:15',	'2022-04-05 05:45:15',	NULL,	'shipping'),
(181,	112,	NULL,	26,	35,	NULL,	'test',	'test',	'テスト',	'テスト',	'テスト会社',	'11111',	'6293574',	'京丹後市久美浜町',	'111',	'通常配送',	NULL,	NULL,	NULL,	NULL,	NULL,	NULL,	NULL,	'2022-04-05 05:59:30',	'2022-04-05 05:59:30',	NULL,	'shipping'),
(182,	113,	NULL,	26,	40,	NULL,	'test',	'test',	'テスト',	'テスト',	'テスト会社',	'11111',	'6293574',	'京丹後市久美浜町',	'111',	'テスト',	NULL,	NULL,	NULL,	NULL,	NULL,	NULL,	NULL,	'2022-04-05 06:06:00',	'2022-04-05 06:06:00',	NULL,	'shipping'),
(183,	114,	NULL,	26,	41,	NULL,	'test',	'test',	'テスト',	'テスト',	'テスト会社',	'11111',	'6293574',	'京丹後市久美浜町',	'111',	'通常配送',	NULL,	NULL,	NULL,	NULL,	NULL,	NULL,	NULL,	'2022-04-05 06:24:47',	'2022-04-05 06:24:47',	NULL,	'shipping'),
(184,	115,	NULL,	26,	3,	NULL,	'test',	'test',	'テスト',	'テスト',	NULL,	'07040254483',	'6293574',	'京丹後市久美浜町',	'1',	'ヤマト運輸',	NULL,	NULL,	NULL,	NULL,	NULL,	NULL,	NULL,	'2022-04-05 08:03:10',	'2022-04-05 08:03:10',	NULL,	'shipping'),
(185,	116,	NULL,	26,	41,	NULL,	'test',	'test',	'テスト',	'テスト',	'テスト会社',	'11111',	'6293574',	'京丹後市久美浜町',	'111',	'通常配送',	NULL,	NULL,	NULL,	NULL,	NULL,	NULL,	NULL,	'2022-04-22 08:45:42',	'2022-04-22 08:45:42',	NULL,	'shipping'),
(186,	117,	NULL,	26,	32,	NULL,	'チャーチル',	'ライリー',	'チャーチル',	'ライリー',	NULL,	'12312341234',	'6293101',	'京丹後市網野町網野',	'123',	'通常配送',	NULL,	NULL,	NULL,	NULL,	NULL,	NULL,	NULL,	'2023-05-13 07:49:50',	'2023-05-13 07:49:50',	NULL,	'shipping'),
(187,	118,	NULL,	14,	35,	NULL,	'鈴木',	'誠也',	'スズキ',	'セイヤ',	NULL,	'0796238856',	'6683652',	'横浜市',	'中華街',	'通常配送',	NULL,	NULL,	NULL,	NULL,	NULL,	NULL,	NULL,	'2023-05-17 02:50:43',	'2023-05-17 02:50:43',	NULL,	'shipping'),
(188,	119,	NULL,	28,	35,	NULL,	'山本',	'太郎',	'ヤマモト',	'タロウ',	NULL,	'0796238856',	'6680044',	'豊岡市山王町',	'299',	'通常配送',	NULL,	NULL,	NULL,	NULL,	NULL,	NULL,	NULL,	'2023-05-17 08:32:38',	'2023-05-17 08:32:38',	NULL,	'shipping'),
(189,	120,	NULL,	28,	35,	NULL,	'山本',	'太郎',	'ヤマモト',	'タロウ',	NULL,	'0796238856',	'6680044',	'豊岡市山王町',	'299',	'通常配送',	NULL,	NULL,	NULL,	NULL,	NULL,	NULL,	NULL,	'2023-05-17 09:15:05',	'2023-05-17 09:15:05',	NULL,	'shipping'),
(190,	121,	NULL,	28,	3,	6,	'山本',	'太郎',	'ヤマモト',	'タロウ',	NULL,	'0796238856',	'6680044',	'豊岡市山王町',	'299',	'ヤマト運輸',	7,	'午後（１２時～１６時）',	'2023-05-26 15:00:00',	NULL,	'2323-4456-55896',	NULL,	NULL,	'2023-05-17 09:15:52',	'2023-05-17 09:19:27',	NULL,	'shipping'),
(191,	122,	NULL,	26,	32,	1,	'テスト',	'テスト',	'テスト',	'テスト',	NULL,	'12312341234',	'6293101',	'京丹後市網野町網野',	'123',	'通常配送',	NULL,	NULL,	NULL,	'2023-07-04 02:43:58',	NULL,	NULL,	NULL,	'2023-07-04 02:33:17',	'2023-07-04 02:43:58',	NULL,	'shipping'),
(192,	123,	NULL,	26,	3,	NULL,	'テスト',	'テスト',	'テスト',	'テスト',	NULL,	'12312341234',	'6293101',	'京丹後市網野町網野',	'123',	'ヤマト運輸',	NULL,	NULL,	NULL,	NULL,	NULL,	NULL,	NULL,	'2023-07-04 02:35:56',	'2023-07-04 02:35:56',	NULL,	'shipping'),
(194,	124,	NULL,	26,	3,	1,	'テスト',	'テスト',	'テスト',	'テスト',	NULL,	'12312341234',	'6293101',	'京丹後市網野町網野',	'123',	'ヤマト運輸',	NULL,	NULL,	NULL,	'2023-07-04 02:44:09',	NULL,	NULL,	NULL,	'2023-07-04 02:41:35',	'2023-07-04 02:44:09',	'2023-07-04 02:44:09',	'shipping'),
(195,	125,	NULL,	26,	30,	1,	'テスト',	'テスト',	'テスト',	'テスト',	NULL,	'12312341234',	'6293101',	'京丹後市網野町網野',	'123',	'日本通運',	NULL,	NULL,	NULL,	'2023-07-04 02:44:40',	NULL,	NULL,	NULL,	'2023-07-04 02:41:55',	'2023-07-04 02:44:40',	'2023-07-04 02:44:33',	'shipping'),
(196,	126,	NULL,	26,	33,	NULL,	'テスト',	'テスト',	'テスト',	'テスト',	NULL,	'12312341234',	'6293101',	'京丹後市網野町網野',	'123',	'通常配送',	NULL,	NULL,	NULL,	NULL,	NULL,	NULL,	NULL,	'2023-07-04 02:53:06',	'2023-07-04 02:53:06',	NULL,	'shipping');

DROP TABLE IF EXISTS `dtb_tag`;
CREATE TABLE `dtb_tag` (
  `id` int(10) unsigned NOT NULL AUTO_INCREMENT,
  `name` varchar(255) NOT NULL,
  `sort_no` smallint(5) unsigned NOT NULL,
  `discriminator_type` varchar(255) NOT NULL,
  PRIMARY KEY (`id`)
) ENGINE=InnoDB DEFAULT CHARSET=utf8;

INSERT INTO `dtb_tag` (`id`, `name`, `sort_no`, `discriminator_type`) VALUES
(1,	'新商品',	1,	'tag'),
(2,	'おすすめ商品',	2,	'tag'),
(3,	'限定品',	3,	'tag');

DROP TABLE IF EXISTS `dtb_tax_rule`;
CREATE TABLE `dtb_tax_rule` (
  `id` int(10) unsigned NOT NULL AUTO_INCREMENT,
  `product_class_id` int(10) unsigned DEFAULT NULL,
  `creator_id` int(10) unsigned DEFAULT NULL,
  `country_id` smallint(5) unsigned DEFAULT NULL,
  `pref_id` smallint(5) unsigned DEFAULT NULL,
  `product_id` int(10) unsigned DEFAULT NULL,
  `rounding_type_id` smallint(5) unsigned DEFAULT NULL,
  `tax_rate` decimal(10,0) unsigned NOT NULL DEFAULT 0,
  `tax_adjust` decimal(10,0) unsigned NOT NULL DEFAULT 0,
  `apply_date` datetime NOT NULL COMMENT '(DC2Type:datetimetz)',
  `create_date` datetime NOT NULL COMMENT '(DC2Type:datetimetz)',
  `update_date` datetime NOT NULL COMMENT '(DC2Type:datetimetz)',
  `discriminator_type` varchar(255) NOT NULL,
  PRIMARY KEY (`id`),
  KEY `IDX_59F696DE21B06187` (`product_class_id`),
  KEY `IDX_59F696DE61220EA6` (`creator_id`),
  KEY `IDX_59F696DEF92F3E70` (`country_id`),
  KEY `IDX_59F696DEE171EF5F` (`pref_id`),
  KEY `IDX_59F696DE4584665A` (`product_id`),
  KEY `IDX_59F696DE1BD5C574` (`rounding_type_id`),
  CONSTRAINT `FK_59F696DE1BD5C574` FOREIGN KEY (`rounding_type_id`) REFERENCES `mtb_rounding_type` (`id`),
  CONSTRAINT `FK_59F696DE21B06187` FOREIGN KEY (`product_class_id`) REFERENCES `dtb_product_class` (`id`),
  CONSTRAINT `FK_59F696DE4584665A` FOREIGN KEY (`product_id`) REFERENCES `dtb_product` (`id`),
  CONSTRAINT `FK_59F696DE61220EA6` FOREIGN KEY (`creator_id`) REFERENCES `dtb_member` (`id`),
  CONSTRAINT `FK_59F696DEE171EF5F` FOREIGN KEY (`pref_id`) REFERENCES `mtb_pref` (`id`),
  CONSTRAINT `FK_59F696DEF92F3E70` FOREIGN KEY (`country_id`) REFERENCES `mtb_country` (`id`)
) ENGINE=InnoDB DEFAULT CHARSET=utf8;

INSERT INTO `dtb_tax_rule` (`id`, `product_class_id`, `creator_id`, `country_id`, `pref_id`, `product_id`, `rounding_type_id`, `tax_rate`, `tax_adjust`, `apply_date`, `create_date`, `update_date`, `discriminator_type`) VALUES
(1,	NULL,	NULL,	NULL,	NULL,	NULL,	1,	10,	0,	'2017-03-07 10:14:52',	'2017-03-07 10:14:52',	'2017-03-07 10:14:52',	'taxrule'),
(2,	18,	1,	NULL,	NULL,	9,	1,	10,	0,	'2021-03-17 05:46:36',	'2021-03-17 05:46:36',	'2021-03-17 05:46:36',	'taxrule'),
(3,	15,	7,	NULL,	NULL,	6,	1,	10,	0,	'2021-03-18 04:23:31',	'2021-03-18 04:23:31',	'2021-03-18 04:23:31',	'taxrule'),
(5,	30,	7,	NULL,	NULL,	9,	1,	10,	0,	'2021-04-06 06:10:28',	'2021-04-06 06:10:28',	'2021-04-06 06:10:28',	'taxrule'),
(6,	31,	7,	NULL,	NULL,	9,	1,	10,	0,	'2021-04-06 06:10:28',	'2021-04-06 06:10:28',	'2021-04-06 06:10:28',	'taxrule'),
(7,	32,	7,	NULL,	NULL,	9,	1,	10,	0,	'2021-04-06 06:10:28',	'2021-04-06 06:10:28',	'2021-04-06 06:10:28',	'taxrule'),
(8,	81,	1,	NULL,	NULL,	38,	1,	10,	0,	'2021-07-28 07:39:26',	'2021-07-28 07:39:26',	'2021-07-28 07:39:26',	'taxrule'),
(9,	106,	20,	NULL,	NULL,	39,	1,	8,	0,	'2021-12-14 06:02:15',	'2021-12-14 06:02:15',	'2021-12-14 06:02:15',	'taxrule'),
(10,	107,	22,	NULL,	NULL,	40,	1,	10,	0,	'2022-03-07 05:52:55',	'2022-03-07 05:52:55',	'2022-03-07 05:52:55',	'taxrule'),
(11,	12,	3,	NULL,	NULL,	3,	1,	10,	0,	'2022-03-30 07:28:31',	'2022-03-30 07:28:31',	'2022-03-30 07:28:31',	'taxrule');

DROP TABLE IF EXISTS `dtb_template`;
CREATE TABLE `dtb_template` (
  `id` int(10) unsigned NOT NULL AUTO_INCREMENT,
  `device_type_id` smallint(5) unsigned DEFAULT NULL,
  `template_code` varchar(255) NOT NULL,
  `template_name` varchar(255) NOT NULL,
  `create_date` datetime NOT NULL COMMENT '(DC2Type:datetimetz)',
  `update_date` datetime NOT NULL COMMENT '(DC2Type:datetimetz)',
  `discriminator_type` varchar(255) NOT NULL,
  PRIMARY KEY (`id`),
  KEY `IDX_94C12A694FFA550E` (`device_type_id`),
  CONSTRAINT `FK_94C12A694FFA550E` FOREIGN KEY (`device_type_id`) REFERENCES `mtb_device_type` (`id`)
) ENGINE=InnoDB DEFAULT CHARSET=utf8;

INSERT INTO `dtb_template` (`id`, `device_type_id`, `template_code`, `template_name`, `create_date`, `update_date`, `discriminator_type`) VALUES
(1,	10,	'default',	'デフォルト',	'2017-03-07 10:14:52',	'2017-03-07 10:14:52',	'template');

DROP TABLE IF EXISTS `mtb_authority`;
CREATE TABLE `mtb_authority` (
  `id` smallint(5) unsigned NOT NULL,
  `name` varchar(255) NOT NULL,
  `sort_no` smallint(5) unsigned NOT NULL,
  `discriminator_type` varchar(255) NOT NULL,
  PRIMARY KEY (`id`)
) ENGINE=InnoDB DEFAULT CHARSET=utf8;

INSERT INTO `mtb_authority` (`id`, `name`, `sort_no`, `discriminator_type`) VALUES
(0,	'システム管理者',	0,	'authority'),
(2,	'ショップ',	2,	'authority'),
(3,	'申請者',	3,	'authority');

DROP TABLE IF EXISTS `mtb_country`;
CREATE TABLE `mtb_country` (
  `id` smallint(5) unsigned NOT NULL,
  `name` varchar(255) NOT NULL,
  `sort_no` smallint(5) unsigned NOT NULL,
  `discriminator_type` varchar(255) NOT NULL,
  PRIMARY KEY (`id`)
) ENGINE=InnoDB DEFAULT CHARSET=utf8;

INSERT INTO `mtb_country` (`id`, `name`, `sort_no`, `discriminator_type`) VALUES
(4,	'アフガニスタン',	4,	'country'),
(8,	'アルバニア',	12,	'country'),
(10,	'南極',	149,	'country'),
(12,	'アルジェリア',	9,	'country'),
(16,	'アメリカ領サモア',	7,	'country'),
(20,	'アンドラ',	17,	'country'),
(24,	'アンゴラ',	15,	'country'),
(28,	'アンティグア・バーブーダ',	16,	'country'),
(31,	'アゼルバイジャン',	3,	'country'),
(32,	'アルゼンチン',	10,	'country'),
(36,	'オーストラリア',	39,	'country'),
(40,	'オーストリア',	40,	'country'),
(44,	'バハマ',	167,	'country'),
(48,	'バーレーン',	161,	'country'),
(50,	'バングラデシュ',	175,	'country'),
(51,	'アルメニア',	13,	'country'),
(52,	'バルバドス',	172,	'country'),
(56,	'ベルギー',	201,	'country'),
(60,	'バミューダ諸島|バミューダ',	169,	'country'),
(64,	'ブータン',	181,	'country'),
(68,	'ボリビア|ボリビア多民族国',	206,	'country'),
(70,	'ボスニア・ヘルツェゴビナ',	203,	'country'),
(72,	'ボツワナ',	204,	'country'),
(74,	'ブーベ島',	182,	'country'),
(76,	'ブラジル',	186,	'country'),
(84,	'ベリーズ',	199,	'country'),
(86,	'イギリス領インド洋地域',	20,	'country'),
(90,	'ソロモン諸島',	121,	'country'),
(92,	'イギリス領ヴァージン諸島',	21,	'country'),
(96,	'ブルネイ|ブルネイ・ダルサラーム',	193,	'country'),
(100,	'ブルガリア',	191,	'country'),
(104,	'ミャンマー',	224,	'country'),
(108,	'ブルンジ',	194,	'country'),
(112,	'ベラルーシ',	198,	'country'),
(116,	'カンボジア',	55,	'country'),
(120,	'カメルーン',	53,	'country'),
(124,	'カナダ',	51,	'country'),
(132,	'カーボベルデ',	45,	'country'),
(136,	'ケイマン諸島',	75,	'country'),
(140,	'中央アフリカ共和国',	130,	'country'),
(144,	'スリランカ',	108,	'country'),
(148,	'チャド',	129,	'country'),
(152,	'チリ',	134,	'country'),
(156,	'中華人民共和国|中国',	131,	'country'),
(158,	'台湾',	125,	'country'),
(162,	'クリスマス島 (オーストラリア)|クリスマス島',	71,	'country'),
(166,	'ココス諸島|ココス（キーリング）諸島',	78,	'country'),
(170,	'コロンビア',	81,	'country'),
(174,	'コモロ',	80,	'country'),
(175,	'マヨット',	214,	'country'),
(178,	'コンゴ共和国',	82,	'country'),
(180,	'コンゴ民主共和国',	83,	'country'),
(184,	'クック諸島',	69,	'country'),
(188,	'コスタリカ',	79,	'country'),
(191,	'クロアチア',	74,	'country'),
(192,	'キューバ',	60,	'country'),
(196,	'キプロス',	59,	'country'),
(203,	'チェコ',	128,	'country'),
(204,	'ベナン',	196,	'country'),
(208,	'デンマーク',	136,	'country'),
(212,	'ドミニカ国',	141,	'country'),
(214,	'ドミニカ共和国',	140,	'country'),
(218,	'エクアドル',	33,	'country'),
(222,	'エルサルバドル',	38,	'country'),
(226,	'赤道ギニア',	113,	'country'),
(231,	'エチオピア',	36,	'country'),
(232,	'エリトリア',	37,	'country'),
(233,	'エストニア',	35,	'country'),
(234,	'フェロー諸島',	184,	'country'),
(238,	'フォークランド諸島|フォークランド（マルビナス）諸島',	185,	'country'),
(239,	'サウスジョージア・サウスサンドウィッチ諸島',	85,	'country'),
(242,	'フィジー',	178,	'country'),
(246,	'フィンランド',	180,	'country'),
(248,	'オーランド諸島',	41,	'country'),
(250,	'フランス',	187,	'country'),
(254,	'フランス領ギアナ',	188,	'country'),
(258,	'フランス領ポリネシア',	189,	'country'),
(260,	'フランス領南方・南極地域',	190,	'country'),
(262,	'ジブチ',	94,	'country'),
(266,	'ガボン',	52,	'country'),
(268,	'グルジア',	72,	'country'),
(270,	'ガンビア',	54,	'country'),
(275,	'パレスチナ',	173,	'country'),
(276,	'ドイツ',	137,	'country'),
(288,	'ガーナ',	44,	'country'),
(292,	'ジブラルタル',	95,	'country'),
(296,	'キリバス',	63,	'country'),
(300,	'ギリシャ',	62,	'country'),
(304,	'グリーンランド',	70,	'country'),
(308,	'グレナダ',	73,	'country'),
(312,	'グアドループ',	66,	'country'),
(316,	'グアム',	67,	'country'),
(320,	'グアテマラ',	65,	'country'),
(324,	'ギニア',	57,	'country'),
(328,	'ガイアナ',	47,	'country'),
(332,	'ハイチ',	162,	'country'),
(334,	'ハード島とマクドナルド諸島',	160,	'country'),
(336,	'バチカン|バチカン市国',	164,	'country'),
(340,	'ホンジュラス',	209,	'country'),
(344,	'香港',	208,	'country'),
(348,	'ハンガリー',	174,	'country'),
(352,	'アイスランド',	1,	'country'),
(356,	'インド',	26,	'country'),
(360,	'インドネシア',	27,	'country'),
(364,	'イラン|イラン・イスラム共和国',	25,	'country'),
(368,	'イラク',	24,	'country'),
(372,	'アイルランド',	2,	'country'),
(376,	'イスラエル',	22,	'country'),
(380,	'イタリア',	23,	'country'),
(384,	'コートジボワール',	77,	'country'),
(388,	'ジャマイカ',	97,	'country'),
(392,	'日本',	153,	'country'),
(398,	'カザフスタン',	48,	'country'),
(400,	'ヨルダン',	236,	'country'),
(404,	'ケニア',	76,	'country'),
(408,	'朝鮮民主主義人民共和国',	133,	'country'),
(410,	'大韓民国',	124,	'country'),
(414,	'クウェート',	68,	'country'),
(417,	'キルギス',	64,	'country'),
(418,	'ラオス|ラオス人民民主共和国',	237,	'country'),
(422,	'レバノン',	247,	'country'),
(426,	'レソト',	246,	'country'),
(428,	'ラトビア',	238,	'country'),
(430,	'リベリア',	242,	'country'),
(434,	'リビア',	240,	'country'),
(438,	'リヒテンシュタイン',	241,	'country'),
(440,	'リトアニア',	239,	'country'),
(442,	'ルクセンブルク',	244,	'country'),
(446,	'マカオ',	211,	'country'),
(450,	'マダガスカル',	213,	'country'),
(454,	'マラウイ',	215,	'country'),
(458,	'マレーシア',	219,	'country'),
(462,	'モルディブ',	230,	'country'),
(466,	'マリ共和国|マリ',	216,	'country'),
(470,	'マルタ',	217,	'country'),
(474,	'マルティニーク',	218,	'country'),
(478,	'モーリタニア',	227,	'country'),
(480,	'モーリシャス',	226,	'country'),
(484,	'メキシコ',	225,	'country'),
(492,	'モナコ',	229,	'country'),
(496,	'モンゴル国|モンゴル',	233,	'country'),
(498,	'モルドバ|モルドバ共和国',	231,	'country'),
(499,	'モンテネグロ',	234,	'country'),
(500,	'モントセラト',	235,	'country'),
(504,	'モロッコ',	232,	'country'),
(508,	'モザンビーク',	228,	'country'),
(512,	'オマーン',	42,	'country'),
(516,	'ナミビア',	148,	'country'),
(520,	'ナウル',	147,	'country'),
(524,	'ネパール',	157,	'country'),
(528,	'オランダ',	43,	'country'),
(531,	'キュラソー島|キュラソー',	61,	'country'),
(533,	'アルバ',	11,	'country'),
(534,	'シント・マールテン|シント・マールテン（オランダ領）',	100,	'country'),
(535,	'BES諸島|ボネール、シント・ユースタティウスおよびサバ',	205,	'country'),
(540,	'ニューカレドニア',	155,	'country'),
(548,	'バヌアツ',	166,	'country'),
(554,	'ニュージーランド',	156,	'country'),
(558,	'ニカラグア',	151,	'country'),
(562,	'ニジェール',	152,	'country'),
(566,	'ナイジェリア',	146,	'country'),
(570,	'ニウエ',	150,	'country'),
(574,	'ノーフォーク島',	158,	'country'),
(578,	'ノルウェー',	159,	'country'),
(580,	'北マリアナ諸島',	56,	'country'),
(581,	'合衆国領有小離島',	50,	'country'),
(583,	'ミクロネシア連邦',	221,	'country'),
(584,	'マーシャル諸島',	210,	'country'),
(585,	'パラオ',	170,	'country'),
(586,	'パキスタン',	163,	'country'),
(591,	'パナマ',	165,	'country'),
(598,	'パプアニューギニア',	168,	'country'),
(600,	'パラグアイ',	171,	'country'),
(604,	'ペルー',	200,	'country'),
(608,	'フィリピン',	179,	'country'),
(612,	'ピトケアン諸島|ピトケアン',	177,	'country'),
(616,	'ポーランド',	202,	'country'),
(620,	'ポルトガル',	207,	'country'),
(624,	'ギニアビサウ',	58,	'country'),
(626,	'東ティモール',	176,	'country'),
(630,	'プエルトリコ',	183,	'country'),
(634,	'カタール',	49,	'country'),
(638,	'レユニオン',	248,	'country'),
(642,	'ルーマニア',	243,	'country'),
(643,	'ロシア|ロシア連邦',	249,	'country'),
(646,	'ルワンダ',	245,	'country'),
(652,	'サン・バルテルミー島|サン・バルテルミー',	88,	'country'),
(654,	'セントヘレナ・アセンションおよびトリスタンダクーニャ',	118,	'country'),
(659,	'セントクリストファー・ネイビス',	116,	'country'),
(660,	'アンギラ',	14,	'country'),
(662,	'セントルシア',	119,	'country'),
(663,	'サン・マルタン (西インド諸島)|サン・マルタン（フランス領）',	92,	'country'),
(666,	'サンピエール島・ミクロン島',	90,	'country'),
(670,	'セントビンセント・グレナディーン|セントビンセントおよびグレナディーン諸島',	117,	'country'),
(674,	'サンマリノ',	91,	'country'),
(678,	'サントメ・プリンシペ',	87,	'country'),
(682,	'サウジアラビア',	84,	'country'),
(686,	'セネガル',	114,	'country'),
(688,	'セルビア',	115,	'country'),
(690,	'セーシェル',	112,	'country'),
(694,	'シエラレオネ',	93,	'country'),
(702,	'シンガポール',	99,	'country'),
(703,	'スロバキア',	109,	'country'),
(704,	'ベトナム',	195,	'country'),
(705,	'スロベニア',	110,	'country'),
(706,	'ソマリア',	120,	'country'),
(710,	'南アフリカ共和国|南アフリカ',	222,	'country'),
(716,	'ジンバブエ',	101,	'country'),
(724,	'スペイン',	106,	'country'),
(728,	'南スーダン',	223,	'country'),
(729,	'スーダン',	104,	'country'),
(732,	'西サハラ',	154,	'country'),
(740,	'スリナム',	107,	'country'),
(744,	'スヴァールバル諸島およびヤンマイエン島',	105,	'country'),
(748,	'スワジランド',	111,	'country'),
(752,	'スウェーデン',	103,	'country'),
(756,	'スイス',	102,	'country'),
(760,	'シリア|シリア・アラブ共和国',	98,	'country'),
(762,	'タジキスタン',	126,	'country'),
(764,	'タイ王国|タイ',	123,	'country'),
(768,	'トーゴ',	138,	'country'),
(772,	'トケラウ',	139,	'country'),
(776,	'トンガ',	145,	'country'),
(780,	'トリニダード・トバゴ',	142,	'country'),
(784,	'アラブ首長国連邦',	8,	'country'),
(788,	'チュニジア',	132,	'country'),
(792,	'トルコ',	144,	'country'),
(795,	'トルクメニスタン',	143,	'country'),
(796,	'タークス・カイコス諸島',	122,	'country'),
(798,	'ツバル',	135,	'country'),
(800,	'ウガンダ',	29,	'country'),
(804,	'ウクライナ',	30,	'country'),
(807,	'マケドニア共和国|マケドニア旧ユーゴスラビア共和国',	212,	'country'),
(818,	'エジプト',	34,	'country'),
(826,	'イギリス',	19,	'country'),
(831,	'ガーンジー',	46,	'country'),
(832,	'ジャージー',	96,	'country'),
(833,	'マン島',	220,	'country'),
(834,	'タンザニア',	127,	'country'),
(840,	'アメリカ合衆国',	5,	'country'),
(850,	'アメリカ領ヴァージン諸島',	6,	'country'),
(854,	'ブルキナファソ',	192,	'country'),
(858,	'ウルグアイ',	32,	'country'),
(860,	'ウズベキスタン',	31,	'country'),
(862,	'ベネズエラ|ベネズエラ・ボリバル共和国',	197,	'country'),
(876,	'ウォリス・フツナ',	28,	'country'),
(882,	'サモア',	86,	'country'),
(887,	'イエメン',	18,	'country'),
(894,	'ザンビア',	89,	'country');

DROP TABLE IF EXISTS `mtb_csv_type`;
CREATE TABLE `mtb_csv_type` (
  `id` smallint(5) unsigned NOT NULL,
  `name` varchar(255) NOT NULL,
  `sort_no` smallint(5) unsigned NOT NULL,
  `discriminator_type` varchar(255) NOT NULL,
  PRIMARY KEY (`id`)
) ENGINE=InnoDB DEFAULT CHARSET=utf8;

INSERT INTO `mtb_csv_type` (`id`, `name`, `sort_no`, `discriminator_type`) VALUES
(1,	'商品CSV',	3,	'csvtype'),
(2,	'会員CSV',	4,	'csvtype'),
(3,	'受注CSV',	1,	'csvtype'),
(4,	'配送CSV',	1,	'csvtype'),
(5,	'カテゴリCSV',	5,	'csvtype'),
(6,	'商品レビューCSV',	6,	'csvtype');

DROP TABLE IF EXISTS `mtb_customer_order_status`;
CREATE TABLE `mtb_customer_order_status` (
  `id` smallint(5) unsigned NOT NULL,
  `name` varchar(255) NOT NULL,
  `sort_no` smallint(5) unsigned NOT NULL,
  `discriminator_type` varchar(255) NOT NULL,
  PRIMARY KEY (`id`)
) ENGINE=InnoDB DEFAULT CHARSET=utf8;

INSERT INTO `mtb_customer_order_status` (`id`, `name`, `sort_no`, `discriminator_type`) VALUES
(1,	'注文受付',	0,	'customerorderstatus'),
(3,	'注文取消し',	4,	'customerorderstatus'),
(4,	'注文受付',	3,	'customerorderstatus'),
(5,	'発送済み',	6,	'customerorderstatus'),
(6,	'注文受付',	2,	'customerorderstatus'),
(7,	'注文受付',	1,	'customerorderstatus'),
(8,	'注文未完了',	5,	'customerorderstatus'),
(9,	'返品',	7,	'customerorderstatus');

DROP TABLE IF EXISTS `mtb_customer_status`;
CREATE TABLE `mtb_customer_status` (
  `id` smallint(5) unsigned NOT NULL,
  `name` varchar(255) NOT NULL,
  `sort_no` smallint(5) unsigned NOT NULL,
  `discriminator_type` varchar(255) NOT NULL,
  PRIMARY KEY (`id`)
) ENGINE=InnoDB DEFAULT CHARSET=utf8;

INSERT INTO `mtb_customer_status` (`id`, `name`, `sort_no`, `discriminator_type`) VALUES
(1,	'仮会員',	0,	'customerstatus'),
(2,	'本会員',	1,	'customerstatus'),
(3,	'退会',	2,	'customerstatus');

DROP TABLE IF EXISTS `mtb_device_type`;
CREATE TABLE `mtb_device_type` (
  `id` smallint(5) unsigned NOT NULL,
  `name` varchar(255) NOT NULL,
  `sort_no` smallint(5) unsigned NOT NULL,
  `discriminator_type` varchar(255) NOT NULL,
  PRIMARY KEY (`id`)
) ENGINE=InnoDB DEFAULT CHARSET=utf8;

INSERT INTO `mtb_device_type` (`id`, `name`, `sort_no`, `discriminator_type`) VALUES
(2,	'モバイル',	0,	'devicetype'),
(10,	'PC',	1,	'devicetype');

DROP TABLE IF EXISTS `mtb_job`;
CREATE TABLE `mtb_job` (
  `id` smallint(5) unsigned NOT NULL,
  `name` varchar(255) NOT NULL,
  `sort_no` smallint(5) unsigned NOT NULL,
  `discriminator_type` varchar(255) NOT NULL,
  PRIMARY KEY (`id`)
) ENGINE=InnoDB DEFAULT CHARSET=utf8;

INSERT INTO `mtb_job` (`id`, `name`, `sort_no`, `discriminator_type`) VALUES
(1,	'公務員',	0,	'job'),
(2,	'コンサルタント',	1,	'job'),
(3,	'コンピューター関連技術職',	2,	'job'),
(4,	'コンピューター関連以外の技術職',	3,	'job'),
(5,	'金融関係',	4,	'job'),
(6,	'医師',	5,	'job'),
(7,	'弁護士',	6,	'job'),
(8,	'総務・人事・事務',	7,	'job'),
(9,	'営業・販売',	8,	'job'),
(10,	'研究・開発',	9,	'job'),
(11,	'広報・宣伝',	10,	'job'),
(12,	'企画・マーケティング',	11,	'job'),
(13,	'デザイン関係',	12,	'job'),
(14,	'会社経営・役員',	13,	'job'),
(15,	'出版・マスコミ関係',	14,	'job'),
(16,	'学生・フリーター',	15,	'job'),
(17,	'主婦',	16,	'job'),
(18,	'その他',	17,	'job');

DROP TABLE IF EXISTS `mtb_order_item_type`;
CREATE TABLE `mtb_order_item_type` (
  `id` smallint(5) unsigned NOT NULL,
  `name` varchar(255) NOT NULL,
  `sort_no` smallint(5) unsigned NOT NULL,
  `discriminator_type` varchar(255) NOT NULL,
  PRIMARY KEY (`id`)
) ENGINE=InnoDB DEFAULT CHARSET=utf8;

INSERT INTO `mtb_order_item_type` (`id`, `name`, `sort_no`, `discriminator_type`) VALUES
(1,	'商品',	0,	'orderitemtype'),
(2,	'送料',	1,	'orderitemtype'),
(3,	'手数料',	2,	'orderitemtype'),
(4,	'割引',	3,	'orderitemtype'),
(5,	'税',	4,	'orderitemtype'),
(6,	'ポイント',	5,	'orderitemtype');

DROP TABLE IF EXISTS `mtb_order_status`;
CREATE TABLE `mtb_order_status` (
  `id` smallint(5) unsigned NOT NULL,
  `display_order_count` tinyint(1) NOT NULL DEFAULT 0,
  `name` varchar(255) NOT NULL,
  `sort_no` smallint(5) unsigned NOT NULL,
  `discriminator_type` varchar(255) NOT NULL,
  PRIMARY KEY (`id`)
) ENGINE=InnoDB DEFAULT CHARSET=utf8;

INSERT INTO `mtb_order_status` (`id`, `display_order_count`, `name`, `sort_no`, `discriminator_type`) VALUES
(1,	1,	'新規受付',	0,	'orderstatus'),
(3,	0,	'注文取消し',	3,	'orderstatus'),
(4,	1,	'対応中',	2,	'orderstatus'),
(5,	0,	'発送済み',	4,	'orderstatus'),
(6,	1,	'入金済み',	1,	'orderstatus'),
(7,	0,	'決済処理中',	6,	'orderstatus'),
(8,	0,	'購入処理中',	5,	'orderstatus'),
(9,	0,	'返品',	7,	'orderstatus');

DROP TABLE IF EXISTS `mtb_order_status_color`;
CREATE TABLE `mtb_order_status_color` (
  `id` smallint(5) unsigned NOT NULL,
  `name` varchar(255) NOT NULL,
  `sort_no` smallint(5) unsigned NOT NULL,
  `discriminator_type` varchar(255) NOT NULL,
  PRIMARY KEY (`id`)
) ENGINE=InnoDB DEFAULT CHARSET=utf8;

INSERT INTO `mtb_order_status_color` (`id`, `name`, `sort_no`, `discriminator_type`) VALUES
(1,	'#437ec4',	0,	'orderstatuscolor'),
(3,	'#C04949',	3,	'orderstatuscolor'),
(4,	'#EEB128',	2,	'orderstatuscolor'),
(5,	'#25B877',	4,	'orderstatuscolor'),
(6,	'#25B877',	1,	'orderstatuscolor'),
(7,	'#A3A3A3',	6,	'orderstatuscolor'),
(8,	'#A3A3A3',	5,	'orderstatuscolor'),
(9,	'#C04949',	7,	'orderstatuscolor');

DROP TABLE IF EXISTS `mtb_page_max`;
CREATE TABLE `mtb_page_max` (
  `id` smallint(5) unsigned NOT NULL,
  `name` varchar(255) NOT NULL,
  `sort_no` smallint(5) unsigned NOT NULL,
  `discriminator_type` varchar(255) NOT NULL,
  PRIMARY KEY (`id`)
) ENGINE=InnoDB DEFAULT CHARSET=utf8;

INSERT INTO `mtb_page_max` (`id`, `name`, `sort_no`, `discriminator_type`) VALUES
(10,	'10',	0,	'pagemax'),
(20,	'20',	1,	'pagemax'),
(30,	'30',	2,	'pagemax'),
(40,	'40',	3,	'pagemax'),
(50,	'50',	4,	'pagemax'),
(60,	'60',	5,	'pagemax'),
(70,	'70',	6,	'pagemax'),
(80,	'80',	7,	'pagemax'),
(90,	'90',	8,	'pagemax'),
(100,	'100',	9,	'pagemax');

DROP TABLE IF EXISTS `mtb_pref`;
CREATE TABLE `mtb_pref` (
  `id` smallint(5) unsigned NOT NULL,
  `name` varchar(255) NOT NULL,
  `sort_no` smallint(5) unsigned NOT NULL,
  `discriminator_type` varchar(255) NOT NULL,
  PRIMARY KEY (`id`)
) ENGINE=InnoDB DEFAULT CHARSET=utf8;

INSERT INTO `mtb_pref` (`id`, `name`, `sort_no`, `discriminator_type`) VALUES
(1,	'北海道',	1,	'pref'),
(2,	'青森県',	2,	'pref'),
(3,	'岩手県',	3,	'pref'),
(4,	'宮城県',	4,	'pref'),
(5,	'秋田県',	5,	'pref'),
(6,	'山形県',	6,	'pref'),
(7,	'福島県',	7,	'pref'),
(8,	'茨城県',	8,	'pref'),
(9,	'栃木県',	9,	'pref'),
(10,	'群馬県',	10,	'pref'),
(11,	'埼玉県',	11,	'pref'),
(12,	'千葉県',	12,	'pref'),
(13,	'東京都',	13,	'pref'),
(14,	'神奈川県',	14,	'pref'),
(15,	'新潟県',	15,	'pref'),
(16,	'富山県',	16,	'pref'),
(17,	'石川県',	17,	'pref'),
(18,	'福井県',	18,	'pref'),
(19,	'山梨県',	19,	'pref'),
(20,	'長野県',	20,	'pref'),
(21,	'岐阜県',	21,	'pref'),
(22,	'静岡県',	22,	'pref'),
(23,	'愛知県',	23,	'pref'),
(24,	'三重県',	24,	'pref'),
(25,	'滋賀県',	25,	'pref'),
(26,	'京都府',	26,	'pref'),
(27,	'大阪府',	27,	'pref'),
(28,	'兵庫県',	28,	'pref'),
(29,	'奈良県',	29,	'pref'),
(30,	'和歌山県',	30,	'pref'),
(31,	'鳥取県',	31,	'pref'),
(32,	'島根県',	32,	'pref'),
(33,	'岡山県',	33,	'pref'),
(34,	'広島県',	34,	'pref'),
(35,	'山口県',	35,	'pref'),
(36,	'徳島県',	36,	'pref'),
(37,	'香川県',	37,	'pref'),
(38,	'愛媛県',	38,	'pref'),
(39,	'高知県',	39,	'pref'),
(40,	'福岡県',	40,	'pref'),
(41,	'佐賀県',	41,	'pref'),
(42,	'長崎県',	42,	'pref'),
(43,	'熊本県',	43,	'pref'),
(44,	'大分県',	44,	'pref'),
(45,	'宮崎県',	45,	'pref'),
(46,	'鹿児島県',	46,	'pref'),
(47,	'沖縄県',	47,	'pref');

DROP TABLE IF EXISTS `mtb_product_list_max`;
CREATE TABLE `mtb_product_list_max` (
  `id` smallint(5) unsigned NOT NULL,
  `name` varchar(255) NOT NULL,
  `sort_no` smallint(5) unsigned NOT NULL,
  `discriminator_type` varchar(255) NOT NULL,
  PRIMARY KEY (`id`)
) ENGINE=InnoDB DEFAULT CHARSET=utf8;

INSERT INTO `mtb_product_list_max` (`id`, `name`, `sort_no`, `discriminator_type`) VALUES
(20,	'20件',	0,	'productlistmax'),
(40,	'40件',	1,	'productlistmax'),
(60,	'60件',	2,	'productlistmax');

DROP TABLE IF EXISTS `mtb_product_list_order_by`;
CREATE TABLE `mtb_product_list_order_by` (
  `id` smallint(5) unsigned NOT NULL,
  `name` varchar(255) NOT NULL,
  `sort_no` smallint(5) unsigned NOT NULL,
  `discriminator_type` varchar(255) NOT NULL,
  PRIMARY KEY (`id`)
) ENGINE=InnoDB DEFAULT CHARSET=utf8;

INSERT INTO `mtb_product_list_order_by` (`id`, `name`, `sort_no`, `discriminator_type`) VALUES
(1,	'価格が低い順',	0,	'productlistorderby'),
(2,	'新着順',	2,	'productlistorderby'),
(3,	'価格が高い順',	1,	'productlistorderby');

DROP TABLE IF EXISTS `mtb_product_status`;
CREATE TABLE `mtb_product_status` (
  `id` smallint(5) unsigned NOT NULL,
  `name` varchar(255) NOT NULL,
  `sort_no` smallint(5) unsigned NOT NULL,
  `discriminator_type` varchar(255) NOT NULL,
  PRIMARY KEY (`id`)
) ENGINE=InnoDB DEFAULT CHARSET=utf8;

INSERT INTO `mtb_product_status` (`id`, `name`, `sort_no`, `discriminator_type`) VALUES
(1,	'公開',	0,	'productstatus'),
(2,	'非公開',	1,	'productstatus'),
(3,	'廃止',	2,	'productstatus');

DROP TABLE IF EXISTS `mtb_rounding_type`;
CREATE TABLE `mtb_rounding_type` (
  `id` smallint(5) unsigned NOT NULL,
  `name` varchar(255) NOT NULL,
  `sort_no` smallint(5) unsigned NOT NULL,
  `discriminator_type` varchar(255) NOT NULL,
  PRIMARY KEY (`id`)
) ENGINE=InnoDB DEFAULT CHARSET=utf8;

INSERT INTO `mtb_rounding_type` (`id`, `name`, `sort_no`, `discriminator_type`) VALUES
(1,	'四捨五入',	0,	'roundingtype'),
(2,	'切り捨て',	1,	'roundingtype'),
(3,	'切り上げ',	2,	'roundingtype');

DROP TABLE IF EXISTS `mtb_sale_type`;
CREATE TABLE `mtb_sale_type` (
  `id` smallint(5) unsigned NOT NULL,
  `name` varchar(255) NOT NULL,
  `sort_no` smallint(5) unsigned NOT NULL,
  `discriminator_type` varchar(255) NOT NULL,
  PRIMARY KEY (`id`)
) ENGINE=InnoDB DEFAULT CHARSET=utf8;

INSERT INTO `mtb_sale_type` (`id`, `name`, `sort_no`, `discriminator_type`) VALUES
(1,	'通常販売',	0,	'saletype'),
(2,	'規格別販売',	1,	'saletype');

DROP TABLE IF EXISTS `mtb_sex`;
CREATE TABLE `mtb_sex` (
  `id` smallint(5) unsigned NOT NULL,
  `name` varchar(255) NOT NULL,
  `sort_no` smallint(5) unsigned NOT NULL,
  `discriminator_type` varchar(255) NOT NULL,
  PRIMARY KEY (`id`)
) ENGINE=InnoDB DEFAULT CHARSET=utf8;

INSERT INTO `mtb_sex` (`id`, `name`, `sort_no`, `discriminator_type`) VALUES
(1,	'男性',	0,	'sex'),
(2,	'女性',	1,	'sex');

DROP TABLE IF EXISTS `mtb_tax_display_type`;
CREATE TABLE `mtb_tax_display_type` (
  `id` smallint(5) unsigned NOT NULL,
  `name` varchar(255) NOT NULL,
  `sort_no` smallint(5) unsigned NOT NULL,
  `discriminator_type` varchar(255) NOT NULL,
  PRIMARY KEY (`id`)
) ENGINE=InnoDB DEFAULT CHARSET=utf8;

INSERT INTO `mtb_tax_display_type` (`id`, `name`, `sort_no`, `discriminator_type`) VALUES
(1,	'税抜',	0,	'taxdisplaytype'),
(2,	'税込',	1,	'taxdisplaytype');

DROP TABLE IF EXISTS `mtb_tax_type`;
CREATE TABLE `mtb_tax_type` (
  `id` smallint(5) unsigned NOT NULL,
  `name` varchar(255) NOT NULL,
  `sort_no` smallint(5) unsigned NOT NULL,
  `discriminator_type` varchar(255) NOT NULL,
  PRIMARY KEY (`id`)
) ENGINE=InnoDB DEFAULT CHARSET=utf8;

INSERT INTO `mtb_tax_type` (`id`, `name`, `sort_no`, `discriminator_type`) VALUES
(1,	'課税',	0,	'taxtype'),
(2,	'不課税',	1,	'taxtype'),
(3,	'非課税',	2,	'taxtype');

DROP TABLE IF EXISTS `mtb_work`;
CREATE TABLE `mtb_work` (
  `id` smallint(5) unsigned NOT NULL,
  `name` varchar(255) NOT NULL,
  `sort_no` smallint(5) unsigned NOT NULL,
  `discriminator_type` varchar(255) NOT NULL,
  PRIMARY KEY (`id`)
) ENGINE=InnoDB DEFAULT CHARSET=utf8;

INSERT INTO `mtb_work` (`id`, `name`, `sort_no`, `discriminator_type`) VALUES
(0,	'非稼働',	0,	'work'),
(1,	'稼働',	1,	'work');

DROP TABLE IF EXISTS `plg_coupon`;
CREATE TABLE `plg_coupon` (
  `coupon_id` int(10) unsigned NOT NULL AUTO_INCREMENT,
  `shop_id` int(10) unsigned NOT NULL,
  `coupon_cd` varchar(20) DEFAULT NULL,
  `coupon_type` smallint(6) DEFAULT NULL,
  `coupon_name` varchar(50) DEFAULT NULL,
  `discount_type` smallint(6) DEFAULT NULL,
  `coupon_use_time` int(11) DEFAULT NULL,
  `discount_price` decimal(12,2) unsigned DEFAULT 0.00,
  `discount_rate` decimal(10,0) unsigned DEFAULT 0,
  `enable_flag` tinyint(1) NOT NULL DEFAULT 1,
  `available_from_date` datetime NOT NULL COMMENT '(DC2Type:datetimetz)',
  `available_to_date` datetime NOT NULL COMMENT '(DC2Type:datetimetz)',
  `visible` tinyint(1) NOT NULL DEFAULT 1,
  `coupon_member` tinyint(1) NOT NULL DEFAULT 0,
  `coupon_lower_limit` decimal(12,2) unsigned DEFAULT 0.00,
  `coupon_release` int(11) NOT NULL,
  `create_date` datetime NOT NULL COMMENT '(DC2Type:datetimetz)',
  `update_date` datetime NOT NULL COMMENT '(DC2Type:datetimetz)',
  `discriminator_type` varchar(255) NOT NULL,
  PRIMARY KEY (`coupon_id`),
  UNIQUE KEY `UNIQ_755A31039C2A7D91` (`coupon_cd`),
  KEY `IDX_755A31034D16C4DD` (`shop_id`),
  CONSTRAINT `FK_755A31034D16C4DD` FOREIGN KEY (`shop_id`) REFERENCES `cmd_shop` (`id`)
) ENGINE=InnoDB DEFAULT CHARSET=utf8;

INSERT INTO `plg_coupon` (`coupon_id`, `shop_id`, `coupon_cd`, `coupon_type`, `coupon_name`, `discount_type`, `coupon_use_time`, `discount_price`, `discount_rate`, `enable_flag`, `available_from_date`, `available_to_date`, `visible`, `coupon_member`, `coupon_lower_limit`, `coupon_release`, `create_date`, `update_date`, `discriminator_type`) VALUES
(1,	24,	'9r3kcy6i7kg8',	1,	'オリンピック開催キャンペーン',	2,	200,	NULL,	5,	1,	'2021-07-14 15:00:00',	'2021-08-04 15:00:00',	1,	1,	2000.00,	200,	'2021-07-20 05:31:40',	'2021-07-20 05:33:49',	'coupon'),
(2,	40,	'bu223nooz6og',	3,	'新規開店記念',	2,	10,	NULL,	5,	1,	'2022-02-28 15:00:00',	'2022-04-29 15:00:00',	1,	0,	NULL,	10,	'2022-03-02 06:32:23',	'2022-03-02 06:32:23',	'coupon'),
(3,	43,	'eg3pav7x434s',	1,	'5%off クーポン',	2,	10,	NULL,	5,	1,	'2022-03-30 15:00:00',	'2022-04-26 15:00:00',	0,	0,	3000.00,	10,	'2022-03-31 02:34:51',	'2022-03-31 06:01:34',	'coupon'),
(4,	19,	'2wvlsn3fo5og',	3,	'5%off クーポン',	2,	12,	NULL,	5,	1,	'2022-03-30 15:00:00',	'2022-04-29 15:00:00',	1,	0,	3000.00,	12,	'2022-03-31 02:40:56',	'2023-05-17 08:51:38',	'coupon'),
(5,	42,	'8f6tjjqah8g0',	1,	'GWキャンペーン',	1,	30,	650.00,	NULL,	1,	'2023-04-30 15:00:00',	'2023-05-30 15:00:00',	1,	0,	3500.00,	30,	'2023-05-17 08:26:11',	'2023-05-17 08:26:11',	'coupon'),
(6,	42,	'6iodbehr75cs',	3,	'全商品５％ OFF',	2,	10000,	NULL,	5,	1,	'2023-05-09 15:00:00',	'2023-05-19 15:00:00',	1,	0,	3000.00,	10000,	'2023-05-17 08:51:18',	'2023-05-17 08:51:18',	'coupon');

DROP TABLE IF EXISTS `plg_coupon_detail`;
CREATE TABLE `plg_coupon_detail` (
  `coupon_detail_id` int(10) unsigned NOT NULL AUTO_INCREMENT,
  `coupon_id` int(10) unsigned DEFAULT NULL,
  `product_id` int(10) unsigned DEFAULT NULL,
  `category_id` int(10) unsigned DEFAULT NULL,
  `coupon_type` smallint(6) DEFAULT NULL,
  `visible` tinyint(1) NOT NULL DEFAULT 1,
  `create_date` datetime NOT NULL COMMENT '(DC2Type:datetimetz)',
  `update_date` datetime NOT NULL COMMENT '(DC2Type:datetimetz)',
  `discriminator_type` varchar(255) NOT NULL,
  PRIMARY KEY (`coupon_detail_id`),
  KEY `IDX_7B9D14166C5951B` (`coupon_id`),
  KEY `IDX_7B9D1414584665A` (`product_id`),
  KEY `IDX_7B9D14112469DE2` (`category_id`),
  CONSTRAINT `FK_7B9D14112469DE2` FOREIGN KEY (`category_id`) REFERENCES `dtb_category` (`id`),
  CONSTRAINT `FK_7B9D1414584665A` FOREIGN KEY (`product_id`) REFERENCES `dtb_product` (`id`),
  CONSTRAINT `FK_7B9D14166C5951B` FOREIGN KEY (`coupon_id`) REFERENCES `plg_coupon` (`coupon_id`)
) ENGINE=InnoDB DEFAULT CHARSET=utf8;

INSERT INTO `plg_coupon_detail` (`coupon_detail_id`, `coupon_id`, `product_id`, `category_id`, `coupon_type`, `visible`, `create_date`, `update_date`, `discriminator_type`) VALUES
(3,	1,	6,	NULL,	1,	0,	'2021-07-20 05:33:49',	'2021-07-20 05:33:49',	'coupondetail'),
(4,	1,	10,	NULL,	1,	0,	'2021-07-20 05:33:49',	'2021-07-20 05:33:49',	'coupondetail'),
(5,	3,	41,	NULL,	1,	0,	'2022-03-31 02:34:51',	'2022-03-31 02:34:51',	'coupondetail'),
(6,	5,	45,	NULL,	1,	0,	'2023-05-17 08:26:11',	'2023-05-17 08:26:11',	'coupondetail');

DROP TABLE IF EXISTS `plg_coupon_order`;
CREATE TABLE `plg_coupon_order` (
  `coupon_order_id` int(10) unsigned NOT NULL AUTO_INCREMENT,
  `coupon_id` int(10) unsigned NOT NULL,
  `coupon_cd` varchar(20) DEFAULT NULL,
  `coupon_name` varchar(50) DEFAULT NULL,
  `user_id` int(10) unsigned DEFAULT NULL,
  `email` varchar(255) DEFAULT NULL,
  `order_id` int(10) unsigned NOT NULL,
  `pre_order_id` varchar(255) DEFAULT NULL,
  `order_date` datetime DEFAULT NULL COMMENT '(DC2Type:datetimetz)',
  `order_item_id` int(10) unsigned DEFAULT NULL,
  `discount` decimal(12,2) unsigned NOT NULL DEFAULT 0.00,
  `visible` tinyint(1) NOT NULL DEFAULT 1,
  `order_change_status` tinyint(1) NOT NULL DEFAULT 1,
  `create_date` datetime NOT NULL COMMENT '(DC2Type:datetimetz)',
  `update_date` datetime NOT NULL COMMENT '(DC2Type:datetimetz)',
  `discriminator_type` varchar(255) NOT NULL,
  PRIMARY KEY (`coupon_order_id`)
) ENGINE=InnoDB DEFAULT CHARSET=utf8;

INSERT INTO `plg_coupon_order` (`coupon_order_id`, `coupon_id`, `coupon_cd`, `coupon_name`, `user_id`, `email`, `order_id`, `pre_order_id`, `order_date`, `order_item_id`, `discount`, `visible`, `order_change_status`, `create_date`, `update_date`, `discriminator_type`) VALUES
(2,	1,	'9r3kcy6i7kg8',	'オリンピック開催キャンペーン',	8,	NULL,	83,	'85402c4a81af447991a9f15f691b83c38f0fee7f',	NULL,	NULL,	11000.00,	1,	0,	'2021-07-28 06:39:36',	'2021-07-28 06:39:36',	'couponorder'),
(4,	4,	'2wvlsn3fo5og',	'5%off クーポン',	13,	NULL,	96,	'cb46592f501dedec42c8d5d20817e7c66601194e',	NULL,	NULL,	5500.00,	1,	0,	'2022-03-31 02:41:31',	'2022-03-31 02:41:31',	'couponorder'),
(5,	5,	'8f6tjjqah8g0',	'GWキャンペーン',	8,	NULL,	119,	'd492c77f9ceb0e2f0815bd452d449ae19a2ccc46',	NULL,	NULL,	650.00,	1,	0,	'2023-05-17 08:32:56',	'2023-05-17 08:32:56',	'couponorder');

DROP TABLE IF EXISTS `plg_customerrank_dtb_config`;
CREATE TABLE `plg_customerrank_dtb_config` (
  `name` varchar(255) NOT NULL,
  `value` varchar(255) DEFAULT NULL,
  `discriminator_type` varchar(255) NOT NULL,
  PRIMARY KEY (`name`)
) ENGINE=InnoDB DEFAULT CHARSET=utf8;

INSERT INTO `plg_customerrank_dtb_config` (`name`, `value`, `discriminator_type`) VALUES
('login_disp',	'1',	'customerrankconfig'),
('rank_down',	'0',	'customerrankconfig'),
('term',	'99',	'customerrankconfig'),
('term_start',	'0',	'customerrankconfig');

DROP TABLE IF EXISTS `plg_customerrank_dtb_config_status`;
CREATE TABLE `plg_customerrank_dtb_config_status` (
  `id` int(10) unsigned NOT NULL AUTO_INCREMENT,
  `status_id` smallint(5) unsigned DEFAULT NULL,
  `discriminator_type` varchar(255) NOT NULL,
  PRIMARY KEY (`id`),
  KEY `IDX_684D4EF16BF700BD` (`status_id`),
  CONSTRAINT `FK_684D4EF16BF700BD` FOREIGN KEY (`status_id`) REFERENCES `mtb_order_status` (`id`)
) ENGINE=InnoDB DEFAULT CHARSET=utf8;

INSERT INTO `plg_customerrank_dtb_config_status` (`id`, `status_id`, `discriminator_type`) VALUES
(2,	6,	'configstatus');

DROP TABLE IF EXISTS `plg_customerrank_dtb_customer_price`;
CREATE TABLE `plg_customerrank_dtb_customer_price` (
  `id` int(10) unsigned NOT NULL AUTO_INCREMENT,
  `customer_rank_id` int(10) unsigned DEFAULT NULL,
  `product_class_id` int(10) unsigned DEFAULT NULL,
  `price` decimal(12,2) unsigned DEFAULT NULL,
  `discriminator_type` varchar(255) NOT NULL,
  PRIMARY KEY (`id`),
  KEY `IDX_AF4946FC6ACBC331` (`customer_rank_id`),
  KEY `IDX_AF4946FC21B06187` (`product_class_id`),
  CONSTRAINT `FK_AF4946FC21B06187` FOREIGN KEY (`product_class_id`) REFERENCES `dtb_product_class` (`id`),
  CONSTRAINT `FK_AF4946FC6ACBC331` FOREIGN KEY (`customer_rank_id`) REFERENCES `plg_customerrank_dtb_customer_rank` (`id`)
) ENGINE=InnoDB DEFAULT CHARSET=utf8;

INSERT INTO `plg_customerrank_dtb_customer_price` (`id`, `customer_rank_id`, `product_class_id`, `price`, `discriminator_type`) VALUES
(1,	2,	26,	NULL,	'customerprice'),
(2,	1,	26,	NULL,	'customerprice'),
(3,	2,	51,	NULL,	'customerprice'),
(4,	1,	51,	NULL,	'customerprice'),
(5,	2,	27,	NULL,	'customerprice'),
(6,	1,	27,	NULL,	'customerprice'),
(7,	2,	15,	NULL,	'customerprice'),
(8,	1,	15,	NULL,	'customerprice'),
(9,	2,	81,	900.00,	'customerprice'),
(10,	1,	81,	900.00,	'customerprice'),
(11,	2,	82,	900.00,	'customerprice'),
(12,	1,	82,	900.00,	'customerprice'),
(13,	2,	83,	900.00,	'customerprice'),
(14,	1,	83,	900.00,	'customerprice'),
(15,	2,	84,	900.00,	'customerprice'),
(16,	1,	84,	900.00,	'customerprice'),
(17,	2,	85,	900.00,	'customerprice'),
(18,	1,	85,	900.00,	'customerprice'),
(19,	2,	86,	900.00,	'customerprice'),
(20,	1,	86,	900.00,	'customerprice'),
(21,	2,	87,	900.00,	'customerprice'),
(22,	1,	87,	900.00,	'customerprice'),
(23,	2,	88,	900.00,	'customerprice'),
(24,	1,	88,	900.00,	'customerprice'),
(25,	2,	89,	900.00,	'customerprice'),
(26,	1,	89,	900.00,	'customerprice'),
(27,	2,	90,	900.00,	'customerprice'),
(28,	1,	90,	900.00,	'customerprice'),
(29,	2,	91,	900.00,	'customerprice'),
(30,	1,	91,	900.00,	'customerprice'),
(31,	2,	92,	900.00,	'customerprice'),
(32,	1,	92,	900.00,	'customerprice'),
(33,	2,	93,	900.00,	'customerprice'),
(34,	1,	93,	900.00,	'customerprice'),
(35,	2,	94,	900.00,	'customerprice'),
(36,	1,	94,	900.00,	'customerprice'),
(37,	2,	95,	900.00,	'customerprice'),
(38,	1,	95,	900.00,	'customerprice'),
(39,	2,	96,	900.00,	'customerprice'),
(40,	1,	96,	900.00,	'customerprice'),
(41,	2,	97,	900.00,	'customerprice'),
(42,	1,	97,	900.00,	'customerprice'),
(43,	2,	98,	900.00,	'customerprice'),
(44,	1,	98,	900.00,	'customerprice'),
(45,	2,	99,	900.00,	'customerprice'),
(46,	1,	99,	900.00,	'customerprice'),
(47,	2,	100,	900.00,	'customerprice'),
(48,	1,	100,	900.00,	'customerprice'),
(49,	2,	101,	900.00,	'customerprice'),
(50,	1,	101,	900.00,	'customerprice'),
(51,	2,	102,	900.00,	'customerprice'),
(52,	1,	102,	900.00,	'customerprice'),
(53,	2,	103,	900.00,	'customerprice'),
(54,	1,	103,	900.00,	'customerprice'),
(55,	2,	104,	900.00,	'customerprice'),
(56,	1,	104,	900.00,	'customerprice'),
(57,	2,	105,	900.00,	'customerprice'),
(58,	1,	105,	900.00,	'customerprice'),
(59,	2,	24,	NULL,	'customerprice'),
(60,	1,	24,	NULL,	'customerprice'),
(61,	2,	16,	NULL,	'customerprice'),
(62,	1,	16,	NULL,	'customerprice'),
(63,	2,	34,	NULL,	'customerprice'),
(64,	1,	34,	NULL,	'customerprice'),
(65,	2,	33,	NULL,	'customerprice'),
(66,	1,	33,	NULL,	'customerprice'),
(67,	2,	35,	NULL,	'customerprice'),
(68,	1,	35,	NULL,	'customerprice'),
(69,	2,	36,	NULL,	'customerprice'),
(70,	1,	36,	NULL,	'customerprice'),
(71,	2,	38,	NULL,	'customerprice'),
(72,	1,	38,	NULL,	'customerprice'),
(73,	2,	37,	NULL,	'customerprice'),
(74,	1,	37,	NULL,	'customerprice'),
(75,	2,	39,	NULL,	'customerprice'),
(76,	1,	39,	NULL,	'customerprice'),
(77,	2,	40,	NULL,	'customerprice'),
(78,	1,	40,	NULL,	'customerprice'),
(79,	2,	42,	NULL,	'customerprice'),
(80,	1,	42,	NULL,	'customerprice'),
(81,	2,	41,	NULL,	'customerprice'),
(82,	1,	41,	NULL,	'customerprice'),
(83,	2,	43,	NULL,	'customerprice'),
(84,	1,	43,	NULL,	'customerprice'),
(85,	2,	44,	NULL,	'customerprice'),
(86,	1,	44,	NULL,	'customerprice'),
(87,	2,	106,	3300.00,	'customerprice'),
(88,	1,	106,	3200.00,	'customerprice'),
(89,	2,	107,	250.00,	'customerprice'),
(90,	1,	107,	270.00,	'customerprice'),
(91,	2,	108,	NULL,	'customerprice'),
(92,	1,	108,	NULL,	'customerprice'),
(93,	2,	12,	5000.00,	'customerprice'),
(94,	1,	12,	300.00,	'customerprice'),
(95,	2,	109,	NULL,	'customerprice'),
(96,	1,	109,	NULL,	'customerprice'),
(97,	2,	110,	NULL,	'customerprice'),
(98,	1,	110,	NULL,	'customerprice'),
(99,	2,	111,	NULL,	'customerprice'),
(100,	1,	111,	NULL,	'customerprice'),
(101,	2,	112,	NULL,	'customerprice'),
(102,	1,	112,	NULL,	'customerprice'),
(103,	2,	113,	NULL,	'customerprice'),
(104,	1,	113,	NULL,	'customerprice'),
(105,	2,	114,	NULL,	'customerprice'),
(106,	1,	114,	NULL,	'customerprice'),
(107,	2,	115,	NULL,	'customerprice'),
(108,	1,	115,	NULL,	'customerprice'),
(109,	2,	116,	NULL,	'customerprice'),
(110,	1,	116,	NULL,	'customerprice'),
(111,	2,	117,	NULL,	'customerprice'),
(112,	1,	117,	NULL,	'customerprice'),
(113,	2,	118,	NULL,	'customerprice'),
(114,	1,	118,	NULL,	'customerprice'),
(115,	2,	119,	NULL,	'customerprice'),
(116,	1,	119,	NULL,	'customerprice'),
(117,	2,	120,	NULL,	'customerprice'),
(118,	1,	120,	NULL,	'customerprice'),
(119,	2,	121,	NULL,	'customerprice'),
(120,	1,	121,	NULL,	'customerprice'),
(121,	2,	122,	NULL,	'customerprice'),
(122,	1,	122,	NULL,	'customerprice'),
(123,	2,	123,	NULL,	'customerprice'),
(124,	1,	123,	NULL,	'customerprice'),
(125,	2,	124,	NULL,	'customerprice'),
(126,	1,	124,	NULL,	'customerprice'),
(127,	2,	125,	NULL,	'customerprice'),
(128,	1,	125,	NULL,	'customerprice'),
(129,	2,	126,	NULL,	'customerprice'),
(130,	1,	126,	NULL,	'customerprice'),
(131,	2,	127,	NULL,	'customerprice'),
(132,	1,	127,	NULL,	'customerprice'),
(133,	2,	128,	NULL,	'customerprice'),
(134,	1,	128,	NULL,	'customerprice'),
(135,	2,	129,	NULL,	'customerprice'),
(136,	1,	129,	NULL,	'customerprice'),
(137,	2,	131,	NULL,	'customerprice'),
(138,	1,	131,	NULL,	'customerprice');

DROP TABLE IF EXISTS `plg_customerrank_dtb_customer_rank`;
CREATE TABLE `plg_customerrank_dtb_customer_rank` (
  `id` int(10) unsigned NOT NULL AUTO_INCREMENT,
  `name` varchar(255) NOT NULL,
  `discount_rate` int(11) DEFAULT NULL,
  `discount_value` decimal(12,2) unsigned DEFAULT NULL,
  `point_rate` int(11) DEFAULT NULL,
  `delivery_free_condition` decimal(12,2) unsigned DEFAULT NULL,
  `cond_amount` decimal(12,2) unsigned DEFAULT NULL,
  `cond_buytimes` int(11) DEFAULT NULL,
  `initial_flg` tinyint(1) DEFAULT NULL,
  `fixed_flg` tinyint(1) DEFAULT NULL,
  `priority` int(11) NOT NULL,
  `create_date` datetime NOT NULL COMMENT '(DC2Type:datetimetz)',
  `update_date` datetime NOT NULL COMMENT '(DC2Type:datetimetz)',
  `discriminator_type` varchar(255) NOT NULL,
  PRIMARY KEY (`id`)
) ENGINE=InnoDB DEFAULT CHARSET=utf8;

INSERT INTO `plg_customerrank_dtb_customer_rank` (`id`, `name`, `discount_rate`, `discount_value`, `point_rate`, `delivery_free_condition`, `cond_amount`, `cond_buytimes`, `initial_flg`, `fixed_flg`, `priority`, `create_date`, `update_date`, `discriminator_type`) VALUES
(1,	'Silver',	2,	0.00,	5,	3000.00,	10000.00,	10,	0,	0,	1,	'2021-06-25 08:38:45',	'2022-01-18 04:32:50',	'customerrank'),
(2,	'Gold',	5,	NULL,	10,	1000.00,	20000.00,	30,	0,	0,	2,	'2021-06-25 08:39:01',	'2022-01-18 04:33:49',	'customerrank');

DROP TABLE IF EXISTS `plg_customer_ban`;
CREATE TABLE `plg_customer_ban` (
  `id` int(10) unsigned NOT NULL AUTO_INCREMENT,
  `customer_id` int(10) unsigned DEFAULT NULL,
  `create_date` datetime NOT NULL COMMENT '(DC2Type:datetimetz)',
  PRIMARY KEY (`id`),
  UNIQUE KEY `UNIQ_A5249B9A9395C3F3` (`customer_id`),
  CONSTRAINT `FK_A5249B9A9395C3F3` FOREIGN KEY (`customer_id`) REFERENCES `dtb_customer` (`id`)
) ENGINE=InnoDB DEFAULT CHARSET=utf8;


DROP TABLE IF EXISTS `plg_product_review`;
CREATE TABLE `plg_product_review` (
  `id` int(10) unsigned NOT NULL AUTO_INCREMENT,
  `sex_id` smallint(5) unsigned DEFAULT NULL,
  `product_id` int(10) unsigned DEFAULT NULL,
  `customer_id` int(10) unsigned DEFAULT NULL,
  `status_id` smallint(5) unsigned DEFAULT NULL,
  `purchased_status_id` smallint(5) unsigned DEFAULT NULL,
  `reviewer_name` varchar(255) NOT NULL,
  `reviewer_url` longtext DEFAULT NULL,
  `title` varchar(50) NOT NULL,
  `comment` longtext NOT NULL,
  `recommend_level` smallint(6) NOT NULL,
  `create_date` datetime NOT NULL COMMENT '(DC2Type:datetimetz)',
  `update_date` datetime NOT NULL COMMENT '(DC2Type:datetimetz)',
  `upvote_count` int(10) unsigned DEFAULT 0,
  `downvote_count` int(10) unsigned DEFAULT 0,
  `shop_id` int(10) unsigned DEFAULT NULL,
  PRIMARY KEY (`id`),
  KEY `IDX_9CA38FA25A2DB2A0` (`sex_id`),
  KEY `IDX_9CA38FA24584665A` (`product_id`),
  KEY `IDX_9CA38FA29395C3F3` (`customer_id`),
  KEY `IDX_9CA38FA26BF700BD` (`status_id`),
  KEY `IDX_9CA38FA221133A32` (`purchased_status_id`),
  KEY `IDX_9CA38FA24D16C4DD` (`shop_id`),
  CONSTRAINT `FK_9CA38FA221133A32` FOREIGN KEY (`purchased_status_id`) REFERENCES `plg_product_review_purchased_status` (`id`),
  CONSTRAINT `FK_9CA38FA24584665A` FOREIGN KEY (`product_id`) REFERENCES `dtb_product` (`id`),
  CONSTRAINT `FK_9CA38FA24D16C4DD` FOREIGN KEY (`shop_id`) REFERENCES `cmd_shop` (`id`),
  CONSTRAINT `FK_9CA38FA25A2DB2A0` FOREIGN KEY (`sex_id`) REFERENCES `mtb_sex` (`id`),
  CONSTRAINT `FK_9CA38FA26BF700BD` FOREIGN KEY (`status_id`) REFERENCES `plg_product_review_status` (`id`),
  CONSTRAINT `FK_9CA38FA29395C3F3` FOREIGN KEY (`customer_id`) REFERENCES `dtb_customer` (`id`)
) ENGINE=InnoDB DEFAULT CHARSET=utf8;

INSERT INTO `plg_product_review` (`id`, `sex_id`, `product_id`, `customer_id`, `status_id`, `purchased_status_id`, `reviewer_name`, `reviewer_url`, `title`, `comment`, `recommend_level`, `create_date`, `update_date`, `upvote_count`, `downvote_count`, `shop_id`) VALUES
(1,	1,	4,	NULL,	1,	1,	'Namae',	NULL,	'ok',	'good',	4,	'2021-03-03 16:21:58',	'2021-04-08 09:27:33',	0,	1,	NULL),
(2,	1,	4,	NULL,	1,	1,	'aaaa',	NULL,	'aaa',	'gggg',	4,	'2021-04-07 05:54:28',	'2021-04-08 09:22:23',	1,	0,	22),
(3,	1,	4,	2,	1,	2,	'匿名ａｂｘ',	'https://www.google.co.jp/',	'テスト用のパンの味',	'おいしくいただきました。\r\nもう少しやすくなればなおよい',	2,	'2021-04-08 09:25:45',	'2021-04-08 09:27:11',	0,	1,	22),
(4,	1,	3,	NULL,	2,	1,	'テスト',	NULL,	'テストレビュー',	'とてもいい商品でした。とても美味しかったです',	5,	'2022-03-30 05:05:31',	'2022-03-30 07:54:54',	1,	0,	19),
(5,	NULL,	45,	NULL,	1,	1,	'テストマン',	NULL,	'中々の',	'金額が安くなっていたので、購入しました。 練習場に行きましたが、曲がりが少ないです。 もう少し練習が必要ですが、いいクラブです。',	4,	'2023-05-16 07:58:00',	'2023-05-16 09:02:47',	0,	0,	42),
(6,	NULL,	45,	NULL,	1,	1,	'やっぱりさん',	NULL,	'普通かな',	'打感は好かった、トータルは普通',	3,	'2023-05-16 09:04:30',	'2023-05-16 09:05:14',	0,	0,	42);

DROP TABLE IF EXISTS `plg_product_review_config`;
CREATE TABLE `plg_product_review_config` (
  `id` int(10) unsigned NOT NULL AUTO_INCREMENT,
  `csv_type_id` smallint(5) unsigned DEFAULT NULL,
  `review_max` smallint(5) unsigned DEFAULT 5,
  `create_date` datetime NOT NULL COMMENT '(DC2Type:datetimetz)',
  `update_date` datetime NOT NULL COMMENT '(DC2Type:datetimetz)',
  PRIMARY KEY (`id`),
  KEY `IDX_D27A17EFE8507796` (`csv_type_id`),
  CONSTRAINT `FK_D27A17EFE8507796` FOREIGN KEY (`csv_type_id`) REFERENCES `mtb_csv_type` (`id`)
) ENGINE=InnoDB DEFAULT CHARSET=utf8;

INSERT INTO `plg_product_review_config` (`id`, `csv_type_id`, `review_max`, `create_date`, `update_date`) VALUES
(1,	6,	5,	'2021-03-03 16:07:52',	'2021-03-03 16:07:52');

DROP TABLE IF EXISTS `plg_product_review_purchased_status`;
CREATE TABLE `plg_product_review_purchased_status` (
  `id` smallint(5) unsigned NOT NULL,
  `name` varchar(255) NOT NULL,
  `sort_no` smallint(5) unsigned NOT NULL,
  PRIMARY KEY (`id`)
) ENGINE=InnoDB DEFAULT CHARSET=utf8;

INSERT INTO `plg_product_review_purchased_status` (`id`, `name`, `sort_no`) VALUES
(1,	'購入前',	1),
(2,	'購入確認済み',	2);

DROP TABLE IF EXISTS `plg_product_review_status`;
CREATE TABLE `plg_product_review_status` (
  `id` smallint(5) unsigned NOT NULL,
  `name` varchar(255) NOT NULL,
  `sort_no` smallint(5) unsigned NOT NULL,
  PRIMARY KEY (`id`)
) ENGINE=InnoDB DEFAULT CHARSET=utf8;

INSERT INTO `plg_product_review_status` (`id`, `name`, `sort_no`) VALUES
(1,	'公開',	1),
(2,	'非公開',	2);

DROP TABLE IF EXISTS `plg_product_review_vote`;
CREATE TABLE `plg_product_review_vote` (
  `customer_id` int(10) unsigned NOT NULL,
  `product_review_id` int(10) unsigned NOT NULL,
  `vote_type_id` smallint(5) unsigned NOT NULL,
  `create_date` datetime NOT NULL COMMENT '(DC2Type:datetimetz)',
  PRIMARY KEY (`customer_id`,`product_review_id`,`vote_type_id`),
  KEY `IDX_BE22B9CB9395C3F3` (`customer_id`),
  KEY `IDX_BE22B9CB508E2016` (`product_review_id`),
  KEY `IDX_BE22B9CB4EFED30B` (`vote_type_id`),
  CONSTRAINT `FK_BE22B9CB4EFED30B` FOREIGN KEY (`vote_type_id`) REFERENCES `plg_product_review_vote_type` (`id`),
  CONSTRAINT `FK_BE22B9CB508E2016` FOREIGN KEY (`product_review_id`) REFERENCES `plg_product_review` (`id`),
  CONSTRAINT `FK_BE22B9CB9395C3F3` FOREIGN KEY (`customer_id`) REFERENCES `dtb_customer` (`id`)
) ENGINE=InnoDB DEFAULT CHARSET=utf8;

INSERT INTO `plg_product_review_vote` (`customer_id`, `product_review_id`, `vote_type_id`, `create_date`) VALUES
(2,	1,	2,	'2021-04-08 09:27:33'),
(2,	2,	1,	'2021-04-08 09:22:23'),
(2,	3,	2,	'2021-04-08 09:27:11'),
(13,	4,	1,	'2022-03-30 07:49:29');

DROP TABLE IF EXISTS `plg_product_review_vote_type`;
CREATE TABLE `plg_product_review_vote_type` (
  `id` smallint(5) unsigned NOT NULL,
  `name` varchar(255) NOT NULL,
  `sort_no` smallint(5) unsigned NOT NULL,
  PRIMARY KEY (`id`)
) ENGINE=InnoDB DEFAULT CHARSET=utf8;

INSERT INTO `plg_product_review_vote_type` (`id`, `name`, `sort_no`) VALUES
(1,	'役に立った',	1),
(2,	'役に立たなかった',	2);

DROP TABLE IF EXISTS `plg_remise_payment4_config`;
CREATE TABLE `plg_remise_payment4_config` (
  `id` int(10) unsigned NOT NULL AUTO_INCREMENT,
  `code` varchar(255) NOT NULL,
  `name` varchar(255) NOT NULL,
  `info` varchar(1024) DEFAULT NULL,
  `create_date` datetime NOT NULL COMMENT '(DC2Type:datetimetz)',
  `update_date` datetime NOT NULL COMMENT '(DC2Type:datetimetz)',
  PRIMARY KEY (`id`)
) ENGINE=InnoDB DEFAULT CHARSET=utf8;


DROP TABLE IF EXISTS `plg_remise_payment4_order_result`;
CREATE TABLE `plg_remise_payment4_order_result` (
  `id` int(10) unsigned NOT NULL,
  `kind` varchar(2) NOT NULL,
  `payment_id` int(10) unsigned NOT NULL,
  `payment_total` decimal(12,2) unsigned NOT NULL DEFAULT 0.00,
  `request_date` datetime DEFAULT NULL COMMENT '(DC2Type:datetimetz)',
  `complete_date` datetime DEFAULT NULL COMMENT '(DC2Type:datetimetz)',
  `create_date` datetime NOT NULL COMMENT '(DC2Type:datetimetz)',
  `update_date` datetime NOT NULL COMMENT '(DC2Type:datetimetz)',
  PRIMARY KEY (`id`)
) ENGINE=InnoDB DEFAULT CHARSET=utf8;


DROP TABLE IF EXISTS `plg_remise_payment4_order_result_card`;
CREATE TABLE `plg_remise_payment4_order_result_card` (
  `id` int(10) unsigned NOT NULL,
  `state` int(10) unsigned NOT NULL DEFAULT 0,
  `job` varchar(10) DEFAULT NULL,
  `use_payquick_id` varchar(20) DEFAULT NULL,
  `tranid` varchar(28) DEFAULT NULL,
  `r_code` varchar(6) DEFAULT NULL,
  `payquick_id` varchar(20) DEFAULT NULL,
  `card_parts` varchar(11) DEFAULT NULL,
  `expire` varchar(4) DEFAULT NULL,
  `name` varchar(30) DEFAULT NULL,
  `card_brand` varchar(20) DEFAULT NULL,
  `member_id` varchar(14) DEFAULT NULL,
  `ac_total` decimal(12,2) unsigned DEFAULT 0.00,
  `ac_next_date` datetime DEFAULT NULL COMMENT '(DC2Type:datetimetz)',
  `ac_interval` varchar(4) DEFAULT NULL,
  `prev_tranid` varchar(28) DEFAULT NULL,
  `prev_payment_total` decimal(12,2) unsigned NOT NULL DEFAULT 0.00,
  `result_date` datetime DEFAULT NULL COMMENT '(DC2Type:datetimetz)',
  `sales_date` datetime DEFAULT NULL COMMENT '(DC2Type:datetimetz)',
  `cancel_date` datetime DEFAULT NULL COMMENT '(DC2Type:datetimetz)',
  `create_date` datetime NOT NULL COMMENT '(DC2Type:datetimetz)',
  `update_date` datetime NOT NULL COMMENT '(DC2Type:datetimetz)',
  PRIMARY KEY (`id`)
) ENGINE=InnoDB DEFAULT CHARSET=utf8;


DROP TABLE IF EXISTS `plg_remise_payment4_order_result_cvs`;
CREATE TABLE `plg_remise_payment4_order_result_cvs` (
  `id` int(10) unsigned NOT NULL,
  `jobid` varchar(17) DEFAULT NULL,
  `r_code` varchar(6) DEFAULT NULL,
  `pay_way` varchar(3) DEFAULT NULL,
  `pay_csv` varchar(4) DEFAULT NULL,
  `pay_no1` varchar(20) DEFAULT NULL,
  `pay_no2` varchar(500) DEFAULT NULL,
  `rec_cvscode` varchar(6) DEFAULT NULL,
  `rec_cvsname` varchar(50) DEFAULT NULL,
  `rec_scode` varchar(8) DEFAULT NULL,
  `pay_date` datetime DEFAULT NULL COMMENT '(DC2Type:datetimetz)',
  `rec_date` datetime DEFAULT NULL COMMENT '(DC2Type:datetimetz)',
  `cen_date` datetime DEFAULT NULL COMMENT '(DC2Type:datetimetz)',
  `receipt_date` datetime DEFAULT NULL COMMENT '(DC2Type:datetimetz)',
  `create_date` datetime NOT NULL COMMENT '(DC2Type:datetimetz)',
  `update_date` datetime NOT NULL COMMENT '(DC2Type:datetimetz)',
  PRIMARY KEY (`id`)
) ENGINE=InnoDB DEFAULT CHARSET=utf8;


DROP TABLE IF EXISTS `plg_remise_payment4_payquick`;
CREATE TABLE `plg_remise_payment4_payquick` (
  `id` int(10) unsigned NOT NULL AUTO_INCREMENT,
  `customer_id` int(10) unsigned NOT NULL,
  `payquick_id` varchar(20) DEFAULT NULL,
  `card_parts` varchar(11) DEFAULT NULL,
  `expire` varchar(4) DEFAULT NULL,
  `name` varchar(30) DEFAULT NULL,
  `card_brand` varchar(20) DEFAULT NULL,
  `pre_payquick_id` varchar(20) DEFAULT NULL,
  `pre_card_parts` varchar(11) DEFAULT NULL,
  `pre_expire` varchar(4) DEFAULT NULL,
  `pre_name` varchar(30) DEFAULT NULL,
  `pre_card_brand` varchar(20) DEFAULT NULL,
  `create_date` datetime NOT NULL COMMENT '(DC2Type:datetimetz)',
  `update_date` datetime NOT NULL COMMENT '(DC2Type:datetimetz)',
  PRIMARY KEY (`id`)
) ENGINE=InnoDB DEFAULT CHARSET=utf8;


DROP TABLE IF EXISTS `plg_remise_payment4_remise_ac_import`;
CREATE TABLE `plg_remise_payment4_remise_ac_import` (
  `id` int(10) unsigned NOT NULL AUTO_INCREMENT,
  `success_cnt` int(10) unsigned DEFAULT NULL,
  `success_amount` bigint(20) unsigned DEFAULT NULL,
  `fail_cnt` int(10) unsigned DEFAULT NULL,
  `fail_amount` bigint(20) unsigned DEFAULT NULL,
  `total_cnt` int(10) unsigned DEFAULT NULL,
  `total_amount` bigint(20) unsigned DEFAULT NULL,
  `exec_date` datetime NOT NULL COMMENT '(DC2Type:datetimetz)',
  `import_flg` int(10) unsigned DEFAULT NULL,
  `import_cnt` int(10) unsigned DEFAULT NULL,
  `import_date` datetime DEFAULT NULL COMMENT '(DC2Type:datetimetz)',
  `create_date` datetime NOT NULL COMMENT '(DC2Type:datetimetz)',
  `update_date` datetime NOT NULL COMMENT '(DC2Type:datetimetz)',
  PRIMARY KEY (`id`)
) ENGINE=InnoDB DEFAULT CHARSET=utf8;


DROP TABLE IF EXISTS `plg_remise_payment4_remise_ac_import_stack`;
CREATE TABLE `plg_remise_payment4_remise_ac_import_stack` (
  `id` int(10) unsigned NOT NULL AUTO_INCREMENT,
  `import_date` datetime DEFAULT NULL COMMENT '(DC2Type:datetimetz)',
  `start_num` int(11) NOT NULL,
  `end_num` int(11) NOT NULL,
  `exec_flg` int(11) NOT NULL,
  `complete_flg` int(11) NOT NULL,
  `create_date` datetime NOT NULL COMMENT '(DC2Type:datetimetz)',
  `update_date` datetime NOT NULL COMMENT '(DC2Type:datetimetz)',
  PRIMARY KEY (`id`)
) ENGINE=InnoDB DEFAULT CHARSET=utf8;


DROP TABLE IF EXISTS `plg_remise_payment4_remise_ac_import_stack_result`;
CREATE TABLE `plg_remise_payment4_remise_ac_import_stack_result` (
  `id` int(10) unsigned NOT NULL AUTO_INCREMENT,
  `import_date` datetime DEFAULT NULL COMMENT '(DC2Type:datetimetz)',
  `r_code` varchar(255) NOT NULL,
  `member_id` varchar(255) NOT NULL,
  `s_kaiin_no` varchar(255) NOT NULL,
  `ac_name` varchar(255) NOT NULL,
  `ac_kana` varchar(255) NOT NULL,
  `ac_tel` varchar(255) NOT NULL,
  `ac_mail` varchar(255) NOT NULL,
  `ac_amount` int(11) NOT NULL,
  `ac_result` varchar(255) NOT NULL,
  `tranid` varchar(255) NOT NULL,
  `errcode` varchar(255) NOT NULL,
  `errinfo` varchar(255) NOT NULL,
  `ac_next_date` varchar(255) NOT NULL,
  `card` varchar(255) NOT NULL,
  `expire` varchar(255) NOT NULL,
  `note` varchar(255) NOT NULL,
  `status` varchar(255) NOT NULL,
  `order_id` varchar(255) NOT NULL,
  `order_no` varchar(255) NOT NULL,
  PRIMARY KEY (`id`)
) ENGINE=InnoDB DEFAULT CHARSET=utf8;


DROP TABLE IF EXISTS `plg_remise_payment4_remise_ac_member`;
CREATE TABLE `plg_remise_payment4_remise_ac_member` (
  `id` varchar(14) NOT NULL,
  `total` int(10) unsigned NOT NULL,
  `count` int(10) unsigned DEFAULT NULL,
  `limitless` tinyint(1) NOT NULL,
  `interval_value` int(10) unsigned NOT NULL,
  `interval_mark` varchar(255) NOT NULL,
  `day_of_month` int(10) unsigned DEFAULT NULL,
  `after_value` int(10) unsigned NOT NULL,
  `after_mark` varchar(255) NOT NULL,
  `skip` smallint(5) unsigned NOT NULL,
  `stop` smallint(5) unsigned NOT NULL,
  `usage_value` int(10) unsigned DEFAULT NULL,
  `usage_mark` varchar(255) DEFAULT NULL,
  `cardparts` varchar(255) DEFAULT NULL,
  `expire` varchar(255) DEFAULT NULL,
  `next_date` datetime DEFAULT NULL COMMENT '(DC2Type:datetimetz)',
  `status` tinyint(1) NOT NULL DEFAULT 1,
  `skipped` tinyint(1) DEFAULT NULL,
  `skipped_date` datetime DEFAULT NULL COMMENT '(DC2Type:datetimetz)',
  `skipped_next_date` datetime DEFAULT NULL COMMENT '(DC2Type:datetimetz)',
  `start_date` datetime DEFAULT NULL COMMENT '(DC2Type:datetimetz)',
  `stop_date` datetime DEFAULT NULL COMMENT '(DC2Type:datetimetz)',
  `note` varchar(16383) DEFAULT NULL,
  `create_date` datetime NOT NULL COMMENT '(DC2Type:datetimetz)',
  `update_date` datetime NOT NULL COMMENT '(DC2Type:datetimetz)',
  PRIMARY KEY (`id`)
) ENGINE=InnoDB DEFAULT CHARSET=utf8;


DROP TABLE IF EXISTS `plg_remise_payment4_remise_ac_result`;
CREATE TABLE `plg_remise_payment4_remise_ac_result` (
  `id` int(10) unsigned NOT NULL,
  `result` int(10) unsigned NOT NULL,
  `charge_date` datetime NOT NULL COMMENT '(DC2Type:datetimetz)',
  `create_date` datetime NOT NULL COMMENT '(DC2Type:datetimetz)',
  `update_date` datetime NOT NULL COMMENT '(DC2Type:datetimetz)',
  PRIMARY KEY (`id`)
) ENGINE=InnoDB DEFAULT CHARSET=utf8;


DROP TABLE IF EXISTS `plg_remise_payment4_remise_ac_type`;
CREATE TABLE `plg_remise_payment4_remise_ac_type` (
  `id` int(10) unsigned NOT NULL AUTO_INCREMENT,
  `name` varchar(255) NOT NULL,
  `count` int(10) unsigned DEFAULT NULL,
  `limitless` tinyint(1) NOT NULL DEFAULT 1,
  `interval_value` int(10) unsigned NOT NULL,
  `interval_mark` varchar(255) NOT NULL,
  `day_of_month` int(10) unsigned DEFAULT NULL,
  `after_value` int(10) unsigned NOT NULL,
  `after_mark` varchar(255) NOT NULL,
  `skip` smallint(5) unsigned NOT NULL,
  `stop` smallint(5) unsigned NOT NULL,
  `usage_value` int(10) unsigned DEFAULT NULL,
  `usage_mark` varchar(255) DEFAULT NULL,
  `sort_no` smallint(5) unsigned DEFAULT NULL,
  `visible` tinyint(1) NOT NULL DEFAULT 1,
  `create_date` datetime NOT NULL COMMENT '(DC2Type:datetimetz)',
  `update_date` datetime NOT NULL COMMENT '(DC2Type:datetimetz)',
  PRIMARY KEY (`id`)
) ENGINE=InnoDB DEFAULT CHARSET=utf8;


DROP TABLE IF EXISTS `plg_remise_payment4_remise_csv_type`;
CREATE TABLE `plg_remise_payment4_remise_csv_type` (
  `id` smallint(5) unsigned NOT NULL,
  `name` varchar(255) NOT NULL,
  `csv_type` smallint(5) unsigned NOT NULL,
  `create_date` datetime NOT NULL COMMENT '(DC2Type:datetimetz)',
  `update_date` datetime NOT NULL COMMENT '(DC2Type:datetimetz)',
  PRIMARY KEY (`id`)
) ENGINE=InnoDB DEFAULT CHARSET=utf8;


DROP TABLE IF EXISTS `plg_remise_payment4_remise_mail_template`;
CREATE TABLE `plg_remise_payment4_remise_mail_template` (
  `id` int(10) unsigned NOT NULL,
  `kind` varchar(2) NOT NULL,
  `create_date` datetime NOT NULL COMMENT '(DC2Type:datetimetz)',
  `update_date` datetime NOT NULL COMMENT '(DC2Type:datetimetz)',
  PRIMARY KEY (`id`)
) ENGINE=InnoDB DEFAULT CHARSET=utf8;


DROP TABLE IF EXISTS `plg_remise_payment4_remise_payment`;
CREATE TABLE `plg_remise_payment4_remise_payment` (
  `id` int(10) unsigned NOT NULL,
  `kind` varchar(2) NOT NULL,
  `create_date` datetime NOT NULL COMMENT '(DC2Type:datetimetz)',
  `update_date` datetime NOT NULL COMMENT '(DC2Type:datetimetz)',
  PRIMARY KEY (`id`)
) ENGINE=InnoDB DEFAULT CHARSET=utf8;


DROP TABLE IF EXISTS `plg_remise_payment4_remise_sale_type`;
CREATE TABLE `plg_remise_payment4_remise_sale_type` (
  `id` smallint(5) unsigned NOT NULL,
  `name` varchar(255) NOT NULL,
  `sale_type` smallint(5) unsigned NOT NULL,
  `create_date` datetime NOT NULL COMMENT '(DC2Type:datetimetz)',
  `update_date` datetime NOT NULL COMMENT '(DC2Type:datetimetz)',
  PRIMARY KEY (`id`)
) ENGINE=InnoDB DEFAULT CHARSET=utf8;


DROP TABLE IF EXISTS `plg_remise_payment4_remise_tax_rate`;
CREATE TABLE `plg_remise_payment4_remise_tax_rate` (
  `id` int(10) unsigned NOT NULL AUTO_INCREMENT,
  `tax_rate` int(10) unsigned NOT NULL,
  `calc_rule` int(10) unsigned NOT NULL,
  `apply_date` datetime NOT NULL COMMENT '(DC2Type:datetimetz)',
  `create_date` datetime NOT NULL COMMENT '(DC2Type:datetimetz)',
  `update_date` datetime NOT NULL COMMENT '(DC2Type:datetimetz)',
  PRIMARY KEY (`id`)
) ENGINE=InnoDB DEFAULT CHARSET=utf8;


-- 2023-07-19 02:19:47
